effect_id,doi_o,ref_o,description,discipline,disc_cat,n_o,r_o,n_r,r_r,gap,gap_band,tags,in_A0,thin_metadata,sim_round1_uncalibrated,sim_round1,sim_round2,audit_tier,simulable_final,sim_needs_review,narr_round1,narr_round1_reason,narr_round2,narr_round2_reason,narrative_disagreement,exclusion_reason,sim_round1_provenance,narrative_final,sim_admission,narrative_manual_adjudication_needed,narr_opus,opus_reason,agree3,narr_gpt,gpt_reason,narr_consensus,narr_votes,narr_nrounds
1360,10.1002/smj.2585,"McCann, B. T., & Bahl, M. (2016). The influence of competition from informal firms on new product development. Strategic Management Journal, 38(7), 1518–1535. Portico. https://doi.org/10.1002/smj.2585",influence of competition from informal firms on new product development,Management,other,9522.0,0.06,9266.0,0.07,-0.01,low,informal competition; new product develop-ment; attention-based view; emerging economies; compet-itive strategy,False,False,NOT_SIMULABLE,SIMULABLE,,B_calibrated_only,True,False,obscure,A niche management effect with near-identical original and replication effect sizes attracts little attention in either literature or public discourse.,obscure,"Niche management-strategy finding with tiny effect size, unlikely to be widely known enough to carry any replication narrative.",False,,calibrated full-pool rerun,obscure,confirmed,False,obscure,"A niche SMJ informal-competition/NPD result with modest citations in strategy and development-economics papers; absent from textbooks, teaching material, and popular press, so no framing dominates.",unanimous,obscure,This specialized strategic-management finding has little broad popular or textbook visibility and no widely known replication-failure narrative.,obscure,4,4
1355,10.1016/j.jesp.2012.11.012,"Zarkadi, T., & Schnall, S. (2013). “Black and White” thinking: Visual contrast polarizes moral judgment. Journal of Experimental Social Psychology, 49(3), 355–359. https://doi.org/10.1016/j.jesp.2012.11.012","Black-and-white priming, priming of a black-and-white visual pattern polarizes moral judgment",Social Psychology,social,111.0,0.2645751311064591,8602.0,0.0316227766016837,0.2329523545047753,mid,"Moral judgment, Morality, Embodiment, Metaphor, Visual contrast, Black and white",False,False,NOT_SIMULABLE,SIMULABLE,,B_calibrated_only,True,False,obscure,"This niche embodied-cognition finding never gained wide traction, and its failed replication is known only within specialist literature.",obscure,This is a niche embodied-cognition priming effect too specific and minor to have entered common discourse either way.,False,,calibrated full-pool rerun,obscure,confirmed,False,obscure,"Zarkadi & Schnall's black-and-white priming effect is barely cited outside Many Labs 2 tables; no textbook, popular, or applied narrative sustains either framing.",unanimous,obscure,"This specific visual-contrast moral-judgment priming effect is rarely discussed in broad scientific or popular accounts, and neither the original result nor any replication outcome has become a widely recognized narrative.",obscure,4,3
864,10.1037/0022-3514.95.2.293,"Risen, J. L., & Gilovich, T. (2008). Why people are reluctant to tempt fate. Journal of Personality and Social Psychology, 95(2), 293–307. https://doi.org/10.1037/0022-3514.95.2.293",Reluctance to tempt fate,Psychology,psych_general,120.0,0.1913950514033555,8000.0,0.0896376994958905,0.101757351907465,mid,"tempt fate, magical thinking, accessibility, negativity",False,False,SIMULABLE,SIMULABLE,SIMULABLE,A_dual_confirmed,True,False,obscure,A niche magical-thinking effect; neither the original nor its weaker replication has broad recognition outside specialist judgment-and-decision-making circles.,obscure,Niche magical-thinking effect lacking broad recognition; neither its finding nor its replication failure is widely known.,False,,calibrated full-pool rerun,obscure,confirmed,False,obscure,"Tempting-fate work appears mainly in niche superstition/magical-thinking reviews and Many Labs 2 tables; it has little textbook, popular-press, or applied presence in either framing.",unanimous,original_dominates,"The effect is still generally presented as evidence that people avoid actions or statements perceived as “tempting fate,” with no widely prominent replication-failure narrative displacing the original account.",obscure,3,4
852,10.1093/analys/63.3.190,"Knobe, J. (2003). Intentional action and side effects in ordinary language. Analysis, 63(3), 190–194. https://doi.org/10.1093/analys/63.3.190",Harmful side-effects are more likely to be judged as having been brought about intentionally than helpful side effects,Psychology,psych_general,78.0,0.600556507185804,7982.0,0.658504607868518,-0.057948100682714,low,"intentional action, folk psychology, prediction, explanation, control, behaviour",False,False,SIMULABLE,SIMULABLE,SIMULABLE,A_dual_confirmed,True,False,original_dominates,Knobe effect is a textbook classic widely taught; the large confirming replication is barely known outside specialists.,original_dominates,"The Knobe effect is famous as a robust, celebrated finding; its large replication success isn't part of the common narrative.",False,,calibrated full-pool rerun,original_dominates,confirmed,False,original_dominates,"The Knobe effect replicates robustly and is affirmed in experimental-philosophy reviews, moral-psychology textbooks, SEP entries, and popular writing; debate concerns explanation, not existence.",unanimous,original_dominates,"The “Knobe effect” is widely presented as a robust asymmetry in intentionality judgments, although its explanation remains actively debated.",original_dominates,4,4
863,10.1111/j.1468-0017.2006.00297.x,"HAUSER, M., CUSHMAN, F., YOUNG, L., KANG‐XING JIN, R., & MIKHAIL, J. (2007). A Dissociation Between Moral Judgments and Justifications. Mind &amp; Language, 22(1), 1–21. Portico. https://doi.org/10.1111/j.1468-0017.2006.00297.x",an act that harms other people is seen as more morally permissible if the act is a foreseen side effect rather than the means to the greater good,Social Psychology,social,2612.0,0.1902779639793305,7923.0,0.1240347345892084,0.066243229390122,mid,"double effect, moral judgments, justifications, moral dilemma",False,False,SIMULABLE,SIMULABLE,SIMULABLE,A_dual_confirmed,True,False,contested,"Doctrine of double effect is debated in philosophy/psychology, with Many Labs-type replications cited alongside continued defenses of the original effect.",contested,"Doctrine of double effect remains actively debated in moral psychology, with researchers still contesting its robustness, scope, and underlying mechanisms.",False,,calibrated full-pool rerun,contested,confirmed,False,original_dominates,"The means/side-effect (doctrine of double effect) contrast is still taught affirmatively in moral-psychology textbooks, trolley-problem popular writing, and citing neuroethics work; it replicated, so failure framing is marginal.",majority,original_dominates,"The means-versus-foreseen-side-effect distinction remains a widely taught and replicated feature of moral judgment, commonly framed through the doctrine of double effect rather than as a failed finding.",uncertain,2,4
871,10.1016/j.obhdp.2006.10.001,"Giessner, S. R., & Schubert, T. W. (2007). High in the hierarchy: How vertical location and judgments of leaders’ power are interrelated. Organizational Behavior and Human Decision Processes, 104(1), 30–44. https://doi.org/10.1016/j.obhdp.2006.10.001",Relating vertical position with power,Judgment and Decision Making,jdm,64.0,0.2638110893282788,7890.0,0.0149983127847122,0.2488127765435666,mid,"leadership, power, person perception, embodiment, metaphor",False,False,NOT_SIMULABLE,SIMULABLE,,B_calibrated_only,True,False,contested,"Power-posture embodiment findings circulate widely in popular/textbook accounts, while replication crisis critiques actively dispute their validity in literature.",failure_dominates,"Embodied-cognition/power-posture-style metaphor effects are now emblematic of the replication crisis, especially given the huge N=7890 null result.",True,,calibrated full-pool rerun,DISAGREE,confirmed,True,obscure,This niche vertical-position/power embodiment study lives mainly in citation lists of embodied-cognition papers and Many Labs appendices; neither textbooks nor press narrate it prominently.,all_differ,original_dominates,"The association between vertical position and perceived power remains widely presented as a supported conceptual-metaphor and social-perception finding, without a prominent replication-failure narrative.",uncertain,1,4
880,10.1111/1467-9280.00334,"Rottenstreich, Y., & Hsee, C. K. (2001). Money, Kisses, and Electric Shocks: On the Affective Psychology of Risk. Psychological Science, 12(3), 185–190. https://doi.org/10.1111/1467-9280.00334",Whether to prefer an affectively attractive option (a kiss from a favorite movie star) or a financially attractive option ($50) depends on certainty,Social Psychology,social,40.0,0.3747586376266759,7218.0,-0.0399680383488715,0.3347905992778043,high,"prospect theory, affective, s-shaped, affect-rich, affect-poor, outcome",False,False,NOT_SIMULABLE,SIMULABLE,,B_calibrated_only,True,False,obscure,This niche affect-vs-money certainty effect and its large replication failure both remain largely unknown outside specialist decision-making research.,obscure,This specific affect-rich/affect-poor certainty effect study is too niche for either the finding or its replication failure to be widely known.,False,,calibrated full-pool rerun,obscure,confirmed,False,original_dominates,"Affect-vs-certainty ""kiss or $50"" result is still cited affirmatively in judgment/decision-making reviews, marketing and behavioral-economics texts; the Many Labs null remains a methodological footnote.",majority,original_dominates,"The study’s affect-rich versus affect-poor probability-insensitivity result remains commonly presented as evidence for affective influences on risk judgment, with no widely known replication-failure narrative.",uncertain,2,4
851,10.1037/0022-3514.83.5.1239,"Miyamoto, Y., & Kitayama, S. (2002). Cultural variation in correspondence bias: The critical role of attitude diagnosticity of socially constrained behavior. Journal of Personality and Social Psychology, 83(5), 1239–1248. https://doi.org/10.1037/0022-3514.83.5.1239",Correspondence bias (WEIRD samples),Psychology,psych_general,58.0,0.774154681281388,7197.0,0.673040840090995,0.101113841190393,mid,Many Labs 2,False,False,SIMULABLE,SIMULABLE,SIMULABLE,A_dual_confirmed,True,False,contested,"Many Labs 2 replicated correspondence bias fairly robustly, but debates persist about cross-cultural generalizability and WEIRD-sample limits.",original_dominates,"Correspondence bias remains taught as a robust, well-supported phenomenon; the small effect-size gap from Many Labs 2 rarely enters common discourse.",True,,calibrated full-pool rerun,DISAGREE,confirmed,True,original_dominates,"Correspondence bias/attribution error remains a staple of social-psych textbooks, ML-2 confirmed it in WEIRD samples, and the cultural-moderation nuance is discussed without casting doubt.",majority,original_dominates,"The study is still commonly cited as evidence that correspondence bias varies culturally, with no widely recognized replication-failure narrative displacing it.",original_dominates,3,4
868,10.1177/0956797611429579,"Bauer, M. A., Wilkie, J. E. B., Kim, J. K., & Bodenhausen, G. V. (2012). Cuing Consumerism. Psychological Science, 23(5), 517–523. https://doi.org/10.1177/0956797611429579",Effects of consumer cues on viewing other people as partners,Social Psychology,social,77.0,0.2561582384877227,6608.0,0.0598922907279467,0.196265947759776,mid,"consumerism, materialism, situationism, social engagement, well-being, personal values",False,False,SIMULABLE,SIMULABLE,SIMULABLE,A_dual_confirmed,True,False,obscure,"This niche Many Labs-style effect and its null replication remain known only within specialist replication/social-priming circles, not broader discourse.",obscure,"Niche materialism-cue priming study, too narrow and low-profile to have formed a widely shared default association either way.",False,,calibrated full-pool rerun,obscure,confirmed,False,obscure,"Bauer et al.'s consumerism cuing work sits in Many Labs-style replication tables and occasional materialism reviews, but appears in no textbooks, popular books, or press coverage.",unanimous,obscure,"This specific consumer-cue effect is rarely discussed in broad psychology textbooks or popular science, and no replication-failure narrative has become widely salient.",obscure,4,3
874,10.1037/a0034462,"Kay, A. C., Laurin, K., Fitzsimons, G. M., & Landau, M. J. (2014). A functional basis for structure-seeking: Exposure to structure promotes willingness to engage in motivated action. Journal of Experimental Psychology: General, 143(2), 486–491. https://doi.org/10.1037/a0034462",Structure promotes goal pursuit,Experimental Philosophy,expphil,67.0,0.2425356250363329,6506.0,-0.0099995000374968,0.232536124998836,mid,"structure seeking, pattern perception, self-regulation, goal pursuit, compensatory control",False,False,SIMULABLE,SIMULABLE,SIMULABLE,A_dual_confirmed,True,False,obscure,"A narrow social-psych finding with no broad citation or public traction, despite the large replication showing no effect.",obscure,"Niche self-regulation/compensatory-control finding, too specific and low-profile for either ""classic"" or ""famous failed replication"" status.",False,,calibrated full-pool rerun,obscure,confirmed,False,obscure,This niche JEP:General structure-seeking study has little textbook or press presence; it lives mainly as one row in Many Labs-style replication tables.,unanimous,obscure,"This specific structure-exposure effect is rarely discussed in broad psychology textbooks or popular science, and no replication failure has become a widely recognized counter-narrative.",obscure,4,4
725,10.1037/a0029288,"Caruso, E. M., Vohs, K. D., Baxter, B., & Waytz, A. (2013). Mere exposure to money increases endorsement of free-market systems and social inequality. Journal of Experimental Psychology: General, 142(2), 301–306. https://doi.org/10.1037/a0029288","The replication tested whether money priming increases system justification. It did not replicate: d = -0.02, p = .43, indicating differences from the original study.",Social Psychology,social,30.0,0.3713906763541036,6340.0,-0.0099995000374968,0.3613911763166068,high,"money, system justification, many labs, replication",False,False,SIMULABLE,SIMULABLE,SIMULABLE,A_dual_confirmed,True,False,contested,"Money priming remains cited in social psychology while Many Labs failures are widely known, keeping the effect actively debated.",obscure,"Money priming's link to system justification specifically is a niche sub-finding, overshadowed by broader priming replication debates, not independently well-known.",True,,calibrated full-pool rerun,DISAGREE,confirmed,True,failure_dominates,"Money priming is now a stock replication-crisis example: Klein et al.'s Many Labs failures, Vohs/Rohrer debates, and methods textbooks/blogs cite it mainly as a non-replication.",all_differ,obscure,Both the original money-priming claim and its null replication receive limited attention outside specialized discussions of social priming and replication.,uncertain,2,4
726,10.1016/j.jesp.2010.05.014,"Husnu, S., & Crisp, R. J. (2010). Elaboration enhances the imagined contact effect. Journal of Experimental Social Psychology, 46(6), 943–950. https://doi.org/10.1016/j.jesp.2010.05.014","The replication tested whether imagining positive contact with an outgroup increases intentions to engage in future intergroup contact. It found a small but statistically significant effect: d = .13, p < .001​ML.web.Supplement (1)",Social Psychology,social,33.0,0.3950277506594153,6335.0,0.0648631210826801,0.3301646295767352,high,"imagined contact, future intentions, many labs, replication",False,False,SIMULABLE,SIMULABLE,SIMULABLE,A_dual_confirmed,True,False,original_dominates,Imagined-contact theory remains widely cited and taught; the Many Labs shrinkage to near-zero is known mainly to replication specialists.,obscure,"Imagined contact is a niche paradigm within intergroup contact research, too specialized for either replication narrative to be widely known.",True,,calibrated full-pool rerun,DISAGREE,confirmed,True,contested,"Imagined contact remains cited affirmatively in prejudice-reduction reviews and intervention literature, while the Many Labs 1 shrunken effect is a standard replication-crisis teaching example.",all_differ,original_dominates,"Imagined contact is still broadly presented in social psychology and applied prejudice-reduction literature as a useful way to improve intergroup attitudes, despite evidence that its effects are small and may be inflated in original studies.",uncertain,2,4
678,10.1017/s1930297500001170,"Oppenheimer, D. M., & Monin, B. (2009). The retrospective gambler’s fallacy: Unlikely events, constructing the past, and multiple universes. Judgment and Decision Making, 4(5), 326–334. https://doi.org/10.1017/s1930297500001170","Results showed no significant retrospective gambler’s fallacy effect, as the data violated the normality assumption. Effect size: d = 0.02, p = .27.",Social Psychology,social,80.0,0.3261363455467632,5979.0,0.0099995000374968,0.3161368455092663,high,"retrospective gambler’s fallacy, decision-making, hindsight bias",False,False,SIMULABLE,SIMULABLE,SIMULABLE,A_dual_confirmed,True,False,obscure,This niche retrospective gambler's fallacy finding and its failed replication both attract little attention outside decision-making specialists.,obscure,Retrospective gambler's fallacy is a niche decision-making effect too peripheral for either narrative to have become a default association.,False,,calibrated full-pool rerun,obscure,confirmed,False,obscure,The retrospective gambler's fallacy paper is a low-citation JDM item absent from textbooks and press; even its Many Labs 2 null replication lives only in specialist replication tables.,unanimous,obscure,"The retrospective gambler’s fallacy is a niche finding with limited visibility in mainstream psychology textbooks and popular-science discourse, so neither the original result nor its null replication dominates public narrative.",obscure,4,4
1834,10.1037/pst0000133,"Burlingame, G. M., Whitcomb, K. E., Woodland, S. C., Olsen, J. A., Beecher, M., & Gleave, R. (2018). The effects of relationship and progress feedback in group psychotherapy using the Group Questionnaire and Outcome Questionnaire–45: A randomized clinical trial. Psychotherapy, 55(2), 116–131. https://doi.org/10.1037/pst0000133","Group therapy participants had later ""not on track"" alerts than individual therapy participants",Clinical Psychology,other,374.0,0.223225049976951,5493.0,0.1319928073136246,0.0912322426633264,mid,"group psychotherapy, progress and relationship monitoring, feedback, Group Questionnaire—GQ, OQ-45",False,False,NOT_SIMULABLE,SIMULABLE,,B_calibrated_only,True,False,obscure,This narrow feedback-monitoring finding circulates only among progress-monitoring specialists; neither the original nor replication has broader recognition.,obscure,"Niche progress-monitoring subfinding in group therapy research, too specialized for either narrative to become a common default association.",False,,calibrated full-pool rerun,obscure,confirmed,False,obscure,"This niche feedback-timing detail from a group-psychotherapy RCT appears only in specialist routine-outcome-monitoring literature; no textbook, media, or replication-failure narrative discusses it.",unanimous,obscure,"This specific comparison of feedback alerts in group versus individual therapy is not a widely circulated finding in either mainstream psychology narratives or popular science, and no prominent replication-failure narrative is associated with it.",obscure,4,4
876,10.1038/nclimate2093,"Zaval, L., Keenan, E. A., Johnson, E. J., & Weber, E. U. (2014). How warm days increase belief in global warming. Nature Climate Change, 4(2), 143–147. https://doi.org/10.1038/nclimate2093",Priming “heat” increases belief in global warming,Social Psychology,social,300.0,0.1531709544131907,4204.0,-0.0149983127847122,0.1381726416284785,mid,"climate change, global warming, judgements, belief, temperature",False,False,SIMULABLE,SIMULABLE,SIMULABLE,A_dual_confirmed,True,False,obscure,"This niche priming finding and its large null replication both circulate mainly within specialist literature, unnoticed by broader audiences.",obscure,"Too niche and low-powered originally to have entered common knowledge, unlike flagship replication-crisis cases.",False,,calibrated full-pool rerun,obscure,confirmed,False,contested,"Local-warming/attribution literature and climate-communication reviews still cite Zaval et al. affirmatively, while Many Labs 2's null is well known in replication-methods discourse and metascience teaching.",majority,original_dominates,"The study is still commonly cited as evidence that unusually warm weather can heighten concern or belief about climate change, while any replication debate is not the dominant public or textbook narrative.",uncertain,2,4
721,10.1016/0010-0285(73)90033-9,"Tversky, A., & Kahneman, D. (1973). Availability: A heuristic for judging frequency and probability. Cognitive Psychology, 5(2), 207–232. https://doi.org/10.1016/0010-0285(73)90033-9","The replication tested whether individuals overestimate the frequency or likelihood of events that are more easily retrievable from memory, demonstrating the availability heuristic. For example, participants judged more frequent exposure to names of famous people compared to less famous individuals.",Judgment and Decision Making,jdm,152.0,0.3793532811354438,3088.0,0.0449545065814817,0.3343987745539621,high,"availability heuristic, frequency judgment, probability estimation, cognitive bias, decision-making",False,False,SIMULABLE,SIMULABLE,SIMULABLE,A_dual_confirmed,True,False,original_dominates,The availability heuristic remains a textbook staple; this specific large replication failure is niche and little-known outside replication circles.,original_dominates,"Availability heuristic is a textbook Kahneman/Tversky staple; its replication weakness is niche knowledge, not the common association.",False,,calibrated full-pool rerun,original_dominates,confirmed,False,original_dominates,"Availability heuristic remains canonical in intro psych textbooks, behavioral-economics trade books, and applied risk/marketing literature; the shrunken famous-names replication is known mainly to metascience specialists.",unanimous,original_dominates,"The availability heuristic remains a canonical, widely taught account of frequency and probability judgments, while any replication-specific limitations are far less prominent in broad scientific and popular discourse.",original_dominates,4,4
722,10.1111/j.1467-9280.2006.01824.x,"Galinsky, A. D., Magee, J. C., Inesi, M. E., & Gruenfeld, D. H. (2006). Power and Perspectives Not Taken. Psychological Science, 17(12), 1068–1074. https://doi.org/10.1111/j.1467-9280.2006.01824.x",The replication tested whether individuals primed with high power are less likely to consider others' perspectives during communication tasks compared to individuals primed with low power.,Linguistics,cognitive,42.0,0.3592917377421468,2969.0,0.0149983127847122,0.3442934249574346,high,"power, perspective-taking, social cognition, communication",False,False,NOT_SIMULABLE,SIMULABLE,,B_calibrated_only,True,False,failure_dominates,This power-perspective-taking effect is widely cited in the power-posing/social-priming replication crisis as a textbook non-replication.,failure_dominates,"Power-priming perspective-taking effects are now a textbook example of the priming replication crisis, alongside social priming studies broadly.",False,,calibrated full-pool rerun,failure_dominates,confirmed,False,contested,"Power-impairs-perspective-taking still circulates affirmatively in leadership textbooks, TED-style popular writing and downstream priming work, while the Many Labs/RRR null is widely cited in replication-crisis discussions.",majority,original_dominates,"The claim that power reduces perspective taking remains widely presented in social-psychology and applied discussions, while its replication results are comparatively little known outside methodological circles.",uncertain,2,4
766,10.1073/pnas.1701916114,"Genschow, O., Rigoni, D., & Brass, M. (2017). Belief in free will affects causal attributions when judging others’ behavior. Proceedings of the National Academy of Sciences, 114(38), 10071–10076. https://doi.org/10.1073/pnas.1701916114","In six studies, we tested whether believing in free will is related to the correspondence bias—that is, people’s automatic tendency to overestimate the influence of internal as compared to external factors when interpreting others’ behavior. Overall, we demonstrate that believing in free will increases the correspondence bias and predicts prescribed punishment and reward behavior.",Social Psychology,social,504.0,0.0945741925264206,2822.0,0.068836329694423,0.0257378628319975,low,"free-will belief, interpersonal perception, correspondence bias",False,False,SIMULABLE,SIMULABLE,SIMULABLE,A_dual_confirmed,True,False,obscure,A niche free-will/correspondence-bias link with tiny effect sizes; neither the original nor its replication is widely known or discussed.,obscure,A niche free-will-belief/correspondence-bias link too small and specialized to have entered common knowledge either way.,False,,calibrated full-pool rerun,obscure,confirmed,False,obscure,"A niche free-will/attribution paper cited mainly within specialist free-will belief literature; absent from textbooks and popular press, and its small replication drew little attention.",unanimous,obscure,"This specific claim about free-will belief increasing correspondence bias is rarely discussed in mainstream psychology, popular science, or applied literature, and no replication-failure narrative is broadly prominent.",obscure,4,4
771,10.1073/pnas.1616921114,"Chao, M. (2017). Demotivating incentives and motivation crowding out in charitable giving. Proceedings of the National Academy of Sciences, 114(28), 7301–7306. https://doi.org/10.1073/pnas.1616921114",This study tests for the effect of thank-you gifts during a nonprofit’s direct-mail fund-raising campaign and finds that gifts reduced donation rates in this campaign. A complementary online experiment confirms that thank-you gifts can reduce donation rates but only when the gift is visually salient and thus more likely to occupy the donor’s attention. Nonprofits should consider their donor’s psy-chological incentives carefully,Economics,jdm,519.0,0.101473500730337,2441.0,0.0519298382559978,0.0495436624743391,low,"motivation crowding out, charitable giving, multiattribute choice, attention, saliency",False,False,SIMULABLE,SIMULABLE,SIMULABLE,A_dual_confirmed,True,False,obscure,A niche field-experiment finding on gift saliency in fundraising; neither the effect nor its weaker replication has broad recognition.,obscure,A niche mail-fundraising/saliency effect too specific and low-profile to have formed a settled default narrative either way.,False,,calibrated full-pool rerun,obscure,confirmed,False,obscure,Chao's thank-you-gift crowding-out study lives mainly in specialist charitable-giving economics citations; it has no textbook or popular-press presence and its replication is undiscussed publicly.,unanimous,obscure,"The visually salient thank-you-gift crowding-out result has not become a broadly recognized psychology narrative, and no prominent replication-failure story appears to dominate discussion of it.",obscure,4,4
706,10.1111/j.1467-9280.2009.02426.x,"Jostmann, N. B., Lakens, D., & Schubert, T. W. (2009). Weight as an Embodiment of Importance. Psychological Science, 20(9), 1169–1174. https://doi.org/10.1111/j.1467-9280.2009.02426.x",Replicated the effect of clipboard weight on perceived importance. No significant differences were observed (p = .54).,Social Psychology,social,51.0,0.282945147243684,2374.0,0.0149983127847122,0.2679468344589717,high,"weight embodiment, importance judgments, many labs 3, replication",False,False,NOT_SIMULABLE,SIMULABLE,,B_calibrated_only,True,False,failure_dominates,"Many Labs 3's large null result is widely cited as a textbook embodiment-priming replication failure, overshadowing the small original study.",obscure,"Clipboard-weight/importance embodiment is too minor a study to have a widely shared association, unlike heavier-hitters (power poses, facial feedback).",True,,calibrated full-pool rerun,DISAGREE,confirmed,True,failure_dominates,"Heavy-clipboard weight-importance is now a stock replication-crisis example in Many Labs 3, methods textbooks, embodiment critiques and blogs; affirmative citations are largely pre-2015.",majority,original_dominates,"The clipboard-weight finding remains commonly presented as a classic embodiment result, while its null replication is far less visible in mainstream scientific and popular accounts.",uncertain,2,4
765,10.1073/pnas.1620542114,"Gheorghiu, A. I., Callan, M. J., & Skylark, W. J. (2017). Facial appearance affects science communication. Proceedings of the National Academy of Sciences, 114(23), 5970–5975. https://doi.org/10.1073/pnas.1620542114","The dissemination of scientific findings to the wider public is increasingly important to public opinion and policy. We show that this process is influenced by the facial appearance of the scientist. We identify the traits that engender interest in a scientist’s work and the perception that they do high quality work, and show that these face-based impressions influence both the selection and evaluation of science news.",Social Psychology,social,408.0,0.0995037190209989,2213.0,0.0723102088031185,0.0271935102178804,low,"science communication, impression formation, social cognition",False,False,SIMULABLE,SIMULABLE,SIMULABLE,A_dual_confirmed,True,False,obscure,A niche facial-impression finding with a tiny effect size; neither the original nor its replication attracted notable citation or public attention.,obscure,Niche facial-perception-of-scientists finding with tiny effect sizes; too peripheral to have formed a strong replication narrative either way.,False,,calibrated full-pool rerun,obscure,confirmed,False,original_dominates,"Cited affirmatively in face-perception and sci-comm literature and press coverage; the replication found a similar direction, so no prominent failure narrative exists.",majority,obscure,"This specific facial-appearance effect in science communication is rarely discussed in mainstream psychology, popular science, or applied-policy literature, and no replication-failure narrative is broadly known.",obscure,3,4
1873,10.1023/a:1007744326393,"FETHERSTONHAUGH, D., SLOVIC, P., JOHNSON, S., & FRIEDRICH, J. (1997). Insensitivity to the Value of Human Life: A Study of Psychophysical Numbing. Journal of Risk and Uncertainty, 14(3), 283–300. https://doi.org/10.1023/a:1007744326393",life-saving interventions would be valued more highly when the number of lives at risk was small than when the number at risk was large.,Psychology,psych_general,162.0,0.7414562912379874,1606.0,0.4919138057920608,0.2495424854459265,mid,"CORE, Judgment, Decision Making, JDM, Heuristics, Biases",False,False,NOT_SIMULABLE,SIMULABLE,,B_calibrated_only,True,False,contested,Scope-insensitivity/proportion dominance in valuing lives is widely taught yet actively debated amid mixed replications in JDM literature.,obscure,"This specific ""value life-saving less as scale rises"" framing isn't a widely-known named effect like other classic JDM biases (e.g., scope insensitivity has more general recognition).",True,,calibrated full-pool rerun,DISAGREE,confirmed,True,original_dominates,"Psychophysical numbing/psychic numbing is still cited affirmatively in charitable-giving research, Slovic's genocide-neglect writing, and popular books like Bloom's and media coverage; replication shrinkage is little discussed.",all_differ,original_dominates,"Psychophysical numbing and diminished sensitivity to larger numbers of threatened lives remain widely presented as established components of scope neglect and the identifiable-victim literature, without a prominent replication-failure narrative.",uncertain,2,4
1294,10.1037/0033-2909.124.2.197,"DeNeve, K. M., & Cooper, H. (1998). The happy personality: A meta-analysis of 137 personality traits and subjective well-being. Psychological Bulletin, 124(2), 197–229. https://doi.org/10.1037/0033-2909.124.2.197",Subjective well-being is negatively correlated with negative emotionality.,Differential Psychology,personality,7869.0,-0.22,1559.0,-0.54,-0.32,low,"Big Five, life outcomes, metascience, personality traits, replication, open data, open materials, preregistered",False,False,SIMULABLE,SIMULABLE,SIMULABLE,A_dual_confirmed,True,False,obscure,"This is a routine, uncontested personality-correlate finding known mainly to specialists; neither version circulates widely.",obscure,A specific personality-wellbeing correlation statistic is too niche/technical to have entered common researcher lore either way.,False,,calibrated full-pool rerun,obscure,confirmed,False,original_dominates,"Personality textbooks, well-being reviews, and Big Five/SWB applied literature routinely cite neuroticism's negative link to well-being affirmatively; replication strengthened rather than challenged it.",majority,original_dominates,"The broad literature continues to treat negative emotionality (especially neuroticism) as one of the most robust negative correlates of subjective well-being, supported by many later meta-analyses and reviews.",uncertain,2,4
1292,10.1037/0022-3514.82.1.112,"McCullough, M. E., Emmons, R. A., & Tsang, J.-A. (2002). The grateful disposition: A conceptual and empirical topography. Journal of Personality and Social Psychology, 82(1), 112–127. https://doi.org/10.1037/0022-3514.82.1.112",Gratitude is positively correlated with agreeableness.,Differential Psychology,personality,1228.0,0.41,1559.0,0.54,-0.13,low,"Big Five, life outcomes, metascience, personality traits, replication, open data, open materials, preregistered",False,False,SIMULABLE,SIMULABLE,SIMULABLE,A_dual_confirmed,True,False,obscure,A narrow trait-correlation finding with a stronger replication draws little attention beyond specialist personality-psychology literature.,obscure,"A trait-correlation finding this narrow lacks the fame needed for either a ""landmark result"" or ""failed replication"" narrative to form.",False,,calibrated full-pool rerun,obscure,confirmed,False,original_dominates,"GQ-6 gratitude–agreeableness link is cited affirmatively in personality textbooks, positive-psychology reviews, and gratitude-intervention literature; replication strengthened it, so no failure narrative exists.",majority,original_dominates,"The association between dispositional gratitude and agreeableness remains broadly presented as an established personality correlate, with no prominent replication-failure narrative.",uncertain,2,4
1300,10.1207/s15327795jra0303_2,"Clancy, S. M., & Dollinger, S. J. (1993). Identity, Self, and Personality: I. Identity Status and the Five-Factor Model of Personality. Journal of Research on Adolescence, 3(3), 227–245. https://doi.org/10.1207/s15327795jra0303_2",Identity achievement is positively correlated with conscientiousness.,Differential Psychology,personality,198.0,0.3,1550.0,0.25,0.0499999999999999,low,"Big Five, life outcomes, metascience, personality traits, replication, open data, open materials, preregistered",False,False,SIMULABLE,SIMULABLE,SIMULABLE,A_dual_confirmed,True,False,obscure,A niche personality-trait correlation with a small effect gap; neither the original nor replication has broad recognition outside specialist literature.,obscure,A niche identity-status/personality correlation lacks broad recognition; neither the finding nor its replication status is widely known.,False,,calibrated full-pool rerun,obscure,confirmed,False,original_dominates,"Identity-status/Big Five reviews, meta-analyses, and adolescent-development textbooks still cite the achievement–conscientiousness link affirmatively; the effect replicated, so no failure narrative exists in public discourse.",majority,obscure,This specific identity-achievement–conscientiousness correlation is rarely discussed in broad contemporary psychology textbooks or popular science and has no prominent replication-failure narrative.,obscure,3,4
1285,10.1111/1467-6494.t01-1-00094,"MacDonald, D. A. (2000). Spirituality: Description, Measurement, and Relation to the Five Factor Model of Personality. Journal of Personality, 68(1), 153–197. Portico. https://doi.org/10.1111/1467-6494.t01-1-00094",Religious beliefs and behavior are positively correlated with conscientiousness.,Differential Psychology,personality,595.0,0.21,1550.0,0.15,0.06,mid,"Big Five, life outcomes, metascience, personality traits, replication, open data, open materials, preregistered",False,False,SIMULABLE,SIMULABLE,SIMULABLE,A_dual_confirmed,True,False,obscure,This niche personality-religiosity correlation attracts little attention; neither the original finding nor its replication is widely discussed outside specialist journals.,obscure,"A niche personality-religiosity correlation too specific and low-profile to have formed any widely shared narrative, positive or negative.",False,,calibrated full-pool rerun,obscure,confirmed,False,original_dominates,"Religiosity–conscientiousness links are routinely affirmed in personality-religion reviews, meta-analyses, and psychology-of-religion textbooks; the replication merely shrank, not overturned, the effect.",majority,original_dominates,"Broad personality and religion literature generally continues to report a small positive association between religiosity/spirituality and conscientiousness, rather than treating the result as a notable replication failure.",uncertain,2,4
1174,10.1016/j.paid.2010.07.033,"Breen, W. E., Kashdan, T. B., Lenser, M. L., & Fincham, F. D. (2010). Gratitude and forgiveness: Convergence and divergence on self-report and informant ratings. Personality and Individual Differences, 49(8), 932–937. https://doi.org/10.1016/j.paid.2010.07.033",Foregiveness is positively correlated with agreeableness.,Differential Psychology,personality,140.0,0.58,1550.0,0.57,0.01,low,"Big Five, life outcomes, metascience, personality traits, replication, open data, open materials, preregistered",False,False,SIMULABLE,SIMULABLE,SIMULABLE,A_dual_confirmed,True,False,obscure,"A trivial, near-identical replication of a routine trait correlation draws no attention outside specialist personality-psychology circles.",obscure,"A minor, unsurprising trait correlation too narrow and non-newsworthy to have formed any widely shared default association.",False,,calibrated full-pool rerun,obscure,confirmed,False,original_dominates,"Forgiveness–agreeableness links are treated as settled in personality textbooks, trait meta-analyses, and forgiveness-intervention literature; the replication closely matched, so no failure narrative exists.",majority,original_dominates,"The positive association between forgiveness and agreeableness remains a routinely reported, theoretically consistent finding in personality and forgiveness research, with no prominent replication-failure narrative.",uncertain,2,4
1207,wiebe_2004,"Wiebe, R. P. (2004). Delinquent behavior and the Five-Factor Model: Hiding in the adaptive landscape. Individual Differences Research, 2, 38-62.",Criminial behavior is negatively correlated with conscientiousness.,Differential Psychology,personality,197.0,-0.3,1550.0,-0.19,0.1099999999999999,mid,"Big Five, life outcomes, metascience, personality traits, replication, open data, open materials, preregistered",False,False,SIMULABLE,SIMULABLE,SIMULABLE,A_dual_confirmed,True,False,obscure,"This specific finding circulates only within personality-psychology specialist literature, unknown to broader science or public discourse.",original_dominates,The Big Five–crime link is textbook personality psychology; its replication attenuation isn't part of the field's common lore.,True,,calibrated full-pool rerun,DISAGREE,confirmed,True,original_dominates,"Low conscientiousness–antisocial behavior links are standard in criminology/personality textbooks, meta-analyses, and HEXACO/FFM applied work; the replication merely shrank, not overturned, the effect.",majority,original_dominates,"Low conscientiousness is still broadly presented as a reliable correlate of delinquency, antisocial behavior, and criminality, with later reviews generally supporting rather than overturning the association.",original_dominates,3,4
1184,10.1037/0022-3514.84.2.411,"Paunonen, S. V. (2003). Big Five factors of personality and replicated predictions of behavior. Journal of Personality and Social Psychology, 84(2), 411–424. https://doi.org/10.1037/0022-3514.84.2.411",Attractiveness is positively correlated with extraversion.,Differential Psychology,personality,418.0,0.24,1550.0,0.33,-0.09,low,"Big Five, life outcomes, metascience, personality traits, replication, open data, open materials, preregistered",False,False,SIMULABLE,SIMULABLE,SIMULABLE,A_dual_confirmed,True,False,obscure,A minor personality-attractiveness correlate; niche finding with no notable public or textbook presence either way.,obscure,"A narrow personality-attractiveness correlation lacks the notoriety needed for either a ""classic finding"" or ""failed replication"" reputation to form.",False,,calibrated full-pool rerun,obscure,confirmed,False,obscure,"This specific Paunonen attractiveness–extraversion link is a minor item in a methods-focused paper, absent from textbooks and popular media; only niche personality-psychology citations mention it.",unanimous,original_dominates,"Broad personality and attractiveness literature still generally presents a small positive association between physical attractiveness and extraversion, with no widely known replication-failure narrative displacing it.",obscure,3,4
1173,10.1037/0022-3514.84.4.871,"Thrash, T. M., & Elliot, A. J. (2003). Inspiration as a psychological construct. Journal of Personality and Social Psychology, 84(4), 871–889. https://doi.org/10.1037/0022-3514.84.4.871",Inspiration is positively correlated with open-mindedness.,Differential Psychology,personality,152.0,0.43,1514.0,0.35,0.08,mid,"Big Five, life outcomes, metascience, personality traits, replication, open data, open materials, preregistered",False,False,SIMULABLE,SIMULABLE,SIMULABLE,A_dual_confirmed,True,False,obscure,"A niche Big Five personality correlate with minor effect-size shrinkage, unlikely to be discussed outside specialist replication/metascience circles.",obscure,A narrow personality-trait correlation like this lacks the fame needed for either the finding or its replication status to be widely known.,False,,calibrated full-pool rerun,obscure,confirmed,False,original_dominates,"Thrash & Elliot's inspiration construct is cited affirmatively in personality/positive-psychology reviews, creativity research, and popular writing; the replication essentially confirmed it, so no failure narrative exists.",majority,original_dominates,"The positive association between inspiration and open-mindedness remains generally treated as a valid correlational result in the inspiration literature, with no prominent replication-failure narrative.",uncertain,2,4
1175,10.1111/1467-9280.00431,"Fredrickson, B. L., & Joiner, T. (2002). Positive Emotions Trigger Upward Spirals Toward Emotional Well-Being. Psychological Science, 13(2), 172–175. https://doi.org/10.1111/1467-9280.00431",Resilience is positively correlated with extraversion.,Differential Psychology,personality,138.0,0.19,1505.0,0.18,0.01,low,"Big Five, life outcomes, metascience, personality traits, replication, open data, open materials, preregistered",False,False,NOT_SIMULABLE,SIMULABLE,,B_calibrated_only,True,False,obscure,A minor trait-correlation finding with a near-identical replication attracts no notable citation or public discussion outside specialist literature.,obscure,"A minor personality-trait correlation, essentially replicating; too niche and unremarkable to have any default public association.",False,,calibrated full-pool rerun,obscure,confirmed,False,original_dominates,"Resilience–extraversion positive correlation is routinely affirmed in personality textbooks, resilience reviews, and applied/organizational literature; the replication reproduced it, so no failure narrative exists.",majority,original_dominates,"The positive association between resilience and extraversion remains broadly accepted and commonly reported in personality and resilience research, without a prominent replication-failure narrative.",uncertain,2,4
1289,10.1037/0022-3514.63.6.989,"Aspinwall, L. G., & Taylor, S. E. (1992). Modeling cognitive adaptation: A longitudinal investigation of the impact of individual differences and coping on college adjustment and performance. Journal of Personality and Social Psychology, 63(6), 989–1003. https://doi.org/10.1037/0022-3514.63.6.989",Coping is positively correlated with extraversion.,Differential Psychology,personality,672.0,0.19,1505.0,0.19,0.0,low,"Big Five, life outcomes, metascience, personality traits, replication, open data, open materials, preregistered",False,False,SIMULABLE,SIMULABLE,SIMULABLE,A_dual_confirmed,True,False,obscure,A minor trait-correlate finding with no gap between original and replication draws no attention outside specialist personality-psychology literature.,obscure,"A minor personality-correlate finding with no notable gap here is too niche to carry either a ""classic"" or ""failed"" reputation.",False,,calibrated full-pool rerun,obscure,confirmed,False,obscure,"This specific extraversion–coping correlation from Aspinwall & Taylor (1992) is cited mainly in niche coping/personality reviews and meta-analyses, with no textbook or popular presence.",unanimous,original_dominates,"The association of extraversion with more active/adaptive coping is broadly treated as an established personality-and-coping pattern, with no prominent replication-failure narrative.",obscure,3,4
1200,10.1016/j.paid.2004.08.012,"Carlo, G., Okun, M. A., Knight, G. P., & de Guzman, M. R. T. (2005). The interplay of traits and motives on volunteering: agreeableness, extraversion and prosocial value motivation. Personality and Individual Differences, 38(6), 1293–1305. https://doi.org/10.1016/j.paid.2004.08.012",Volunteerism is positively correlated with extraversion.,Differential Psychology,personality,796.0,0.14,1504.0,0.2,-0.06,low,"Big Five, life outcomes, metascience, personality traits, replication, open data, open materials, preregistered",False,False,SIMULABLE,SIMULABLE,SIMULABLE,A_dual_confirmed,True,False,obscure,A minor Big Five trait-outcome correlation like this attracts little attention in either academic or popular discourse.,obscure,A niche personality-trait correlation with no notable cultural or scientific footprint beyond specialist replication literature.,False,,calibrated full-pool rerun,obscure,confirmed,False,original_dominates,"Extraversion–volunteering links are still cited affirmatively in personality textbooks, prosociality reviews, and volunteer-management literature; the replication reinforced rather than undercut the effect.",majority,original_dominates,"Broad personality and volunteering research continues to describe extraversion as a modest positive correlate of volunteering, with no prominent replication-failure narrative.",uncertain,2,4
1181,10.1037/0022-0167.40.4.518,"Gottfredson, G. D., Jones, E. M., & Holland, J. L. (1993). Personality and vocational interests: The relation of Holland’s six interest dimensions to five robust dimensions of personality. Journal of Counseling Psychology, 40(4), 518–524. https://doi.org/10.1037/0022-0167.40.4.518",Enterprising occupational interests are positvely correlated with extraversion.,Differential Psychology,personality,725.0,0.16,1503.0,0.18,-0.0199999999999999,low,"Big Five, life outcomes, metascience, personality traits, replication, open data, open materials, preregistered",False,False,SIMULABLE,SIMULABLE,SIMULABLE,A_dual_confirmed,True,False,obscure,"A minor, well-replicated trait-interest correlation with negligible gap draws little attention outside specialist personality research.",obscure,A niche personality-interest correlation of this specificity has no widespread default association among researchers either way.,False,,calibrated full-pool rerun,obscure,confirmed,False,original_dominates,"Holland-Big Five links, especially Enterprising-Extraversion, are affirmed in vocational psychology textbooks, career-counseling manuals, RIASEC meta-analyses, and interest-inventory documentation; replication supported it.",majority,original_dominates,"The positive association between Enterprising interests and extraversion remains a standard, broadly accepted conclusion in vocational-interest and personality research, with no prominent replication-failure narrative.",uncertain,2,4
1748,10.1017/xps.2017.21,"Ihme, T. A., & Tausendpfund, M. (2017). Gender Differences in Political Knowledge: Bringing Situation Back In. Journal of Experimental Political Science, 5(1), 39–55. https://doi.org/10.1017/xps.2017.21",The activation of the stereotype does not influences the participants’ results on a political knowledge test by itself,Political Psychology,social,368.0,0.1,1502.0,0.0,0.1,mid,"Political knowledge, gender gap, stereotype threat",False,False,NOT_SIMULABLE,SIMULABLE,,B_calibrated_only,True,False,obscure,A narrow null-ish stereotype-threat/political-knowledge finding with little effect size to begin with; neither version circulates beyond specialist literature.,obscure,"This is a niche, null-leaning finding on a specific sub-effect; too peripheral for either ""landmark"" or ""famous failure"" narrative.",False,,calibrated full-pool rerun,obscure,confirmed,False,obscure,This niche JEPS stereotype-threat/political-knowledge study attracts few citations and no textbook or press coverage; neither the null claim nor its replication circulates publicly.,unanimous,obscure,"This specific 2017 experimental result on stereotype activation and political-knowledge test performance has little broad textbook, popular-science, or applied-literature visibility.",obscure,4,4
2027,10.1126/science.1222426,"Shah, A. K., Mullainathan, S., & Shafir, E. (2012). Some Consequences of Having Too Little. Science, 338(6107), 682–685. https://doi.org/10.1126/science.1222426",Scarcity leads to over-borrowing.,Judgment and Decision Making,jdm,143.0,0.4227614320345148,1439.0,0.5170111222984453,-0.0942496902639304,low,,False,False,NOT_SIMULABLE,SIMULABLE,,B_calibrated_only,True,False,original_dominates,"The effect replicated strongly (larger r in a much bigger sample), so the original scarcity-borrowing claim remains the standard, uncontested account.",obscure,This effect is not a widely recognized landmark finding; it lacks the public profile needed for either narrative to dominate.,True,,calibrated full-pool rerun,DISAGREE,confirmed,True,original_dominates,"Scarcity's over-borrowing effect replicated successfully and still circulates affirmatively in behavioral-economics textbooks, poverty-policy reviews, and popular works like Mullainathan and Shafir's ""Scarcity.""",majority,original_dominates,"Broad scientific, policy, and popular accounts still commonly present scarcity-induced tunneling as promoting short-term borrowing, while replication concerns are much less prominent in the general narrative.",original_dominates,3,3
1712,10.1037/0022-3514.94.1.116,"Shnabel, N., & Nadler, A. (2008). A needs-based model of reconciliation: Satisfying the differential emotional needs of victim and perpetrator as a key to promoting reconciliation. Journal of Personality and Social Psychology, 94(1), 116–132. https://doi.org/10.1037/0022-3514.94.1.116","After condition a message of acceptance was more effective in promoting reconciliation among perpetrators, whereas a message of empowerment was more effective in promoting reconciliation among victims",Social Psychology,social,94.0,0.2645751311064591,1376.0,0.09,0.174575131106459,mid,"Adaptation, Psychological, Adult, Analysis of Variance, Conflict (Psychology), Cooperative Behavior, Emotions, Female, Humans, Israel, Male, Models, Psychological, Negotiating, Power (Psychology), Role, Social Perception",False,False,NOT_SIMULABLE,SIMULABLE,,B_calibrated_only,True,False,obscure,A niche interaction effect from a single small study; neither the original finding nor its weak replication has broad recognition.,obscure,This narrow perpetrator/victim messaging finding is too niche to have entered common researcher lore either way.,False,,calibrated full-pool rerun,obscure,confirmed,False,original_dominates,"Needs-based reconciliation model still cited affirmatively in intergroup-conflict reviews, peacebuilding chapters and applied dialogue work; the shrunken multi-lab replication stays confined to methods-focused venues.",majority,original_dominates,"The needs-based reconciliation model is generally presented as evidence that perpetrators respond to acceptance and victims to empowerment, with no widely prominent replication-failure narrative.",uncertain,2,4
720,10.1016/s0010-0277(99)00073-6,"Boroditsky, L. (2000). Metaphoric structuring: understanding time through spatial metaphors. Cognition, 75(1), 1–28. https://doi.org/10.1016/s0010-0277(99)00073-6","The replication tested whether using spatial metaphors to describe time affects reasoning about temporal sequences. For example, participants exposed to spatial frames of reference (e.g., “ahead,” “behind”) processed temporal questions differently, supporting the idea that spatial cognition structures temporal reasoning.",Cognitive Psychology,cognitive,56.0,0.3004465733948612,1335.0,0.1289152302546209,0.1715313431402403,mid,"spatial metaphors, time perception, cognitive linguistics, temporal reasoning, embodied cognition",False,False,NOT_SIMULABLE,SIMULABLE,,B_calibrated_only,True,False,contested,"Spatial-time metaphor effects remain widely cited in embodied cognition, but debates over weak replications persist actively in the literature.",obscure,"This specific spatial-metaphor-priming finding is too narrow and low-profile for either a ""classic"" or ""famous failed replication"" reputation to have formed.",True,,calibrated full-pool rerun,DISAGREE,confirmed,True,original_dominates,"Space-time metaphor priming remains standard in cognitive linguistics textbooks, embodiment reviews, and popular science; the shrunken Many Labs-style replication is known mainly to methodologists.",all_differ,original_dominates,"Boroditsky’s finding remains widely presented in cognitive science and popular accounts as evidence that spatial metaphors structure temporal thought, while replication concerns are comparatively less prominent.",uncertain,2,4
733,10.1093/jcr/ucz022,"Savary, J., & Dhar, R. (2019). The Uncertain Self: How Self-Concept Structure Affects Subscription Choice. Journal of Consumer Research, 46(5), 887–903. https://doi.org/10.1093/jcr/ucz022",Consumers with “low self-concept clarity” should be more motivated to keep their identities stable by retaining products that are relevant to their identities,Marketing,marketing,405.0,0.1337863762524802,1283.0,-0.0349785821756186,0.0988077940768616,mid,"Self-concept clarity, subscription services, self-signaling, retention choice, self-concept structure, identity signaling",False,False,SIMULABLE,SIMULABLE,SIMULABLE,A_dual_confirmed,True,False,obscure,A niche marketing subfield finding with small effect sizes; neither the original nor its replication has broader visibility outside specialists.,obscure,Niche marketing/self-signaling finding with small original effect; too peripheral to have generated a widely-known narrative either way.,False,,calibrated full-pool rerun,obscure,confirmed,False,obscure,"A niche JCR self-concept-clarity subscription effect with modest citation traffic, absent from textbooks and press; the replication lives only in aggregate multi-study replication reports.",unanimous,obscure,"This niche consumer-behavior finding has little broad textbook, popular-science, or replication-debate visibility, so neither the original claim nor a failure narrative is widely dominant.",obscure,4,3
232,10.1145/3105726.3106182,"Edwards, S. H., Kandru, N., & Rajagopal, M. B. M. (2017). Investigating Static Analysis Errors in Student Java Programs. Proceedings of the 2017 ACM Conference on International Computing Education Research, 65–73. https://doi.org/10.1145/3105726.3106182",relationship between overall grades and all static analysis errors,Education,other,3691.0,-0.27,1270.0,-0.53,-0.26,low,"Java; Web-CAT; static analysis; Checkstyle; PMD; coding style; formatting; documentation; coding standard, replication, style checker, error messages",False,False,NOT_SIMULABLE,SIMULABLE,,B_calibrated_only,True,False,obscure,This niche CS-education correlation study and its replication have little visibility outside specialist software-engineering-education circles.,obscure,Niche software-engineering-education correlational study; too specialized to have any widespread default association among researchers.,False,,calibrated full-pool rerun,obscure,confirmed,False,obscure,"A niche computing-education ICER paper cited mainly in specialist SIGCSE/ICER work; no textbook, press, or replication-debate presence gives either framing prominence.",unanimous,obscure,This specific reported relationship between overall grades and static-analysis errors in student Java programs is a niche software-engineering education result with little broad scientific or popular discussion and no widely known replication narrative.,obscure,4,4
760,10.1073/pnas.1516868113,"John, L. K., Barasz, K., & Norton, M. I. (2016). Hiding personal information reveals the worst. Proceedings of the National Academy of Sciences, 113(4), 954–959. https://doi.org/10.1073/pnas.1516868113","Seven experiments explore people’s decisions to withhold or disclose personal information—and the wisdom of such decisions. Declining a request to disclose often makes a worse impression even than divulging unsavory personal information. Moreover, those who withhold fail to intuit this negative consequence: people withhold even when they would make a better impression by “coming clean.” In short, people should be aware not just of the risk of revealing, but the risk of hiding.",Judgment and Decision Making,jdm,142.0,0.1899761158124235,1224.0,0.0194962936194799,0.1704798221929436,mid,"disclosure, transparency, trust, policy making, privacy",False,False,NOT_SIMULABLE,SIMULABLE,,B_calibrated_only,True,False,obscure,"This is a niche JDM finding with a large gap but no evident broad citation, media coverage, or debate outside specialists.",obscure,A niche disclosure/impression-management finding with no widely-known original result or replication-failure narrative attached.,False,,calibrated full-pool rerun,obscure,confirmed,False,original_dominates,"Privacy/disclosure reviews, marketing and HR trade pieces, and HBR-style popular coverage still cite ""hiding reveals the worst"" affirmatively; the Many Labs-style null sits mainly in replication databases.",majority,original_dominates,"The finding is still generally cited in privacy, disclosure, and impression-management discussions as evidence that withholding information can prompt especially negative inferences, with no widely known replication-failure narrative.",uncertain,2,4
1188,10.1111/1467-6494.05028,"Robins, R. W., Caspi, A., & Moffitt, T. E. (2002). It’s Not Just Who You’re With, It’s Who You Are: Personality and Relationship Experiences Across Multiple Relationships. Journal of Personality, 70(6), 925–964. Portico. https://doi.org/10.1111/1467-6494.05028",Romantic abuse is positvely correlated with negative emotionality.,Differential Psychology,personality,712.0,0.25,1154.0,0.09,0.16,mid,"Big Five, life outcomes, metascience, personality traits, replication, open data, open materials, preregistered",False,False,NOT_SIMULABLE,SIMULABLE,,B_calibrated_only,True,False,obscure,"A niche personality-trait correlation like this circulates only within specialist replication/metascience literature, unnoticed elsewhere.",obscure,Too narrow and specialized a personality-outcome correlation to have entered common researcher lore either way.,False,,calibrated full-pool rerun,obscure,confirmed,False,original_dominates,"IPV and personality reviews, forensic/clinical textbooks, and downstream negative-emotionality research still cite Robins et al. affirmatively; the shrunken replication estimate draws no public or cautionary attention.",majority,obscure,"This specific Robins et al. finding is not widely discussed as a standalone canonical result, although broader research commonly links negative emotionality with adverse relationship experiences.",obscure,3,4
940,10.1111/j.1467-9280.2008.02062.x,"Alter, A. L., & Oppenheimer, D. M. (2008). Effects of Fluency on Psychological Distance and Mental Construal (or Why New York Is a Large City, but New York Is a Civilized Jungle). Psychological Science, 19(2), 161–167. https://doi.org/10.1111/j.1467-9280.2008.02062.x","Effects of fluency on psychological distance and mental construal (or why New York is a large city, but New York is a civilized jungle), primed participants (conceptually fluent participants) preferred concrete descriptions of the prime later, moreso than conceptually disfluent participants",Social Psychology,social,236.0,0.13,1146.0,0.02,0.11,mid,"Adult, Distance Perception, Environment, Female, Humans, Male, Perception, Questionnaires, Visual Perception, Сonstrual level theory, distance perception, environment, questionnaires, fluency",False,False,SIMULABLE,SIMULABLE,SIMULABLE,A_dual_confirmed,True,False,obscure,A minor fluency/construal-level study with weak effects; neither the original nor its replication is widely cited outside specialist priming literature.,obscure,"This is a niche fluency/construal-level finding, too specific and low-profile for either a ""classic finding"" or ""failed replication"" narrative to dominate.",False,,calibrated full-pool rerun,obscure,confirmed,False,obscure,This specific fluency-construal study lives mainly in niche fluency reviews and Many Labs 2 tables; neither affirmative nor cautionary framing reaches textbooks or popular discourse.,unanimous,obscure,"This specific Alter and Oppenheimer fluency–construal finding is rarely discussed in broad psychology textbooks or popular science, and no replication failure has become a widely known counter-narrative.",obscure,4,4
1920,10.1037/0022-3514.90.4.543,"Kozak, M. N., Marsh, A. A., & Wegner, D. M. (2006). What do i think you’re doing? Action identification and mind attribution. Journal of Personality and Social Psychology, 90(4), 543–555. https://doi.org/10.1037/0022-3514.90.4.543",Action identification is positively correlated with mind attribution.,Psychology,psych_general,50.0,0.3,1086.0,0.08,0.2199999999999999,mid,"CORE, Judgment, Decision Making, JDM, Heuristics, Biases, mind attribution, dehumanization, mentalizing, mind perception, theory of mind",False,False,SIMULABLE,SIMULABLE,SIMULABLE,A_dual_confirmed,True,False,obscure,"This specific finding is a niche CORE-project replication result, unknown outside specialist judgment-and-decision-making circles.",obscure,"This is a niche, low-powered finding with no cultural footprint; neither the effect nor its replication failure is widely known.",False,,calibrated full-pool rerun,obscure,confirmed,False,obscure,"Kozak et al.'s action-identification/mind-attribution link appears only in sparse mind-perception citations; absent from textbooks, popular press, and replication-crisis cautionary lists alike.",unanimous,obscure,"This specific action-identification–mind-attribution correlation is rarely discussed in mainstream psychology, popular science, or applied literature, and it has no widely known replication-failure narrative.",obscure,4,4
1940,10.1111/1467-9280.00350,"Mellers, B., Hertwig, R., & Kahneman, D. (2001). Do Frequency Representations Eliminate Conjunction Effects? An Exercise in           Adversarial Collaboration. Psychological Science, 12(4), 269–275. https://doi.org/10.1111/1467-9280.00350",The frequency estimate for the “and” conjunction phrase will be higher than the phrase describing unlikely target alone.,Psychology,psych_general,108.0,0.282945147243684,1032.0,0.237962230135701,0.0449829171079829,low,"conjunction effect, frequency estimation, Linda problem, judgment and decision making, Heuristics, Biases",False,False,NOT_SIMULABLE,SIMULABLE,,B_calibrated_only,True,False,original_dominates,"The Linda/conjunction fallacy remains a textbook staple; this large, high-powered replication is barely known outside specialist meta-science circles.",original_dominates,The Linda/conjunction fallacy is a textbook heuristics-and-biases icon; its minor effect-size shrinkage in replication is not commonly discussed.,False,,calibrated full-pool rerun,original_dominates,confirmed,False,original_dominates,"Conjunction fallacy persists as canonical in textbooks, Kahneman's Thinking Fast and Slow, and popular behavioral-economics writing; the Mellers adversarial-collaboration replication debate stays specialist.",unanimous,obscure,This specific result from the 2001 adversarial-collaboration study is rarely discussed in broad psychology or popular-science accounts and has no widely known replication-failure narrative.,original_dominates,3,4
1995,10.1126/science.1215647,"Gervais, W. M., & Norenzayan, A. (2012). Analytic Thinking Promotes Religious Disbelief. Science, 336(6080), 493–496. https://doi.org/10.1126/science.1215647",Analytic Priming,Psychology,psych_general,57.0,0.2873478855663454,952.0,0.0349785821756186,0.2523693033907268,high,,False,False,SIMULABLE,SIMULABLE,SIMULABLE,A_dual_confirmed,True,False,failure_dominates,"Analytic priming (e.g., ""CRT priming"") is now widely cited in psychology as a textbook replication-crisis failure case.",failure_dominates,"Analytic priming (e.g., ""elevated diction"" cueing analytic thinking) is a textbook social-priming replication failure widely cited post-crisis.",False,,calibrated full-pool rerun,failure_dominates,confirmed,False,failure_dominates,"The Thinker-priming study is now a stock replication-crisis example in methods teaching, meta-analyses and reviews (e.g. Sanchez et al., Many Labs-style failures), overshadowing affirmative citations.",unanimous,contested,"Although analytic thinking is still widely associated with lower religiosity, the specific claim that brief analytic primes causally increase religious disbelief has produced mixed and failed replications and is now treated cautiously.",failure_dominates,3,3
1386,10.1111/j.1467-9280.2006.01720.x,"Peters, E., Västfjäll, D., Slovic, P., Mertz, C. K., Mazzocco, K., & Dickert, S. (2006). Numeracy and Decision Making. Psychological Science, 17(5), 407–413. https://doi.org/10.1111/j.1467-9280.2006.01720.x",The less numerate show a stronger framing effect than the highly numerate.,Psychology,psych_general,100.0,0.3316624790355399,860.0,0.1,0.2316624790355399,mid,"CORE, Judgment, Decision Making, JDM, Heuristics, Biases",False,False,SIMULABLE,SIMULABLE,SIMULABLE,A_dual_confirmed,True,False,obscure,"This numeracy-framing moderation finding is a niche JDM result, largely unknown beyond specialist decision-making researchers.",obscure,This numeracy-moderated framing-effect finding is too niche in JDM literature to have a widely shared default association.,False,,calibrated full-pool rerun,obscure,confirmed,False,original_dominates,"Numeracy-moderates-framing is still cited affirmatively in health-communication and risk-literacy reviews, decision-making textbooks, and applied numeracy work; the shrunken Many Labs estimate stays a specialist footnote.",majority,original_dominates,"The broad numeracy-and-decision-making literature generally continues to present higher numeracy as associated with reduced susceptibility to framing effects, with no widely known replication-failure narrative displacing it.",uncertain,2,4
1401,10.1006/jesp.1996.1314,"Malle, B. F., & Knobe, J. (1997). The Folk Concept of Intentionality. Journal of Experimental Social Psychology, 33(2), 101–121. https://doi.org/10.1006/jesp.1996.1314",people agree substantially in their judgments of intentionality,Psychology,psych_general,104.0,0.8,835.0,0.77,0.03,low,"CORE, Judgment, Decision Making, JDM, Heuristics, Biases",False,False,SIMULABLE,SIMULABLE,SIMULABLE,A_dual_confirmed,True,False,original_dominates,"The replication closely matched the original, so no notable ""failure"" narrative exists to compete with the well-established original finding.",obscure,"A minor, non-controversial consensus finding with negligible replication gap; too peripheral to carry either a ""classic"" or ""failed"" reputation.",True,,calibrated full-pool rerun,DISAGREE,confirmed,True,original_dominates,"Malle & Knobe's folk intentionality model is cited affirmatively in theory-of-mind reviews, experimental philosophy, and moral-judgment work; the replication confirmed it, so no failure narrative exists.",majority,original_dominates,"The broad literature treats substantial lay agreement about intentionality judgments as an established feature of folk psychology, with debate focused on contextual and moral influences rather than a recognized replication failure.",original_dominates,3,4
884,10.1023/a:1008184423824,"Klink, R. R. (2000). Creating Brand Names With Meaning: The Use of Sound Symbolism. Marketing Letters, 11(1), 5–20. https://doi.org/10.1023/a:1008184423824","Products with brand names containing front vowel sounds, as opposed to back vowel sounds, are perceived as: (j) friendlier",Marketing,marketing,171.0,0.245,823.0,0.252,-0.007,low,"brand name, sound symbolism, international marketing",True,False,NOT_SIMULABLE,SIMULABLE,,A0_calibrated_mandated,True,False,obscure,"This niche sound-symbolism finding, despite replicating well, has minimal visibility beyond specialist marketing/psycholinguistics circles.",obscure,"A niche sound-symbolism marketing finding, too specific and low-profile to carry any widely shared reputation, positive or negative.",False,,"calibrated prompt, A0 anchor-calibration test batch",obscure,confirmed,False,original_dominates,"Sound symbolism in branding is cited affirmatively in marketing textbooks, phonetic-branding reviews, naming-agency blogs and downstream consumer research; the replication corroborated rather than shrank it.",majority,original_dominates,"Klink’s sound-symbolism results remain commonly presented in marketing and branding literature as evidence that vowel sounds can shape brand personality perceptions, with no widely known replication-failure narrative displacing them.",uncertain,2,4
1347,10.1177/1948550617720269,"Glikson, E., Cheshin, A., & Kleef, G. A. van. (2017). The Dark Side of a Smiley. Social Psychological and Personality Science, 9(5), 614–625. https://doi.org/10.1177/1948550617720269",Including a smiling emoticon reduced the perceived competence of the candidate.,Social Psychology,social,85.0,0.3387194682727416,823.0,0.1093404791528976,0.229378989119844,mid,"smiley, emoticon, computer-mediated communication, impression formation, warmth, competence,",False,False,SIMULABLE,SIMULABLE,SIMULABLE,A_dual_confirmed,True,False,contested,The emoticon-competence effect (Glikson et al.) is still cited in HR/CMC research while replication debates over effect size persist in the literature.,obscure,Too niche a finding to have entered general awareness beyond specialists tracking emoticon/impression-formation research.,True,,calibrated full-pool rerun,DISAGREE,confirmed,True,original_dominates,"Business press, HR/workplace-etiquette blogs and email-communication trade pieces still cite ""smileys make you look incompetent"" affirmatively; the shrunken replication lives mainly in meta-science papers.",all_differ,original_dominates,"The study is still commonly cited in research and popular workplace advice as evidence that smiley emoticons can reduce perceived professional competence, with no widely known replication-failure narrative displacing it.",uncertain,2,4
930,10.1093/jcr/ucv049,"Jiang, Y., Gorn, G. J., Galli, M., & Chattopadhyay, A. (2015). Does Your Company Have the Right Logo? How and Why Circular- and Angular-Logo Shapes Influence Brand Attribute Judgments. Journal of Consumer Research, 42(5), 709–726. https://doi.org/10.1093/jcr/ucv049",Attitude: logoshape vs control,Marketing,marketing,109.0,0.1122853879250882,823.0,0.0316227766016837,0.0806626113234044,mid,"visual marketing, brand logo design, shape, product visualization, mental imagery, working memory",False,False,SIMULABLE,SIMULABLE,SIMULABLE,A_dual_confirmed,True,False,obscure,"A niche, low-effect-size logo-shape finding with tiny original sample has no broad recognition or citation battle either way.",obscure,"A niche logo-shape marketing effect with small samples; too peripheral for either ""landmark finding"" or ""famous failure"" narratives to form.",False,,calibrated full-pool rerun,obscure,confirmed,False,original_dominates,"Circular-vs-angular logo shape effects are still cited affirmatively in branding/design textbooks, marketing reviews, and trade blogs; the multi-lab shrinkage lives mainly in specialist replication papers.",majority,original_dominates,"Marketing and branding literature generally continues to present logo-shape effects as a usable design principle, with no replication-failure narrative comparably prominent in broad discussion.",uncertain,2,3
761,10.1073/pnas.1706913114,"Hofstetter, R., Rüppell, R., & John, L. K. (2017). Temporary sharing prompts unrestrained disclosures that leave lasting negative impressions. Proceedings of the National Academy of Sciences, 114(45), 11902–11907. https://doi.org/10.1073/pnas.1706913114","Relative to traditional, offline forms of communication, there is an enhanced permanence to digital sharing. Digital disclosures can come back to haunt, making it challenging for people to manage the impressions they make upon others. Nine studies show that, paradoxically, these challenges can be exacerbated by temporary-sharing technologies. Temporary sharing reduces pri-vacy concerns, in turn increasing disclosure of potentially com-promising information (in the form of uninhibited selfies).",Judgment and Decision Making,jdm,323.0,0.1710431685516175,820.0,0.1637590605842314,0.0072841079673861,low,"disclosure, privacy, self-presentation, impression formation, social media",False,False,NOT_SIMULABLE,SIMULABLE,,B_calibrated_only,True,False,obscure,Small-effect JDM finding on ephemeral-sharing paradox has negligible replication gap and no broader recognition in either direction.,obscure,"Niche JDM finding on digital disclosure permanence; too specific and low-profile to carry any widely shared reputation, replicating or not.",False,,calibrated full-pool rerun,obscure,confirmed,False,obscure,"This Snapchat-disclosure PNAS paper is rarely cited outside niche privacy/marketing journals; it appears in no textbooks or popular coverage, and its successful replication went unnoticed.",unanimous,obscure,"This 2017 temporary-sharing disclosure effect has not become a widely retold finding in mainstream psychology, popular science, or applied communication literature, and no prominent replication-failure narrative is associated with it.",obscure,4,4
1186,10.1111/1467-6494.00102,"Watson, D., Hubbard, B., & Wiese, D. (2000). General Traits of Personality and Affectivity as Predictors of Satisfaction in Intimate Relationships: Evidence from Self‐ and Partner‐Ratings. Journal of Personality, 68(3), 413–449. Portico. https://doi.org/10.1111/1467-6494.00102",Romantic satisfaction is negatively correlated with negative emotionality.,Differential Psychology,personality,210.0,-0.32,795.0,-0.23,0.09,mid,"Big Five, life outcomes, metascience, personality traits, replication, open data, open materials, preregistered",False,False,SIMULABLE,SIMULABLE,SIMULABLE,A_dual_confirmed,True,False,obscure,A narrow personality-trait correlation with modest replication gap; neither version has broad recognition beyond specialist literature.,obscure,"This is a niche personality-trait correlation, not a famous named finding; neither its result nor replication history has entered general awareness.",False,,calibrated full-pool rerun,obscure,confirmed,False,original_dominates,"Neuroticism-dissatisfaction link is standard in personality/relationship textbooks, meta-analyses, and couples-therapy literature; the replication merely shrank it, prompting no cautionary-tale narrative.",majority,original_dominates,"The negative association between negative emotionality (especially neuroticism) and romantic relationship satisfaction remains a well-established, frequently replicated conclusion in personality and relationship science.",uncertain,2,4
1407,10.1002/(sici)1099-0771(200001/03)13:1<1::aid-bdm333>3.0.co;2-s,"Finucane, M. L., Alhakami, A., Slovic, P., & Johnson, S. M. (2000). The affect heuristic in judgments of risks and benefits. Journal of Behavioral Decision Making, 13(1), 1–17. https://doi.org/10.1002/(sici)1099-0771(200001/03)13:1<1::aid-bdm333>3.0.co;2-s",increasing benefits leads people to judge its risks as lower,Psychology,psych_general,219.0,-0.75,776.0,-0.87,-0.12,low,"CORE, Judgment, Decision Making, JDM, Heuristics, Biases",False,False,NOT_SIMULABLE,SIMULABLE,,B_calibrated_only,True,False,original_dominates,"The affect heuristic (risk-benefit inverse correlation) remains a textbook JDM finding; replication strengthened rather than weakened it, so no controversy exists.",original_dominates,"The risk-benefit inverse relationship (affect heuristic) is a well-known robust finding; replication strengthened it, so no failure narrative exists.",False,,calibrated full-pool rerun,original_dominates,confirmed,False,original_dominates,"Affect heuristic's inverse risk-benefit link is still taught in decision-making textbooks, risk-perception reviews, and popular behavioral-economics writing; the replication succeeded, so no failure narrative exists.",unanimous,original_dominates,"The inverse relationship between perceived benefits and risks remains widely presented as a core example of the affect heuristic, with no broadly recognized replication-failure narrative displacing it.",original_dominates,4,4
1959,10.1093/jcr/ucz031,"Park, H., Lalwani, A. K., & Silvera, D. H. (2019). The Impact of Resource Scarcity on Price-Quality Judgments. Journal of Consumer Research, 46(6), 1110–1124. https://doi.org/10.1093/jcr/ucz031",Scarcity decreases consumers’ tendency to use price to judge product quality.,Marketing,marketing,149.0,0.2236067977499789,773.0,0.0399680383488715,0.1836387594011073,mid,"scarcity, resource, price-quality judgments, price-quality perception, categorization, desire for abundance",False,False,SIMULABLE,SIMULABLE,SIMULABLE,A_dual_confirmed,True,False,obscure,This niche marketing finding lacks broad citation or public awareness; neither the original nor its replication has gained notable traction.,obscure,Niche marketing lab finding on scarcity and price-quality judgment; too specific to have entered general researcher awareness either way.,False,,calibrated full-pool rerun,obscure,confirmed,False,obscure,"A niche JCR scarcity/price-quality effect: few citations, no textbook or press presence, and its shrunken replication lives only in aggregate replication-project datasets.",unanimous,obscure,"This 2019 consumer-behavior finding has not become a widely repeated textbook or popular-science claim, nor is any replication failure a broadly recognized counter-narrative.",obscure,4,4
1193,10.1037/0033-2909.129.6.914,"Thoresen, C. J., Kaplan, S. A., Barsky, A. P., Warren, C. R., & de Chermont, K. (2003). The Affective Underpinnings of Job Perceptions and Attitudes: A Meta-Analytic Review and Integration. Psychological Bulletin, 129(6), 914–945. https://doi.org/10.1037/0033-2909.129.6.914",Occupational commitment is negatively correlated with negative emotionality.,Differential Psychology,personality,713.0,-0.19,748.0,-0.26,-0.07,low,"Big Five, life outcomes, metascience, personality traits, replication, open data, open materials, preregistered",False,False,SIMULABLE,SIMULABLE,SIMULABLE,A_dual_confirmed,True,False,obscure,A narrow personality-trait correlation with a stronger replication is unlikely to attract attention outside specialist literature.,obscure,"A narrow personality-trait correlation like this lacks the fame needed for either a ""classic finding"" or ""failed replication"" reputation to form.",False,,calibrated full-pool rerun,obscure,confirmed,False,obscure,"This specific negative-affectivity/occupational-commitment correlation lives only in meta-analytic tables and niche affect-at-work reviews; no textbook, press, or replication-controversy discourse features it.",unanimous,obscure,"This specific negative association is not a prominent standalone narrative in contemporary psychology or popular discussion, and no widely known replication-failure story has displaced it.",obscure,4,4
1203,10.1037/0021-9010.85.5.751,"Judge, T. A., & Bono, J. E. (2000). Five-factor model of personality and transformational leadership. Journal of Applied Psychology, 85(5), 751–765. https://doi.org/10.1037/0021-9010.85.5.751",Leadership is positively correlated with agreeableness.,Differential Psychology,personality,169.0,0.27,747.0,0.28,-0.01,low,"Big Five, life outcomes, metascience, personality traits, replication, open data, open materials, preregistered",False,False,NOT_SIMULABLE,SIMULABLE,,B_calibrated_only,True,False,obscure,A narrow personality-trait correlation with near-identical replication generates no notable narrative in either specialist or public discourse.,obscure,"This specific trait-leadership correlation is too narrow/niche a finding to carry any common cultural or field-wide ""replicated""/""failed"" narrative.",False,,calibrated full-pool rerun,obscure,confirmed,False,original_dominates,"Agreeableness–transformational leadership links still cited affirmatively in leadership textbooks, meta-analyses and applied HR/selection literature; the replication (r=0.28) corroborated rather than challenged it.",majority,original_dominates,"The literature still generally treats agreeableness as a modest positive correlate of transformational leadership, with no widely known replication failure displacing that conclusion.",uncertain,2,4
748,10.1177/0146167215610520,"Cheung, B. Y., & Heine, S. J. (2015). The Double-Edged Sword of Genetic Accounts of Criminality. Personality and Social Psychology Bulletin, 41(12), 1723–1738. https://doi.org/10.1177/0146167215610520",effect of condition on causal locus,Social Psychology,social,298.0,0.282842712474619,743.0,0.282842712474619,0.0,low,"genetic essentialism, attribution theory, legal decision making, psychological essentialism",False,False,NOT_SIMULABLE,SIMULABLE,,B_calibrated_only,True,False,obscure,"Effect sizes match exactly with no gap, and this narrow topic lacks broader scientific or public visibility either way.",obscure,"Niche, narrowly-specified effect with no gap and low profile; too peripheral to have generated either a ""classic finding"" or ""failed replication"" reputation.",False,,calibrated full-pool rerun,obscure,confirmed,False,obscure,"Cheung & Heine's genetic-attribution study lives mainly in niche genetic-essentialism citations; it appears in no textbooks or popular coverage, and its successful replication drew little attention.",unanimous,obscure,"This specific Cheung and Heine finding has limited visibility in broad psychology, popular-science, and applied narratives, with neither the original result nor any replication debate widely canonized.",obscure,4,3
1406,10.1037/a0027407,"Carter, T. J., & Gilovich, T. (2012). I am what I do, not what I have: The differential centrality of experiential and material purchases to the self. Journal of Personality and Social Psychology, 102(6), 1304–1317. https://doi.org/10.1037/a0027407",Knowledge of one’s experiential purchases is perceived as providing greater insight into one’s true self than knowledge of one’s material purchases.,Psychology,psych_general,121.0,0.1823885229561945,743.0,0.3090860723375581,-0.1266975493813635,low,"CORE, Judgment, Decision Making, JDM, Heuristics, Biases",False,False,SIMULABLE,SIMULABLE,SIMULABLE,A_dual_confirmed,True,False,obscure,A niche JDM sub-finding with no mainstream cultural or textbook traction; replication actually strengthened it but drew little notice.,obscure,"A niche experiential-vs-material purchases sub-finding within JDM literature, too specific to have formed any widely shared default association.",False,,calibrated full-pool rerun,obscure,confirmed,False,original_dominates,"Experiential-purchase superiority circulates affirmatively in happiness/consumer-behavior reviews, marketing textbooks, and popular press; the replication actually strengthened the effect, so no failure narrative exists.",majority,original_dominates,"The idea that experiential purchases are more self-defining than material purchases remains broadly presented as an established finding, with no widely recognized replication-failure narrative displacing it.",uncertain,2,4
736,10.1093/jcr/ucaa006,"VanBergen, N., Irmak, C., & Sevilla, J. (2020). Product Entitativity: How the Presence of Product Replicates Increases Perceived and Actual Product Efficacy. Journal of Consumer Research, 47(2), 192–214. https://doi.org/10.1093/jcr/ucaa006",Presenting multiple product replicates as a group (vs. presenting a single item) increases product efficacy perceptions,Marketing,marketing,87.0,0.2121320343559642,702.0,0.0499376169438922,0.162194417412072,mid,"Entitativity, product quantity, perceived efficacy",False,False,SIMULABLE,SIMULABLE,SIMULABLE,A_dual_confirmed,True,False,obscure,A niche marketing/psychology effect with small original samples; neither the finding nor its replication has broad recognition or debate.,obscure,Niche marketing/entitativity effect with small original sample; not widely known enough for either narrative to dominate.,False,,calibrated full-pool rerun,obscure,confirmed,False,obscure,"Product entitativity is a niche JCR effect with few citing papers, no textbook or press presence; the Many Labs-style shrunken replication is likewise known only to metascience specialists.",unanimous,obscure,"This 2020 consumer-behavior finding has limited broad textbook or popular-science visibility, and no widely known replication-failure narrative has displaced it.",obscure,4,4
1874,10.1037/a0025883,"Gray, K., Knobe, J., Sheskin, M., Bloom, P., & Barrett, L. F. (2011). More than a body: Mind perception and the nature of objectification. Journal of Personality and Social Psychology, 101(6), 1207–1220. https://doi.org/10.1037/a0025883",Perceived agency in Sexual Condition being lower than Clothed Condition,Psychology,psych_general,66.0,-0.282945147243684,673.0,-0.196116135138184,0.0868290121055,mid,"CORE, Judgment, Decision Making, JDM, Heuristics, Biases, morality, dehumanization, pornography, dualism, sexism",False,False,NOT_SIMULABLE,SIMULABLE,,B_calibrated_only,True,False,obscure,"This narrow objectification/dehumanization sub-finding circulates only within specialist JDM literature, with neither version broadly known elsewhere.",obscure,"A niche objectification/dehumanization sub-finding, too specific and low-profile for either ""classic finding"" or ""failed replication"" narratives to dominate.",False,,calibrated full-pool rerun,obscure,confirmed,False,original_dominates,"The mind-perception objectification effect replicated (Many Labs 2, smaller r) and is still cited affirmatively in objectification reviews, social-cognition chapters, and popular body-image writing.",majority,original_dominates,"The claim that sexualization/objectification reduces perceived agency remains widely presented as an established finding, while any replication concerns are much less prominent in broad scientific and popular accounts.",uncertain,2,4
1509,10.1075/arcl.7.07gri,"Gries, S. Th., & Wulff, S. (2009). Psycholinguistic and corpus-linguistic evidence for L2 constructions. Annual Review of Cognitive Linguistics, 7, 163–186. Portico. https://doi.org/10.1075/arcl.7.07gri","When the verb in the target is distinctive for the to-construction as opposed to the ing-construction, this hugely increases the odds of another to-construction by a factor (preterit verb in Spanish replication)",Linguistics,cognitive,94.0,0.9903771278865148,611.0,0.88,0.1103771278865148,mid,"Tense-aspect acquisition, spanish as a second language, preterit and imperfect, learner corpus research, complementation, to, V-ing, constructions, patterns, second/foreign language learning, corpora, collostructions, experiments, priming, acceptability judgments",False,False,NOT_SIMULABLE,SIMULABLE,,B_calibrated_only,True,False,obscure,This is a narrow corpus-linguistics collocation finding with no broad citation footprint or public awareness of either result.,obscure,Highly technical corpus-linguistics finding on construction priming; too niche outside specialist syntax/acquisition circles for any common narrative to form.,False,,calibrated full-pool rerun,obscure,confirmed,False,obscure,"This technical corpus/priming result lives only in specialist psycholinguistics citations; no textbook, press, or replication-debate discourse discusses it, so no framing dominates.",unanimous,obscure,"This specific L2 Spanish preterit-verb construction-priming result is a specialized psycholinguistic finding with little broad textbook, popular-science, or applied-literature visibility.",obscure,4,4
1228,10.1002/jcpy.1028,"Lee, S., Baumgartner, H., & Winterich, K. P. (2018). Did They Earn It? Observing Unearned Luxury Consumption Decreases Brand Attitude When Observers Value Fairness. Journal of Consumer Psychology, 28(3), 412–436. Portico. https://doi.org/10.1002/jcpy.1028","Unearned luxury consumption will lead to lower brand attitude than earned luxury consumption when consumers' fairness concerns are salient, but less so when fairness concerns are not salient (effect of consumption resources)",Marketing,marketing,251.0,0.170293863659264,604.0,0.1183215956619923,0.0519722679972717,mid,"moral values, fairness, luxury consumption, consumption resources, brand attitude",False,False,NOT_SIMULABLE,SIMULABLE,,B_calibrated_only,True,False,obscure,A niche marketing interaction effect with modest effect sizes; neither the original nor its replication has broad recognition beyond specialist journals.,obscure,"This is a niche interaction effect in a specific marketing study, too specific and peripheral for any broad default association to exist.",False,,calibrated full-pool rerun,obscure,confirmed,False,obscure,"A niche JCP consumer-behavior effect with few citations, absent from textbooks and press; even its successful replication lives only in aggregate replication-project datasets.",unanimous,obscure,"This narrow consumer-behavior finding has little presence in broad scientific or popular discourse, and no replication-failure narrative is widely known.",obscure,4,4
1264,10.1177/0956797615625640,"Chou, E. Y., Parmar, B. L., & Galinsky, A. D. (2016). Economic Insecurity Increases Physical Pain. Psychological Science, 27(4), 443–454. https://doi.org/10.1177/0956797615625640",Recalling an instance in which one felt economically scarce causes an increase in reported physical pain,Marketing,marketing,231.0,0.1531709544131907,603.0,0.210196709523022,-0.0570257551098313,low,"economic insecurity, pain, sense of control",False,False,SIMULABLE,SIMULABLE,SIMULABLE,A_dual_confirmed,True,False,obscure,"A niche marketing-psychology finding with a stronger, non-controversial replication; neither version has broad recognition outside specialists.",obscure,Niche marketing-psych finding on scarcity and pain; too specific and low-profile to carry any common replication narrative.,False,,calibrated full-pool rerun,obscure,confirmed,False,original_dominates,"The economic-insecurity-to-pain link is cited affirmatively in scarcity/pain reviews, marketing and health-psychology citing work, and press coverage; the successful replication reinforces rather than contests it.",majority,obscure,This specific economic-insecurity-to-physical-pain finding has not become a widely repeated canonical result or a prominent replication-failure story in broad psychology or popular-science discourse.,obscure,3,4
1419,10.1177/0022243718813544,"Jami, A. (2019). Having Control Over and Above Situations: The Influence of Elevated Viewpoints on Risk Taking. Journal of Marketing Research, 56(2), 230–244. https://doi.org/10.1177/0022243718813544","Physically elevated viewpoints lead to an illusory sense of control, which increases individuals’ risk-taking behavior.",Marketing,marketing,203.0,0.170293863659264,603.0,0.0099995000374968,0.1602943636217671,mid,"elevation, illusory control, risk taking, vertical position, viewpoint",False,False,NOT_SIMULABLE,SIMULABLE,,B_calibrated_only,True,False,obscure,A niche marketing priming effect; neither the original nor its replication has gained notable attention beyond specialist literature.,obscure,"A niche marketing priming effect too specific and low-profile for either ""classic finding"" or ""failed replication"" narrative to dominate.",False,,calibrated full-pool rerun,obscure,confirmed,False,obscure,"Jami's elevated-viewpoint risk effect appears mainly in scattered JMR-adjacent citations; it never entered textbooks or press, and its null replication lives only in specialist replication datasets.",unanimous,obscure,"This specific elevated-viewpoint-to-risk-taking effect has received little broad textbook, popular-science, or applied-literature attention, and no replication-failure narrative is widely known.",obscure,4,3
629,10.1126/science.1189993,"Ackerman, J. M., Nocera, C. C., & Bargh, J. A. (2010). Incidental Haptic Sensations Influence Social Judgments and Decisions. Science, 328(5986), 1712–1715. https://doi.org/10.1126/science.1189993",Incidental Haptic Sensations Influence Social Judgments and Decisions,Social Psychology,social,54.0,0.26111568302638,599.0,0.063,0.19811568302638,mid,"Social Science Replication Project, Science, Nature, Human Behavior",False,False,NOT_SIMULABLE,SIMULABLE,,B_calibrated_only,True,False,failure_dominates,"This ""embodied cognition"" priming effect became a textbook replication-crisis example, now mainly cited as a cautionary non-replication.",failure_dominates,"""Warmth/heavy = trustworthy"" priming study is a textbook cited replication-crisis casualty from the Social Sciences Replication Project.",False,,calibrated full-pool rerun,failure_dominates,confirmed,False,failure_dominates,"Ackerman's haptic priming is now cited mainly in replication-crisis reviews, Many Labs/RRR-style failure lists, methods teaching, and embodiment critiques rather than affirmatively.",unanimous,original_dominates,"The study remains widely presented in textbooks and popular accounts as a classic embodied-cognition demonstration, while its replication concerns are much less prominent outside methodological and replication-focused discussions.",failure_dominates,3,3
1826,10.1016/j.poetic.2015.07.001,"Black, J. E., & Barnes, J. L. (2015). The effects of reading material on social and non-social cognition. Poetics, 52, 32–43. https://doi.org/10.1016/j.poetic.2015.07.001",The effects of reading material on transportation,Cognitive Psychology,cognitive,60.0,0.3261363455467632,594.0,0.0099995000374968,0.3161368455092663,high,"Fiction , Cognitive ability , Theory of mind",False,False,SIMULABLE,SIMULABLE,SIMULABLE,A_dual_confirmed,True,False,obscure,This niche narrative-transportation effect and its replication failure are rarely discussed outside specialist cognitive psychology circles.,obscure,"Niche narrative-transportation finding, too specialized in cognitive psychology to have a widely shared default association either way.",False,,calibrated full-pool rerun,obscure,confirmed,False,obscure,Black & Barnes' transportation sub-effect is a minor result in a low-citation Poetics paper; neither affirmative nor replication-failure framing appears in textbooks or press.,unanimous,obscure,"This specific Black and Barnes finding is rarely discussed outside specialized research on narrative reading and transportation, with no widely known replication-failure narrative.",obscure,4,4
1884,10.1093/jcr/ucz028,"Huang, F., Wong, V. C., & Wan, E. W. (2019). The Influence of Product Anthropomorphism on Comparative Judgment. Journal of Consumer Research. https://doi.org/10.1093/jcr/ucz028",Consumers will be more likely to use a holistic process (vs. an attribute-by-attribute comparison) to judge anthropomorphized products.,Marketing,marketing,101.0,0.6708203932499369,584.0,0.0499376169438922,0.6208827763060447,high,"anthropomorphism, comparative judgment, absolute strategy, dimension-by-dimension strategy",False,False,SIMULABLE,SIMULABLE,SIMULABLE,A_dual_confirmed,True,False,obscure,This niche marketing/anthropomorphism finding and its replication failure are known only within specialist consumer-behavior circles.,obscure,"A niche marketing/anthropomorphism finding, too specific and low-profile for either a ""classic effect"" or ""famous failure"" narrative to have formed.",False,,calibrated full-pool rerun,obscure,confirmed,False,obscure,"A niche JCR anthropomorphism-and-holistic-processing paper: a handful of specialist marketing citations, no textbook or press presence, and the replication result circulates only inside replication-project datasets.",unanimous,obscure,"This specific product-anthropomorphism comparative-judgment finding has little broad textbook, popular-science, or replication-discourse visibility.",obscure,4,4
1747,10.1037/0096-3445.136.2.289,"Van Boven, L., & Ashworth, L. (2007). Looking forward, looking back: Anticipation is more evocative than retrospection. Journal of Experimental Psychology: General, 136(2), 289–300. https://doi.org/10.1037/0096-3445.136.2.289","Simply adopting a future or past temporal perspective, independent of people’s actual temporal relation to an emotional event, is sufficient to produce more intense emotion during anticipation than during retrospection (hypothetical future ski vacation)",Cognitive Psychology,cognitive,95.0,0.0698291276999138,564.0,-0.0049999375011718,0.064829190198742,mid,"Affective forecasting, anticipation, emotion, memory, simulation",True,False,SIMULABLE,SIMULABLE,SIMULABLE,A_dual_confirmed_A0,True,False,obscure,This narrow effect on hypothetical temporal framing shows minimal citation traction; neither the original nor its null replication is widely discussed.,obscure,"A niche, low-power finding on temporal framing of emotion; too specific and marginal to have entered common researcher lore either way.",False,,"calibrated prompt, A0 anchor-calibration test batch",obscure,confirmed,False,obscure,Van Boven & Ashworth's anticipation-evocativeness effect is a low-profile citation in affective-forecasting reviews; neither the claim nor its Many Labs-style non-replication features in textbooks or media.,unanimous,original_dominates,"The anticipation-versus-retrospection asymmetry remains commonly presented as a supported finding in work on affective forecasting and temporal emotion, with no widely known replication-failure narrative eclipsing it.",obscure,3,4
1928,10.1177/0956797614563108,"Kupor, D. M., Laurin, K., & Levav, J. (2015). Anticipating Divine Protection? Reminders of God Can Increase Nonmoral Risk Taking. Psychological Science, 26(4), 374–384. https://doi.org/10.1177/0956797614563108",Implicitly priming God using the scrambled-sentence paradigm increases self-reported risk taking,Social Psychology,social,61.0,0.2758634886606276,556.0,0.0698291276999138,0.2060343609607137,mid,"risk taking, God, religion, risk tolerance",False,False,SIMULABLE,SIMULABLE,SIMULABLE,A_dual_confirmed,True,False,obscure,"A niche priming-effect finding, mostly known within replication-crisis social psychology circles, not broader public or scientific discourse.",obscure,"Niche priming study; unlike ego-depletion or power-posing, it never entered general awareness as either finding or replication failure.",False,,calibrated full-pool rerun,obscure,confirmed,False,obscure,"Niche religious-priming result: absent from textbooks and popular press; discussed mainly in specialist priming/replication literature (e.g., Many Labs-style reports) with little wider circulation either way.",unanimous,obscure,"This specific God-priming/risk-taking finding has little visibility in contemporary textbooks, popular science, or applied psychology, regardless of any later scrutiny.",obscure,4,4
1814,10.1037/a0023527,"Bargh, J. A., & Shalev, I. (2012). The substitutability of physical and social warmth in daily life. Emotion, 12(1), 154–162. https://doi.org/10.1037/a0023527",People lacking social warmth compensate through physical warmth in the form of hot showers/baths,Social Psychology,social,51.0,0.57,553.0,0.08,0.4899999999999999,high,"unconscious, self-regulation, embodiment, warmth",True,False,NOT_SIMULABLE,SIMULABLE,,A0_calibrated_mandated,True,False,contested,"This embodied-cognition warmth finding is a textbook replication-crisis example, cited both as classic evidence and as a cautionary failure.",failure_dominates,Embodied-warmth/loneliness-showers finding is a textbook cited casualty of the social priming replication crisis.,True,,"calibrated prompt, A0 anchor-calibration test batch",DISAGREE,confirmed,True,failure_dominates,"Donnellan et al.'s failed replications made this a stock replication-crisis and embodiment-priming cautionary case in methods reviews, blogs (Data Colada-style commentary), and teaching material.",majority,original_dominates,"The hot-shower/loneliness result remains widely repeated in popular psychology and discussions of embodied cognition, while its limited replication support is much less broadly known.",uncertain,2,3
1728,10.1111/j.1467-9280.2007.01961.x,"Valdesolo, P., & DeSteno, D. (2007). Moral Hypocrisy. Psychological Science, 18(8), 689–690. https://doi.org/10.1111/j.1467-9280.2007.01961.x",Individuals perceived their own transgressions to be less objectionable than the same transgression enacted by another person (without altruists in the sample of replication study),Social Psychology,social,74.0,0.4852716953798207,540.0,0.0,0.4852716953798207,high,"Hypocrisy, Morality, Groups, Identity, Minimal groups, Partisanship",True,False,NOT_SIMULABLE,SIMULABLE,,A0_calibrated_mandated,True,False,obscure,This niche hypocrisy sub-finding and its null replication are rarely discussed outside specialist morality-judgment researchers.,obscure,Too niche a sub-finding (specific hypocrisy/moral-transgression paradigm) to have entered common lore either as landmark or as failed-replication poster child.,False,,"calibrated prompt, A0 anchor-calibration test batch",obscure,confirmed,False,obscure,"This specific two-page Valdesolo & DeSteno study is seldom named in textbooks, press, or the RRR-failure discourse; moral hypocrisy circulates generically, not via this paper.",unanimous,original_dominates,"The self-serving moral double standard described as moral hypocrisy remains widely presented as a robust, intuitive finding, while the replication qualification is not the better-known account outside specialist discussions.",obscure,3,4
1802,10.1177/0956797611432497,"Banerjee, P., Chatterjee, P., & Sinha, J. (2012). Is It Light or Dark? Recalling Moral Behavior Changes Perception of Brightness. Psychological Science, 23(4), 407–409. https://doi.org/10.1177/0956797611432497",Recalling unethical deeds darkens perceived room brightness,Psychology,psych_general,74.0,0.3047757271037837,482.0,0.024992191160203,0.2797835359435807,high,"morality, light, grounded cognition, embodiment",True,False,NOT_SIMULABLE,SIMULABLE,,A0_calibrated_mandated,True,False,failure_dominates,"This ""Macbeth effect"" study became a textbook replication-crisis cautionary tale, now cited more for its failure than original finding.",failure_dominates,"The ""Macbeth effect"" is a textbook cited example of the replication crisis in embodied-cognition/social-priming psychology.",False,,"calibrated prompt, A0 anchor-calibration test batch",failure_dominates,confirmed,False,failure_dominates,"Since the Many Labs 1 null (r≈.03), it circulates mainly in replication-crisis reviews, methods teaching, and embodiment critiques as a canonical failed-effect example.",unanimous,obscure,"This specific brightness-perception finding is rarely discussed outside narrow embodied-cognition and moral-metaphor literature, with neither the original result nor a replication failure widely dominating public or textbook accounts.",failure_dominates,3,4
1617,10.1037/pspa0000032,"Hoorens, V., & Bruckmüller, S. (2015). Less is more? Think again! A cognitive fluency-based more–less asymmetry in comparative communication. Journal of Personality and Social Psychology, 109(5), 753–766. https://doi.org/10.1037/pspa0000032",more-less asymmetry in agreement with comparative statements-male female,Social Psychology,social,320.0,0.6782329983125268,433.0,0.4819187497721559,0.1963142485403708,mid,"social comparison, framing, fluency, meta-cognition, social judgment, verbal communication",False,False,SIMULABLE,SIMULABLE,SIMULABLE,A_dual_confirmed,True,False,obscure,This niche comparative-framing effect lacks broad citation or public awareness; both original and replication remain confined to specialist literature.,obscure,This is a niche framing/fluency effect lacking the notoriety of canonical replication-crisis cases; most researchers would have no default association at all.,False,,calibrated compressed prompt (finish pass),obscure,confirmed,False,obscure,"The more–less asymmetry lives only in a thin specialist comparative-communication citation trail; it appears in no textbooks, popular press, or replication-crisis commentary.",unanimous,obscure,"This niche comparative-language effect is rarely discussed in broad psychology textbooks, popular science, or applied literature, and neither the original result nor any replication account has a widely dominant public narrative.",obscure,4,4
1085,10.3389/fpsyg.2014.01276,"Huang, J. L. (2014). Does cleanliness influence moral judgments? Response effort moderates the effect of cleanliness priming on moral judgments. Frontiers in Psychology, 5. https://doi.org/10.3389/fpsyg.2014.01276",Cleanliness condition in the low response effort group significantly influenced the moral judgements averaged across all vignettes,Social Psychology,social,218.0,-0.1434993104669943,387.0,0.0617568943169517,0.0817424161500425,mid,"Priming, moral judgment, response effort, replication, cleanliness",False,False,SIMULABLE,SIMULABLE,SIMULABLE,A_dual_confirmed,True,False,failure_dominates,"This fits the broader ""cleanliness primes moral judgment"" (Macbeth effect) literature, which is now widely cited as a replication-crisis cautionary tale.",failure_dominates,"Cleanliness/moral-judgment priming is a flagship replication-crisis example, widely known as failing to replicate in social priming research.",False,,calibrated compressed prompt (finish pass),failure_dominates,confirmed,False,obscure,"This specific Huang moderation paper is barely cited; cleanliness-priming debate lives around Schnall/Zhong-Liljenquist, not this Frontiers article, which appears mainly in replication-project datasets.",majority,obscure,"This specific response-effort moderation result is rarely discussed outside the broader, contested literature on cleanliness priming and moral judgment.",uncertain,2,4
1265,10.1086/691462,"Ward, A. F., Duke, K., Gneezy, A., & Bos, M. W. (2017). Brain Drain: The Mere Presence of One’s Own Smartphone Reduces Available Cognitive Capacity. Journal of the Association for Consumer Research, 2(2), 140–154. https://doi.org/10.1086/691462","The mere presence of one’s own smartphone may occupy limited-capacity cognitive resources, thereby leaving fewer resources available for other tasks and undercutting cognitive performance",Marketing,marketing,275.0,0.161245154965971,383.0,0.0316227766016837,0.1296223783642872,mid,"brain drain, smartphones, smartphone dependence, cognitive costs, cognitive capacity, cognitive performance",False,False,NOT_SIMULABLE,SIMULABLE,,unresolved_uncalibrated_reject,True,True,contested,"The ""brain drain"" smartphone effect remains widely cited in media/psychology while replication concerns are actively debated among researchers.",original_dominates,"The ""brain drain"" smartphone effect is widely cited as established; its weak replication is not part of common knowledge.",True,,calibrated compressed prompt (finish pass),DISAGREE,confirmed,True,original_dominates,"""Brain drain"" still circulates affirmatively in popular press, digital-wellbeing books, phone-ban policy debates, and citing marketing/education literature; replication failures stay confined to metascience circles.",majority,original_dominates,"Broad popular and applied discussions still commonly present the idea that a nearby personal smartphone drains attention or cognitive capacity as an established finding, while replication concerns are much less widely known.",original_dominates,3,4
2036,10.1016/j.obhdp.2017.01.005,"Lu, J. G., Akinola, M., & Mason, M. F. (2017). “Switching On” creativity: Task switching can increase creativity by reducing cognitive fixation. Organizational Behavior and Human Decision Processes, 139, 63–75. https://doi.org/10.1016/j.obhdp.2017.01.005",,marketing/org behavior,marketing,79.0,0.2275117824234189,364.0,0.104740431210964,0.1227713512124548,mid,,False,True,NOT_SIMULABLE,SIMULABLE,,unresolved_uncalibrated_reject,True,True,obscure,"No effect description or identifying details are provided, and generic small-N marketing findings rarely gain lasting recognition either way.",obscure,"No effect description or identifying keywords are given, so no default public association could plausibly exist.",False,,calibrated compressed prompt (finish pass),obscure,confirmed,False,original_dominates,"Task-switching-boosts-creativity still circulates affirmatively in creativity/OB reviews, business press and productivity blogs; the smaller replication effect lives mainly in specialist replication datasets.",majority,obscure,"This specific task-switching-and-creativity finding has limited visibility in broad scientific and popular discourse, with no widely recognized replication-failure narrative.",obscure,3,4
142,10.1016/j.obhdp.2018.10.004,"Fath, S., & Kay, A. C. (2018). “If hierarchical, then corrupt”: Exploring people’s tendency to associate hierarchy with corruption in organizations. Organizational Behavior and Human Decision Processes, 149, 145–164. https://doi.org/10.1016/j.obhdp.2018.10.004","""We find that people expect more corruption to manifest among the employees of relatively more hierarchical organizations""",Organizational Psychology,org,405.0,0.2049390153191919,321.0,0.282842712474619,-0.077903697155427,low,Corruption/Hierarchy/Organisational Design/Organisational Structure,False,False,SIMULABLE,SIMULABLE,SIMULABLE,A_dual_confirmed,True,False,obscure,"A niche organizational-psychology finding with a replication that actually strengthened it, drawing little attention either way.",obscure,Niche organizational psychology finding on hierarchy-corruption perceptions; too specialized to have formed a widely shared default association either way.,False,,calibrated compressed prompt (finish pass),obscure,confirmed,False,obscure,"A niche OBHDP hierarchy-corruption lay-belief paper cited mainly in specialist hierarchy/inequality literature; it replicated successfully, so no textbook, media, or failure narrative exists.",unanimous,obscure,"This specific hierarchy–corruption expectation finding has little visibility in broad psychology, management, or popular-science discourse, and no replication-failure narrative appears to have become widely known.",obscure,4,4
1092,10.1111/j.1475-4975.2007.00150.x,"LIVENGOOD, J., & MACHERY, E. (2007). The Folk Probably Don’t Think What You Think They Think: Experiments on Causation by Absence. Midwest Studies in Philosophy, 31(1), 107–127. https://doi.org/10.1111/j.1475-4975.2007.00150.x","People do deny some sentences that assert that an absence caused an event. However, people sometimes agree significantly more with sentences asserting that an event e occurred because an absence a obtained than with sentences asserting that a caused the occurrence of e.",Experimental Philosophy,expphil,95.0,0.210196709523022,272.0,0.2740859796379346,-0.0638892701149125,low,causation by absence,False,False,SIMULABLE,SIMULABLE,SIMULABLE,A_dual_confirmed,True,False,obscure,This niche experimental philosophy result on causation-by-absence attitudes has minimal citation traction beyond specialist causal cognition circles.,obscure,"A niche experimental-philosophy finding on causation-by-absence wording effects, too specialized to have entered general researcher awareness either way.",False,,calibrated compressed prompt (finish pass),obscure,confirmed,False,obscure,"A niche x-phi paper on causation by absence, cited mainly in specialist causation/metaphysics literature; absent from textbooks, popular press, and replication-crisis cautionary lore.",unanimous,obscure,This specific experimental finding about folk judgments of causation by absence remains a niche topic in experimental philosophy and causal-metaphysics literature rather than a widely circulated scientific or popular narrative.,obscure,4,4
2135,10.1093/jcr/ucx109,"Netemeyer, R. G., Warmath, D., Fernandes, D., & Lynch, J. G. (2017). How Am I Doing? Perceived Financial Well-Being, Its Potential Antecedents, and Its Relation to Overall Well-Being. Journal of Consumer Research, 45(1), 68–89. https://doi.org/10.1093/jcr/ucx109",,marketing/org behavior,marketing,106.0,0.2596034887040906,262.0,0.2177413273386129,0.0418621613654777,low,,False,True,NOT_SIMULABLE,SIMULABLE,,unresolved_uncalibrated_reject,True,True,obscure,"No identifiable effect description or keywords are provided, so no meaningful public or scientific memory can be assessed.",obscure,"No effect description or identifying keywords are given, and the small gap between similar correlations suggests no famous replication failure narrative.",False,,calibrated compressed prompt (finish pass),obscure,confirmed,False,original_dominates,"The paper circulates as a positively cited scale/measure source in financial well-being research, policy reports, and CFPB-adjacent applied work; replication shrinkage is essentially undiscussed.",majority,original_dominates,"The paper is predominantly cited as a foundational, valid account and measure of perceived financial well-being, with no broadly recognized replication-failure narrative.",uncertain,2,4
671,10.1037/a0027598,"Slepian, M. L., Masicampo, E. J., Toosi, N. R., & Ambady, N. (2012). The physical burdens of secrecy. Journal of Experimental Psychology: General, 141(4), 619–624. https://doi.org/10.1037/a0027598","the larger the secret, the steeper a hill seemed (replication sample 1)",Social Psychology,social,40.0,0.52,240.0,0.06,0.46,high,"secrets, embodiment, metaphor, perception, action",True,False,NOT_SIMULABLE,SIMULABLE,,A0_calibrated_mandated,True,False,failure_dominates,"This ""secrets are burdens"" hill-slant study is now widely cited in psychology as a textbook embodied-cognition replication failure.",failure_dominates,This embodied-cognition hill-slant effect is a textbook cited example of a famous social psychology finding that collapsed under replication.,False,,"calibrated prompt, A0 anchor-calibration test batch",failure_dominates,confirmed,False,failure_dominates,"Slepian's secrecy-hill embodiment effect is chiefly cited in replication-crisis literature (Pashler/Harris commentaries, Many Labs-style failures, methods teaching) as a canonical shrunken-effect example.",unanimous,obscure,"The specific claim that larger secrets make hills appear steeper is rarely discussed in broad psychology or popular-science accounts, which more often address secrecy's general psychological burden.",failure_dominates,3,4
100,10.1016/j.jarmac.2021.08.001,"Blank, H., Panday, A., Edwards, R., Skopicz-Radkiewicz, E., Gibson, V., & Reddy, V. (2022). Double misinformation: Effects on eyewitness remembering. Journal of Applied Research in Memory and Cognition, 11(1), 97–105. https://doi.org/10.1016/j.jarmac.2021.08.001",misinformatio aviability correlates with misinformation endorsement,Cognitive Psychology,cognitive,96.0,-0.69,229.0,-0.385,0.3049999999999999,high,"discrepancy detection, eyewitness memory, misinformation availability, misinformation effect",False,False,NOT_SIMULABLE,SIMULABLE,,unresolved_uncalibrated_reject,True,True,obscure,This narrow discrepancy-detection metric within misinformation-effect research lacks broad recognition beyond specialist eyewitness-memory literature.,obscure,"This is a narrow, low-profile parameter within misinformation-effect research, too peripheral to have generated either a famous-finding or famous-failure reputation.",False,,calibrated compressed prompt (finish pass),obscure,confirmed,False,obscure,"This specific 2022 JARMAC double-misinformation paper has minimal citation footprint and no textbook, press, or replication-controversy presence; misinformation-effect discourse cites older canonical work instead.",unanimous,obscure,"This recent, narrowly focused eyewitness-memory finding has not generated a widely recognized replication-failure narrative or broad textbook/popular-science uptake.",obscure,4,4
758,10.1073/pnas.1805327115,"Klein, N., & O’Brien, E. (2018). People use less information than they think to make up their minds. Proceedings of the National Academy of Sciences, 115(52), 13222–13227. https://doi.org/10.1073/pnas.1805327115","People do not fully appreciate this immediacy of judgment, in-stead assuming that they and others will consider more infor- mation before forming conclusions than they and others actually do. This discrepancy in perceived versus actual information use reveals a general psychological bias that bears particular rele-vance in today’s information age.",Judgment and Decision Making,jdm,207.0,0.5869675714609309,214.0,0.5695945778086944,0.0173729936522365,low,"tipping point, change, self-insight, judgment, information processing",False,False,SIMULABLE,SIMULABLE,SIMULABLE,A_dual_confirmed,True,False,obscure,Niche JDM finding on self-insight into judgment immediacy with minimal citation footprint and no notable replication gap to spark discourse.,obscure,"This is a niche, minimally-known finding with no widely shared name or narrative, so no default association has formed.",False,,calibrated compressed prompt (finish pass),obscure,confirmed,False,original_dominates,"Klein & O'Brien replicated successfully (r=.57), so it circulates affirmatively in JDM reviews, impression-formation citing work, and popular pieces on snap judgments; no failure narrative exists.",majority,original_dominates,"The finding is generally presented as a supported account of rapid impression formation, with no widely recognized replication-failure narrative displacing it.",uncertain,2,4
1138,10.1016/j.cognition.2015.01.013,"Kominsky, J. F., Phillips, J., Gerstenberg, T., Lagnado, D., & Knobe, J. (2015). Causal superseding. Cognition, 137, 196–209. https://doi.org/10.1016/j.cognition.2015.01.013","norm violations also affect the causality attributed to other agents, a phenomenon we refer to as ‘‘causal superseding.’’",Experimental Philosophy,expphil,60.0,0.2731961693233893,200.0,0.2785244502458322,-0.0053282809224428,low,"Causal reasoning, Counterfactuals, Morality, Superseding",False,False,NOT_SIMULABLE,SIMULABLE,,unresolved_uncalibrated_reject,True,True,obscure,"A niche experimental-philosophy effect with near-identical replication, but neither version has drawn broad citation or public attention.",obscure,"A niche x-phi effect with no replication failure narrative; original and replication agree, and it's too peripheral for wide recognition.",False,,calibrated compressed prompt (finish pass),obscure,confirmed,False,original_dominates,"Causal superseding is cited affirmatively in experimental-philosophy and causal-cognition literature (Knobe/Gerstenberg lineage, moral-cognition reviews); it replicated successfully and has negligible public profile.",majority,obscure,"Causal superseding is a specialized causal-cognition result with limited presence in broad textbooks or popular science, and no replication-failure narrative appears to dominate its reception.",obscure,3,4
1687,10.1037/h0055756,"Asch, S. E. (1946). Forming impressions of personality. The Journal of Abnormal and Social Psychology, 41(3), 258–290. https://doi.org/10.1037/h0055756","including ""warm"" vs ""cold"" in a list of character qualities leads to assumptions of different secondary character qualitties",Social Psychology,social,166.0,0.2526843663561895,183.0,-0.2207329263621315,0.031951439994058,low,"first impressions, personality",True,False,SIMULABLE,SIMULABLE,SIMULABLE,A_dual_confirmed_A0,True,False,original_dominates,Asch's warm-cold central traits study remains a classic textbook staple; the weak/negative replication is barely known outside specialists.,failure_dominates,"Asch's warm/cold trait study is a textbook classic now widely cited as an example of weak, non-replicating impression-formation research.",True,,"calibrated prompt, A0 anchor-calibration test batch",DISAGREE,confirmed,True,original_dominates,"Asch's warm/cold central-trait effect is still taught affirmatively in social psychology textbooks, impression-formation reviews, and popular writing on first impressions; replication doubts stay marginal.",majority,original_dominates,"Asch’s warm-versus-cold “central trait” result remains a standard textbook and popular account of impression formation, with later qualifications receiving far less broad attention than the original finding.",original_dominates,3,4
1692,10.1007/s11002-014-9295-0,"Dogerlioglu-Demir, K., & Koçaş, C. (2014). Seemingly incidental anchoring: the effect of incidental environmental anchors on consumers’ willingness to pay. Marketing Letters, 26(4), 607–618. https://doi.org/10.1007/s11002-014-9295-0",numerical anchoring in business name increases price estimations,Cognitive Psychology,cognitive,58.0,0.2606658522907645,144.0,0.0549170007571354,0.2057488515336291,mid,anchoring; bias; judgment; consumer price estimations,False,False,NOT_SIMULABLE,SIMULABLE,,unresolved_uncalibrated_reject,True,True,obscure,This niche business-name-anchoring finding is barely cited; neither the original nor its replication has notable traction beyond specialists.,obscure,"This is a niche applied-anchoring study; anchoring generally is famous, but this specific business-name effect never entered common discourse.",False,,calibrated compressed prompt (finish pass),obscure,confirmed,False,obscure,"This niche Marketing Letters study has few citations, no textbook or press presence; even its Many Labs-style replication failure is discussed only inside replication-database aggregates.",unanimous,obscure,The specific claim that numbers in a business name incidentally anchor consumers’ price estimates is rarely discussed beyond the original niche consumer-behavior literature and has no widely known replication-failure narrative.,obscure,4,4
769,10.1073/pnas.1606574113,"Cooney, G., Gilbert, D. T., & Wilson, T. D. (2016). When fairness matters less than we expect. Proceedings of the National Academy of Sciences, 113(40), 11168–11171. https://doi.org/10.1073/pnas.1606574113","in a series of experiments, we show that those to whom resources are allocated often care less about fairness than those who allocate the resources expect them to. This “allocator’s illusion” results from the fact that fairness seems more important before an allocation is made (when al-locators are choosing a procedure) than afterward (when re-ceivers are reacting to the procedure that allocators chose).",Social Psychology,social,120.0,0.565685424949238,132.0,0.1211020870614431,0.4445833378877948,high,"fairness, affective forecasting, decision-making",True,False,SIMULABLE,SIMULABLE,SIMULABLE,A_dual_confirmed_A0,True,False,obscure,"This niche ""allocator's illusion"" fairness-forecasting effect has little citation traction, with neither the original nor its replication broadly discussed.",obscure,"A niche ""allocator's illusion"" fairness-forecasting effect too specific and low-profile for either narrative to be widely known.",False,,"calibrated prompt, A0 anchor-calibration test batch",obscure,confirmed,False,obscure,"The ""allocator's illusion"" has minimal footprint: few citations, no textbook or popular-press presence, and its Many Labs-style shrinkage is known only inside replication-methods circles.",unanimous,obscure,"The allocator’s illusion has received limited broad textbook, popular-science, or replication-focused attention, so neither the original result nor a failure narrative is widely dominant.",obscure,4,4
415,10.1177/0956797615573516,"Scopelliti, I., Loewenstein, G., & Vosgerau, J. (2015). You Call It “Self-Exuberance”; I Call It “Bragging.” Psychological Science, 26(6), 903–914. https://doi.org/10.1177/0956797615573516",Condition does not independently affect emotional ratings,Social Psychology,social,154.0,0.2252948577076705,124.0,-0.0290052304815362,0.1962896272261342,mid,"Social interaction, emotions, interpersonal relationships, judgment, social behavior, open data, open materials",False,False,SIMULABLE,SIMULABLE,SIMULABLE,A_dual_confirmed,True,False,obscure,"A null/small effect on a specific interaction study, this narrow finding has no wide recognition in either direction.",obscure,"This reads as a niche, non-headline finding from a broad social-behavior dataset, lacking the fame needed for either narrative to stick.",False,,calibrated compressed prompt (finish pass),obscure,confirmed,False,obscure,"This secondary null result about emotional ratings appears almost nowhere; even the paper's main bragging/self-promotion narrative gets only modest citation in impression-management literature, with no popular framing.",unanimous,original_dominates,"The self-promotion/bragging result is still mainly cited and discussed as evidence that people underestimate how negatively others view their self-promotion, while the null emotional-ratings finding is not widely known outside replication-focused discussion.",obscure,3,3
1352,10.1037/0096-3445.135.4.641,"Wakslak, C. J., Trope, Y., Liberman, N., & Alony, R. (2006). Seeing the forest when entry is unlikely: Probability and the mental representation of events. Journal of Experimental Psychology: General, 135(4), 641–653. https://doi.org/10.1037/0096-3445.135.4.641",Low likehood have effect on abstract construal (Trial 2),Social Psychology,social,34.0,0.5196152422706632,120.0,0.0316227766016837,0.4879924656689794,high,"probability, likehood, construal level theory, psychological distance, abstract",True,False,NOT_SIMULABLE,SIMULABLE,,A0_calibrated_mandated,True,False,obscure,This narrow sub-effect within construal-level theory shows no evidence of wide recognition or debate outside specialist replication literature.,obscure,"This is a narrow, low-profile CLT sub-finding with tiny original N; too peripheral to have generated any widespread default association.",False,,"calibrated prompt, A0 anchor-calibration test batch",obscure,confirmed,False,original_dominates,"Construal-level reviews, CLT chapters and downstream probability-abstraction citations still cite Wakslak et al. affirmatively; the Many Labs null is known only among replication specialists.",majority,original_dominates,"The association between low probability and more abstract construal remains commonly presented as a standard construal-level-theory finding, while any specific replication failure is comparatively little known outside replication-focused literature.",uncertain,2,4
1541,10.1016/j.jesp.2008.03.012,"Eyal, T., Liberman, N., & Trope, Y. (2008). Judging near and distant virtue and vice. Journal of Experimental Social Psychology, 44(4), 1204–1209. https://doi.org/10.1016/j.jesp.2008.03.012",people judge immoral acts as more offensive and moral acts as more virtuous when the acts are psychologically distant than near (replication of original study 2 (only Serbian sample; not pooled sample)),Social Psychology,social,58.0,0.38,116.0,0.0316227766016837,0.3483772233983162,high,"psychological distance, moral judgment, construal level theory",False,False,SIMULABLE,SIMULABLE,SIMULABLE,A_dual_confirmed,True,False,obscure,This narrow construal-level moral-judgment effect and its failed replication attract little attention outside specialist replication literature.,obscure,"This is a niche sub-finding from construal-level theory research, too specific and low-profile for either narrative to dominate general awareness.",False,,calibrated compressed prompt (finish pass),obscure,confirmed,False,obscure,"Eyal et al.'s moral-distance effect lives only in specialist construal-level and Many Labs 2 tables; no textbook, press, or applied literature narrates it either way.",unanimous,original_dominates,"The construal-level account that psychological distance amplifies judgments of virtue and vice remains the commonly presented finding, while this limited-sample replication result is not widely known in broad scientific or popular discussion.",obscure,3,4
1968,10.1037/a0034352,"Reinhard, M.-A., Greifeneder, R., & Scharmach, M. (2013). Unconscious processes improve lie detection. Journal of Personality and Social Psychology, 105(5), 721–739. https://doi.org/10.1037/a0034352","People are typically poor at telling apart truthful and deceptive statements. Based on the Unconscious Thought Theory, it has been suggested that poor lie detection arises from the intrinsic limitations of conscious thinking and can be improved by facilitating the contribution of unconscious thought (UT).",Judgment and Decision Making,jdm,66.0,0.3464101615137754,110.0,0.0447213595499957,0.3016888019637797,high,"lie detection, deliberation-without-attention, unconscious thought, decision making",False,False,NOT_SIMULABLE,SIMULABLE,,unresolved_uncalibrated_reject,True,True,obscure,A niche unconscious-thought/lie-detection claim with tiny samples; neither the original nor its null replication is widely known.,obscure,"Niche unconscious-thought/lie-detection finding lacks broad recognition; too peripheral for either ""famous finding"" or ""famous failure"" narrative to dominate.",False,,calibrated compressed prompt (finish pass),obscure,confirmed,False,obscure,"Unconscious-thought lie detection lives mainly in niche deception-research citations and RRR methods lists; it never reached textbooks or popular press, so neither framing is prominent.",unanimous,obscure,The specific claim that unconscious thought improves lie detection has not become a broadly established story and is rarely discussed outside the narrower unconscious-thought and deception-research literature.,obscure,4,3
1670,10.2501/jar-40-1-2-29-34,"Stevenson, J. S., Bruner, G. C., & Kumar, A. (2000). Webpage Background and Viewer Attitudes. Journal of Advertising Research, 40(1–2), 1–6. https://doi.org/10.2501/jar-40-1-2-29-34",attitude toward the website has a positive effect on brand attitude,Marketing,marketing,30.0,0.42,95.0,0.54,-0.12,low,"web experience, web advertising, marketing, webpage backgrounds",False,False,SIMULABLE,SIMULABLE,SIMULABLE,A_dual_confirmed,True,False,obscure,A narrow marketing effect with a replication that actually strengthened it draws little attention outside specialist advertising research.,obscure,This is a niche marketing sub-finding with no wide cultural footprint; neither the effect nor any replication controversy is broadly known.,False,,calibrated compressed prompt (finish pass),obscure,confirmed,False,original_dominates,"Attitude-toward-site → brand-attitude spillover is standard in advertising/e-commerce textbooks and citing SEM studies; the replication succeeded, so no failure narrative exists.",majority,obscure,"This specific 2000 web-design finding is rarely discussed in contemporary psychology or popular-science narratives, and no widely known replication-failure story has displaced it.",obscure,3,4
941,10.1111/j.1467-9280.2008.02066.x,"Dessalegn, B., & Landau, B. (2008). More Than Meets the Eye. Psychological Science, 19(2), 189–195. https://doi.org/10.1111/j.1467-9280.2008.02066.x","More than meets the eye: the role of language in binding and maintaining feature conjunctions.; table: directional language (e.g., to the left) helps children bind color and shape information to a greater extent than relational language alone ( e.g., next to)",Cognitive Psychology,cognitive,36.0,0.3793532811354438,47.0,0.2333729524753241,0.1459803286601196,mid,"Child, Preschool, Cognition, Cues, Female, Humans, Language, Male, color-location conjunctions, language-vision interactions",False,False,NOT_SIMULABLE,SIMULABLE,,unresolved_uncalibrated_reject,True,True,obscure,This narrow developmental-psycholinguistics finding lacks broad citation or public awareness; neither the original nor its weaker replication has notable currency.,obscure,Niche developmental-psycholinguistics finding with modest sample sizes; too specialized to have entered common researcher knowledge either way.,False,,calibrated compressed prompt (finish pass),obscure,confirmed,False,obscure,"A niche language-and-spatial-cognition result cited mainly within specialist Whorfian/spatial-memory literature; absent from textbooks and popular science, and its replication (Many Labs-style) drew little attention.",unanimous,obscure,"This specific directional-language advantage in children’s feature binding is rarely discussed outside specialized developmental cognition literature, with no widely recognized replication-failure narrative.",obscure,4,4
518,10.1177/0956797618805750,"Cao, J., Kleiman-Weiner, M., & Banaji, M. R. (2018). People Make the Same Bayesian Judgment They Criticize in Others. Psychological Science, 30(1), 20–31. https://doi.org/10.1177/0956797618805750","Participants judged the man as more likely to be the pilot than the woman,",Social Psychology,social,348.0,0.4358898943540673,36.0,0.5099019513592785,-0.0740120570052111,low,"Judgment, accuracy, fairness, social cognition, base rates, open data, open materials",False,False,NOT_SIMULABLE,SIMULABLE,,unresolved_uncalibrated_reject,True,True,obscure,"This narrow, unnamed vignette effect shows no signs of broader recognition, citation, or public debate in either direction.",obscure,"This looks like an unnamed study item from a replication database, not a widely known effect with an established cultural narrative.",False,,calibrated compressed prompt (finish pass),obscure,confirmed,False,obscure,"This 2018 Psych Science paper is cited mainly in specialist Bayesian-reasoning and stereotyping literature; it has no textbook, press, or replication-controversy presence shaping any dominant narrative.",unanimous,obscure,"This specific 2018 finding has little presence in textbooks, popular science, or applied psychology discourse, and no replication-failure narrative appears broadly prominent.",obscure,4,4
582,10.1177/0956797614536739,"Kiyonaga, A., & Egner, T. (2014). The Working Memory Stroop Effect: When Internal Representations Clash With External Stimuli. Psychological Science, 25(8), 1619–1629. https://doi.org/10.1177/0956797614536739",working memory Stroop effect,Cognitive Psychology,cognitive,35.0,0.8306623862918074,32.0,0.38219092202581,0.4484714642659974,high,"working memory, short-term memory, visual attention, selective attention, open materials",False,False,NOT_SIMULABLE,SIMULABLE,,unresolved_uncalibrated_reject,True,True,obscure,This niche individual-differences correlation lacks broad recognition; neither the original finding nor its replication has notable currency beyond specialists.,obscure,"This specific effect/name isn't a well-known landmark finding; too niche for either ""classic result"" or ""failed replication"" lore to dominate.",False,,calibrated compressed prompt (finish pass),obscure,confirmed,False,obscure,"A niche attention-WM lab finding: modest citations in specialist working-memory papers, absent from textbooks, press, and replication-crisis discourse, so no framing is prominent.",unanimous,obscure,"The working-memory Stroop effect remains a niche cognitive-control paradigm with limited visibility in textbooks or popular science, and neither the original result nor replication debates has become a broadly recognized narrative.",obscure,4,3
581,10.1037/0022-3514.77.4.785,"Kim, H., & Markus, H. R. (1999). Deviance or uniqueness, harmony or conformity? A cultural analysis. Journal of Personality and Social Psychology, 77(4), 785–800. https://doi.org/10.1037/0022-3514.77.4.785","Deviance or uniqueness, harmony or conformity?",Social Psychology,social,76.0,0.2132595826717,31.0,0.014048649981898,0.1992109326898019,mid,"deviance, uniqueness, harmony, conformity, cultural values",False,False,NOT_SIMULABLE,SIMULABLE,,unresolved_uncalibrated_reject,True,True,obscure,This narrow cultural-values effect and its weak replication both lack broad recognition outside specialist literature.,obscure,"Small, oddly-worded, non-famous cross-cultural values effect; unlikely to be widely recognized enough to have any fixed narrative.",False,,calibrated compressed prompt (finish pass),obscure,confirmed,False,original_dominates,"Cultural psychology textbooks, review chapters, and cross-cultural citing work still present Kim & Markus's uniqueness-versus-conformity pattern affirmatively; the failed Many Labs 2 replication stays a specialist footnote.",majority,original_dominates,"The study remains widely presented as a classic demonstration of cultural differences in preferences for uniqueness versus conformity, with no replication failure becoming the dominant public or scientific narrative.",uncertain,2,4
738,10.1037/a0019689,"Elliot, A. J., Niesta Kayser, D., Greitemeyer, T., Lichtenfeld, S., Gramzow, R. H., Maier, M. A., & Liu, H. (2010). Red, rank, and romance in women viewing men. Journal of Experimental Psychology: General, 139(3), 399–417. https://doi.org/10.1037/a0019689",effect of red on sexual attraction,Social Psychology,social,33.0,0.3911406403448517,28.0,-0.114247022914439,0.2768936174304126,high,"color, red, attractiveness, status, attraction",False,False,NOT_SIMULABLE,SIMULABLE,,unresolved_uncalibrated_reject,True,True,contested,Red-romance effect is widely popularized (Elliot & Niesta) yet many failed replications keep the debate active in journals.,failure_dominates,"The ""red-romance"" effect is a textbook replication-crisis example, widely cited as failing to replicate in social priming discussions.",True,,calibrated compressed prompt (finish pass),DISAGREE,confirmed,True,contested,"Popular media, marketing/dating trade books and textbook color-psychology sections still cite red-attraction affirmatively, while replication failures (Lehmann, Hesslinger, Many Labs) are widely cited in methods debates.",majority,original_dominates,"The widespread textbook, popular-science, and applied narrative still presents red as enhancing women’s attractiveness to men, while replication concerns are comparatively less prominent.",uncertain,2,3
1530,10.1080/02699931.2015.1059317,"Mickley Steinmetz, K. R., Knight, A. G., & Kensinger, E. A. (2015). Neutral details associated with emotional events are encoded: evidence from a cued recall paradigm. Cognition and Emotion, 30(7), 1352–1360. https://doi.org/10.1080/02699931.2015.1059317",Emotional items were more likely than neutral items to trigger recall of the associated background.,Cognitive Psychology,cognitive,45.0,0.6332456079595026,27.0,0.6648308055437865,-0.0315851975842839,low,"emotion, cued recall, memory, retrieval, scenes, narrowed-encoding",False,False,NOT_SIMULABLE,SIMULABLE,,unresolved_uncalibrated_reject,True,True,obscure,"This narrow encoding-specificity finding, especially since replication succeeded, has no notable footprint outside specialist emotion-memory literature.",obscure,Niche emotion-memory finding with negligible replication gap; too specific and minor to have entered common lore either way.,False,,calibrated compressed prompt (finish pass),obscure,confirmed,False,obscure,"A niche cued-recall memory paper cited mainly in specialist emotional-memory reviews; absent from textbooks, press, and replication-crisis discourse, so no framing is prominent.",unanimous,obscure,"This specific 2015 cued-recall finding is not widely discussed in textbooks or popular science, and no replication-failure narrative appears to have become broadly prominent.",obscure,4,4
463,10.1073/pnas.1202129109,"Tamir, D. I., & Mitchell, J. P. (2012). Disclosing information about the self is intrinsically rewarding. Proceedings of the National Academy of Sciences, 109(21), 8038–8043. https://doi.org/10.1073/pnas.1202129109",Disclosing information about the self is intrinsically rewarding,Social Psychology,social,37.0,0.4852716953798207,19.0,0.0045882663801245,0.4806834289996961,high,"Self-reference, social cognition, reward, functional MRI",True,False,NOT_SIMULABLE,SIMULABLE,,A0_calibrated_mandated,True,False,original_dominates,Tamir & Mitchell's fMRI self-disclosure-reward study remains widely cited/taught; its weak replication is known mainly to specialists.,original_dominates,"Tamir & Mitchell's ""self-disclosure is intrinsically rewarding"" fMRI finding is widely cited; its weak replication is little known outside specialists.",False,,"calibrated prompt, A0 anchor-calibration test batch",original_dominates,confirmed,False,original_dominates,"Self-disclosure-as-rewarding is still cited affirmatively in social media/neuromarketing reviews, trade books and popular articles; the null replication lives mainly in methods-focused replication reports.",unanimous,original_dominates,"The finding that self-disclosure is rewarding remains widely presented in social neuroscience and popular accounts as an established result, with no broadly recognized replication-failure narrative displacing it.",original_dominates,4,4
600,10.1016/j.cognition.2017.06.025,"Long, B., & Konkle, T. (2017). A familiar-size Stroop effect in the absence of basic-level recognition. Cognition, 168, 234–242. https://doi.org/10.1016/j.cognition.2017.06.025",A familiar-size Stroop effect in the absence of basic-level recognition,Cognitive Psychology,cognitive,16.0,0.4290568145682876,16.0,0.4246713185540198,0.0043854960142678,low,"object recognition, semantic access, real-world size, stroop effect",False,False,NOT_SIMULABLE,SIMULABLE,,unresolved_uncalibrated_reject,True,True,obscure,"This narrow, low-powered perception finding never gained wide traction; with essentially no replication gap, no controversy or fame developed.",obscure,"Niche perceptual-priming finding with tiny N; too specialized to have become a known ""classic"" or ""failed replication"" story.",False,,calibrated compressed prompt (finish pass),obscure,confirmed,False,obscure,"A niche Cognition paper on familiar-size Stroop with texform stimuli; cited only sparsely in specialist vision/object-recognition work, absent from textbooks and popular discourse.",unanimous,obscure,"This specialized 2017 object-recognition finding has little broad textbook, popular-science, or applied-literature visibility, and no widely known replication controversy has displaced it.",obscure,4,4
