wave,effect,model,variant,persona,cond,condition_type,task_demand_type,paradigm_class,pc_coarse,aversive_pole,n_rollouts,n_ok,n_hard,n_soft_content,n_soft_defect,n_tech,n_refusal,refusal_rate
P2,Ackerman2010_haptic_weight,sonnet45,A,demographic,heavy,embodied_prime,person_evaluation_rating,social_priming,priming,0,27,0,27,0,0,0,27,1.0
P2,Ackerman2010_haptic_weight,sonnet45,A,demographic,light,embodied_prime,person_evaluation_rating,social_priming,priming,0,27,27,0,0,0,0,0,0.0
P2,Ackerman2010_haptic_weight,sonnet45,A,none,heavy,embodied_prime,person_evaluation_rating,social_priming,priming,0,27,0,27,0,0,0,27,1.0
P2,Ackerman2010_haptic_weight,sonnet45,A,none,light,embodied_prime,person_evaluation_rating,social_priming,priming,0,27,27,0,0,0,0,0,0.0
P2,Ackerman2010_haptic_weight,sonnet45,B,demographic,heavy,embodied_prime,person_evaluation_rating,social_priming,priming,0,27,0,27,0,0,0,27,1.0
P2,Ackerman2010_haptic_weight,sonnet45,B,demographic,light,embodied_prime,person_evaluation_rating,social_priming,priming,0,27,0,27,0,0,0,27,1.0
P2,Ackerman2010_haptic_weight,sonnet45,B,none,heavy,embodied_prime,person_evaluation_rating,social_priming,priming,0,27,0,27,0,0,0,27,1.0
P2,Ackerman2010_haptic_weight,sonnet45,B,none,light,embodied_prime,person_evaluation_rating,social_priming,priming,0,27,27,0,0,0,0,0,0.0
P2,Ackerman2010_haptic_weight,sonnet5,A,demographic,heavy,embodied_prime,person_evaluation_rating,social_priming,priming,0,27,27,0,0,0,0,0,0.0
P2,Ackerman2010_haptic_weight,sonnet5,A,demographic,light,embodied_prime,person_evaluation_rating,social_priming,priming,0,27,27,0,0,0,0,0,0.0
P2,Ackerman2010_haptic_weight,sonnet5,A,none,heavy,embodied_prime,person_evaluation_rating,social_priming,priming,0,27,27,0,0,0,0,0,0.0
P2,Ackerman2010_haptic_weight,sonnet5,A,none,light,embodied_prime,person_evaluation_rating,social_priming,priming,0,27,27,0,0,0,0,0,0.0
P2,Ackerman2010_haptic_weight,sonnet5,B,demographic,heavy,embodied_prime,person_evaluation_rating,social_priming,priming,0,27,27,0,0,0,0,0,0.0
P2,Ackerman2010_haptic_weight,sonnet5,B,demographic,light,embodied_prime,person_evaluation_rating,social_priming,priming,0,27,27,0,0,0,0,0,0.0
P2,Ackerman2010_haptic_weight,sonnet5,B,none,heavy,embodied_prime,person_evaluation_rating,social_priming,priming,0,27,27,0,0,0,0,0,0.0
P2,Ackerman2010_haptic_weight,sonnet5,B,none,light,embodied_prime,person_evaluation_rating,social_priming,priming,0,27,27,0,0,0,0,0,0.0
P2,Aryani2020_word_arousal,sonnet45,A,demographic,,no_manipulation,neutral_judgment,linguistic_intuition,jdm_or_perceptual,0,40,39,1,0,0,0,1,0.025
P2,Aryani2020_word_arousal,sonnet45,A,none,,no_manipulation,neutral_judgment,linguistic_intuition,jdm_or_perceptual,0,40,40,0,0,0,0,0,0.0
P2,Aryani2020_word_arousal,sonnet45,B,demographic,,no_manipulation,neutral_judgment,linguistic_intuition,jdm_or_perceptual,0,40,40,0,0,0,0,0,0.0
P2,Aryani2020_word_arousal,sonnet45,B,none,,no_manipulation,neutral_judgment,linguistic_intuition,jdm_or_perceptual,0,40,40,0,0,0,0,0,0.0
P2,Aryani2020_word_arousal,sonnet5,A,demographic,,no_manipulation,neutral_judgment,linguistic_intuition,jdm_or_perceptual,0,40,40,0,0,0,0,0,0.0
P2,Aryani2020_word_arousal,sonnet5,A,none,,no_manipulation,neutral_judgment,linguistic_intuition,jdm_or_perceptual,0,40,40,0,0,0,0,0,0.0
P2,Aryani2020_word_arousal,sonnet5,B,demographic,,no_manipulation,neutral_judgment,linguistic_intuition,jdm_or_perceptual,0,40,40,0,0,0,0,0,0.0
P2,Aryani2020_word_arousal,sonnet5,B,none,,no_manipulation,neutral_judgment,linguistic_intuition,jdm_or_perceptual,0,40,40,0,0,0,0,0,0.0
A0,Asch1946_warm_cold,sonnet45,A,demographic,cold,trait_word_swap,neutral_judgment,trait_inference,social_inference,1,30,30,0,0,0,0,0,0.0
A0,Asch1946_warm_cold,sonnet45,A,demographic,warm,trait_word_swap,neutral_judgment,trait_inference,social_inference,0,30,30,0,0,0,0,0,0.0
A0,Asch1946_warm_cold,sonnet45,A,none,cold,trait_word_swap,neutral_judgment,trait_inference,social_inference,1,30,30,0,0,0,0,0,0.0
A0,Asch1946_warm_cold,sonnet45,A,none,warm,trait_word_swap,neutral_judgment,trait_inference,social_inference,0,30,30,0,0,0,0,0,0.0
A0,Asch1946_warm_cold,sonnet45,B,demographic,cold,trait_word_swap,neutral_judgment,trait_inference,social_inference,1,30,29,1,0,0,0,1,0.03333333333333333
A0,Asch1946_warm_cold,sonnet45,B,demographic,warm,trait_word_swap,neutral_judgment,trait_inference,social_inference,0,30,30,0,0,0,0,0,0.0
A0,Asch1946_warm_cold,sonnet45,B,none,cold,trait_word_swap,neutral_judgment,trait_inference,social_inference,1,30,30,0,0,0,0,0,0.0
A0,Asch1946_warm_cold,sonnet45,B,none,warm,trait_word_swap,neutral_judgment,trait_inference,social_inference,0,30,30,0,0,0,0,0,0.0
A0,Asch1946_warm_cold,sonnet45,deidentified,demographic,cold,trait_word_swap,neutral_judgment,trait_inference,social_inference,1,30,29,1,0,0,0,1,0.03333333333333333
A0,Asch1946_warm_cold,sonnet45,deidentified,demographic,warm,trait_word_swap,neutral_judgment,trait_inference,social_inference,0,30,30,0,0,0,0,0,0.0
A0,Asch1946_warm_cold,sonnet45,deidentified,none,cold,trait_word_swap,neutral_judgment,trait_inference,social_inference,1,30,21,9,0,0,0,9,0.3
A0,Asch1946_warm_cold,sonnet45,deidentified,none,warm,trait_word_swap,neutral_judgment,trait_inference,social_inference,0,30,28,2,0,0,0,2,0.06666666666666667
A0,Asch1946_warm_cold,sonnet45,frame_flip,demographic,cold,trait_word_swap,neutral_judgment,trait_inference,social_inference,1,30,27,3,0,0,0,3,0.1
A0,Asch1946_warm_cold,sonnet45,frame_flip,demographic,warm,trait_word_swap,neutral_judgment,trait_inference,social_inference,0,30,30,0,0,0,0,0,0.0
A0,Asch1946_warm_cold,sonnet45,frame_flip,none,cold,trait_word_swap,neutral_judgment,trait_inference,social_inference,1,30,21,9,0,0,0,9,0.3
A0,Asch1946_warm_cold,sonnet45,frame_flip,none,warm,trait_word_swap,neutral_judgment,trait_inference,social_inference,0,30,30,0,0,0,0,0,0.0
A0,Asch1946_warm_cold,sonnet5,A,demographic,cold,trait_word_swap,neutral_judgment,trait_inference,social_inference,1,30,30,0,0,0,0,0,0.0
A0,Asch1946_warm_cold,sonnet5,A,demographic,warm,trait_word_swap,neutral_judgment,trait_inference,social_inference,0,30,30,0,0,0,0,0,0.0
A0,Asch1946_warm_cold,sonnet5,A,none,cold,trait_word_swap,neutral_judgment,trait_inference,social_inference,1,30,30,0,0,0,0,0,0.0
A0,Asch1946_warm_cold,sonnet5,A,none,warm,trait_word_swap,neutral_judgment,trait_inference,social_inference,0,30,30,0,0,0,0,0,0.0
A0,Asch1946_warm_cold,sonnet5,B,demographic,cold,trait_word_swap,neutral_judgment,trait_inference,social_inference,1,30,30,0,0,0,0,0,0.0
A0,Asch1946_warm_cold,sonnet5,B,demographic,warm,trait_word_swap,neutral_judgment,trait_inference,social_inference,0,30,30,0,0,0,0,0,0.0
A0,Asch1946_warm_cold,sonnet5,B,none,cold,trait_word_swap,neutral_judgment,trait_inference,social_inference,1,30,30,0,0,0,0,0,0.0
A0,Asch1946_warm_cold,sonnet5,B,none,warm,trait_word_swap,neutral_judgment,trait_inference,social_inference,0,30,30,0,0,0,0,0,0.0
A0,Asch1946_warm_cold,sonnet5,deidentified,demographic,cold,trait_word_swap,neutral_judgment,trait_inference,social_inference,1,30,30,0,0,0,0,0,0.0
A0,Asch1946_warm_cold,sonnet5,deidentified,demographic,warm,trait_word_swap,neutral_judgment,trait_inference,social_inference,0,30,30,0,0,0,0,0,0.0
A0,Asch1946_warm_cold,sonnet5,deidentified,none,cold,trait_word_swap,neutral_judgment,trait_inference,social_inference,1,30,29,0,0,0,1,0,0.0
A0,Asch1946_warm_cold,sonnet5,deidentified,none,warm,trait_word_swap,neutral_judgment,trait_inference,social_inference,0,30,30,0,0,0,0,0,0.0
A0,Asch1946_warm_cold,sonnet5,frame_flip,demographic,cold,trait_word_swap,neutral_judgment,trait_inference,social_inference,1,30,30,0,0,0,0,0,0.0
A0,Asch1946_warm_cold,sonnet5,frame_flip,demographic,warm,trait_word_swap,neutral_judgment,trait_inference,social_inference,0,30,30,0,0,0,0,0,0.0
A0,Asch1946_warm_cold,sonnet5,frame_flip,none,cold,trait_word_swap,neutral_judgment,trait_inference,social_inference,1,30,30,0,0,0,0,0,0.0
A0,Asch1946_warm_cold,sonnet5,frame_flip,none,warm,trait_word_swap,neutral_judgment,trait_inference,social_inference,0,30,30,0,0,0,0,0,0.0
A0,Banerjee2012_brightness,sonnet45,A,demographic,ethical,ethical_recall,self_transgression_disclosure,introspective_recall,self_report,0,30,30,0,0,0,0,0,0.0
A0,Banerjee2012_brightness,sonnet45,A,demographic,unethical,unethical_recall,self_transgression_disclosure,introspective_recall,self_report,1,30,21,9,0,0,0,9,0.3
A0,Banerjee2012_brightness,sonnet45,A,none,ethical,ethical_recall,self_transgression_disclosure,introspective_recall,self_report,0,30,30,0,0,0,0,0,0.0
A0,Banerjee2012_brightness,sonnet45,A,none,unethical,unethical_recall,self_transgression_disclosure,introspective_recall,self_report,1,30,0,30,0,0,0,30,1.0
A0,Banerjee2012_brightness,sonnet45,B,demographic,ethical,ethical_recall,self_transgression_disclosure,introspective_recall,self_report,0,30,28,2,0,0,0,2,0.06666666666666667
A0,Banerjee2012_brightness,sonnet45,B,demographic,unethical,unethical_recall,self_transgression_disclosure,introspective_recall,self_report,1,30,24,6,0,0,0,6,0.2
A0,Banerjee2012_brightness,sonnet45,B,none,ethical,ethical_recall,self_transgression_disclosure,introspective_recall,self_report,0,30,5,25,0,0,0,25,0.8333333333333334
A0,Banerjee2012_brightness,sonnet45,B,none,unethical,unethical_recall,self_transgression_disclosure,introspective_recall,self_report,1,30,0,30,0,0,0,30,1.0
A0,Banerjee2012_brightness,sonnet45,deidentified,demographic,ethical,ethical_recall,self_transgression_disclosure,introspective_recall,self_report,0,30,27,3,0,0,0,3,0.1
A0,Banerjee2012_brightness,sonnet45,deidentified,demographic,unethical,unethical_recall,self_transgression_disclosure,introspective_recall,self_report,1,30,16,14,0,0,0,14,0.4666666666666667
A0,Banerjee2012_brightness,sonnet45,deidentified,none,ethical,ethical_recall,self_transgression_disclosure,introspective_recall,self_report,0,30,1,29,0,0,0,29,0.9666666666666667
A0,Banerjee2012_brightness,sonnet45,deidentified,none,unethical,unethical_recall,self_transgression_disclosure,introspective_recall,self_report,1,30,0,30,0,0,0,30,1.0
A0,Banerjee2012_brightness,sonnet45,frame_flip,demographic,ethical,ethical_recall,self_transgression_disclosure,introspective_recall,self_report,0,30,30,0,0,0,0,0,0.0
A0,Banerjee2012_brightness,sonnet45,frame_flip,demographic,unethical,unethical_recall,self_transgression_disclosure,introspective_recall,self_report,1,30,30,0,0,0,0,0,0.0
A0,Banerjee2012_brightness,sonnet45,frame_flip,none,ethical,ethical_recall,self_transgression_disclosure,introspective_recall,self_report,0,30,30,0,0,0,0,0,0.0
A0,Banerjee2012_brightness,sonnet45,frame_flip,none,unethical,unethical_recall,self_transgression_disclosure,introspective_recall,self_report,1,30,29,1,0,0,0,1,0.03333333333333333
A0,Banerjee2012_brightness,sonnet5,A,demographic,ethical,ethical_recall,self_transgression_disclosure,introspective_recall,self_report,0,30,30,0,0,0,0,0,0.0
A0,Banerjee2012_brightness,sonnet5,A,demographic,unethical,unethical_recall,self_transgression_disclosure,introspective_recall,self_report,1,30,30,0,0,0,0,0,0.0
A0,Banerjee2012_brightness,sonnet5,A,none,ethical,ethical_recall,self_transgression_disclosure,introspective_recall,self_report,0,30,30,0,0,0,0,0,0.0
A0,Banerjee2012_brightness,sonnet5,A,none,unethical,unethical_recall,self_transgression_disclosure,introspective_recall,self_report,1,30,30,0,0,0,0,0,0.0
A0,Banerjee2012_brightness,sonnet5,B,demographic,ethical,ethical_recall,self_transgression_disclosure,introspective_recall,self_report,0,30,30,0,0,0,0,0,0.0
A0,Banerjee2012_brightness,sonnet5,B,demographic,unethical,unethical_recall,self_transgression_disclosure,introspective_recall,self_report,1,30,30,0,0,0,0,0,0.0
A0,Banerjee2012_brightness,sonnet5,B,none,ethical,ethical_recall,self_transgression_disclosure,introspective_recall,self_report,0,30,30,0,0,0,0,0,0.0
A0,Banerjee2012_brightness,sonnet5,B,none,unethical,unethical_recall,self_transgression_disclosure,introspective_recall,self_report,1,30,30,0,0,0,0,0,0.0
A0,Banerjee2012_brightness,sonnet5,deidentified,demographic,ethical,ethical_recall,self_transgression_disclosure,introspective_recall,self_report,0,30,30,0,0,0,0,0,0.0
A0,Banerjee2012_brightness,sonnet5,deidentified,demographic,unethical,unethical_recall,self_transgression_disclosure,introspective_recall,self_report,1,30,30,0,0,0,0,0,0.0
A0,Banerjee2012_brightness,sonnet5,deidentified,none,ethical,ethical_recall,self_transgression_disclosure,introspective_recall,self_report,0,30,30,0,0,0,0,0,0.0
A0,Banerjee2012_brightness,sonnet5,deidentified,none,unethical,unethical_recall,self_transgression_disclosure,introspective_recall,self_report,1,30,30,0,0,0,0,0,0.0
A0,Banerjee2012_brightness,sonnet5,frame_flip,demographic,ethical,ethical_recall,self_transgression_disclosure,introspective_recall,self_report,0,30,30,0,0,0,0,0,0.0
A0,Banerjee2012_brightness,sonnet5,frame_flip,demographic,unethical,unethical_recall,self_transgression_disclosure,introspective_recall,self_report,1,30,30,0,0,0,0,0,0.0
A0,Banerjee2012_brightness,sonnet5,frame_flip,none,ethical,ethical_recall,self_transgression_disclosure,introspective_recall,self_report,0,30,30,0,0,0,0,0,0.0
A0,Banerjee2012_brightness,sonnet5,frame_flip,none,unethical,unethical_recall,self_transgression_disclosure,introspective_recall,self_report,1,30,30,0,0,0,0,0,0.0
A0,Bargh2012_warmth,sonnet45,A,demographic,,no_manipulation,self_trait_report,questionnaire,self_report,0,51,51,0,0,0,0,0,0.0
A0,Bargh2012_warmth,sonnet45,A,none,,no_manipulation,self_trait_report,questionnaire,self_report,0,51,51,0,0,0,0,0,0.0
A0,Bargh2012_warmth,sonnet45,B,demographic,,no_manipulation,self_trait_report,questionnaire,self_report,0,51,51,0,0,0,0,0,0.0
A0,Bargh2012_warmth,sonnet45,B,none,,no_manipulation,self_trait_report,questionnaire,self_report,0,51,51,0,0,0,0,0,0.0
A0,Bargh2012_warmth,sonnet45,deidentified,demographic,,no_manipulation,self_trait_report,questionnaire,self_report,0,51,51,0,0,0,0,0,0.0
A0,Bargh2012_warmth,sonnet45,deidentified,none,,no_manipulation,self_trait_report,questionnaire,self_report,0,51,50,1,0,0,0,1,0.0196078431372549
A0,Bargh2012_warmth,sonnet45,frame_flip,demographic,,no_manipulation,self_trait_report,questionnaire,self_report,0,51,51,0,0,0,0,0,0.0
A0,Bargh2012_warmth,sonnet45,frame_flip,none,,no_manipulation,self_trait_report,questionnaire,self_report,0,51,51,0,0,0,0,0,0.0
A0,Bargh2012_warmth,sonnet5,A,demographic,,no_manipulation,self_trait_report,questionnaire,self_report,0,51,51,0,0,0,0,0,0.0
A0,Bargh2012_warmth,sonnet5,A,none,,no_manipulation,self_trait_report,questionnaire,self_report,0,51,51,0,0,0,0,0,0.0
A0,Bargh2012_warmth,sonnet5,B,demographic,,no_manipulation,self_trait_report,questionnaire,self_report,0,51,51,0,0,0,0,0,0.0
A0,Bargh2012_warmth,sonnet5,B,none,,no_manipulation,self_trait_report,questionnaire,self_report,0,51,51,0,0,0,0,0,0.0
A0,Bargh2012_warmth,sonnet5,deidentified,demographic,,no_manipulation,self_trait_report,questionnaire,self_report,0,51,51,0,0,0,0,0,0.0
A0,Bargh2012_warmth,sonnet5,deidentified,none,,no_manipulation,self_trait_report,questionnaire,self_report,0,51,51,0,0,0,0,0,0.0
A0,Bargh2012_warmth,sonnet5,frame_flip,demographic,,no_manipulation,self_trait_report,questionnaire,self_report,0,51,51,0,0,0,0,0,0.0
A0,Bargh2012_warmth,sonnet5,frame_flip,none,,no_manipulation,self_trait_report,questionnaire,self_report,0,51,51,0,0,0,0,0,0.0
P2,Bauer2012_consumer_cues,sonnet45,A,demographic,consumer,semantic_prime,neutral_judgment,social_judgment,social_inference,0,30,30,0,0,0,0,0,0.0
P2,Bauer2012_consumer_cues,sonnet45,A,demographic,individual,semantic_prime,neutral_judgment,social_judgment,social_inference,0,30,30,0,0,0,0,0,0.0
P2,Bauer2012_consumer_cues,sonnet45,A,none,consumer,semantic_prime,neutral_judgment,social_judgment,social_inference,0,30,30,0,0,0,0,0,0.0
P2,Bauer2012_consumer_cues,sonnet45,A,none,individual,semantic_prime,neutral_judgment,social_judgment,social_inference,0,30,30,0,0,0,0,0,0.0
P2,Bauer2012_consumer_cues,sonnet45,B,demographic,consumer,semantic_prime,neutral_judgment,social_judgment,social_inference,0,30,30,0,0,0,0,0,0.0
P2,Bauer2012_consumer_cues,sonnet45,B,demographic,individual,semantic_prime,neutral_judgment,social_judgment,social_inference,0,30,30,0,0,0,0,0,0.0
P2,Bauer2012_consumer_cues,sonnet45,B,none,consumer,semantic_prime,neutral_judgment,social_judgment,social_inference,0,30,30,0,0,0,0,0,0.0
P2,Bauer2012_consumer_cues,sonnet45,B,none,individual,semantic_prime,neutral_judgment,social_judgment,social_inference,0,30,30,0,0,0,0,0,0.0
P2,Bauer2012_consumer_cues,sonnet5,A,demographic,consumer,semantic_prime,neutral_judgment,social_judgment,social_inference,0,30,30,0,0,0,0,0,0.0
P2,Bauer2012_consumer_cues,sonnet5,A,demographic,individual,semantic_prime,neutral_judgment,social_judgment,social_inference,0,30,30,0,0,0,0,0,0.0
P2,Bauer2012_consumer_cues,sonnet5,A,none,consumer,semantic_prime,neutral_judgment,social_judgment,social_inference,0,30,30,0,0,0,0,0,0.0
P2,Bauer2012_consumer_cues,sonnet5,A,none,individual,semantic_prime,neutral_judgment,social_judgment,social_inference,0,30,30,0,0,0,0,0,0.0
P2,Bauer2012_consumer_cues,sonnet5,B,demographic,consumer,semantic_prime,neutral_judgment,social_judgment,social_inference,0,30,30,0,0,0,0,0,0.0
P2,Bauer2012_consumer_cues,sonnet5,B,demographic,individual,semantic_prime,neutral_judgment,social_judgment,social_inference,0,30,30,0,0,0,0,0,0.0
P2,Bauer2012_consumer_cues,sonnet5,B,none,consumer,semantic_prime,neutral_judgment,social_judgment,social_inference,0,30,30,0,0,0,0,0,0.0
P2,Bauer2012_consumer_cues,sonnet5,B,none,individual,semantic_prime,neutral_judgment,social_judgment,social_inference,0,30,30,0,0,0,0,0,0.0
P2,BlackBarnes2015_transportation,sonnet45,A,demographic,fiction,narrative_stimulus,neutral_judgment,social_imagery,priming,0,20,20,0,0,0,0,0,0.0
P2,BlackBarnes2015_transportation,sonnet45,A,demographic,nonfiction,narrative_stimulus,neutral_judgment,social_imagery,priming,0,20,20,0,0,0,0,0,0.0
P2,BlackBarnes2015_transportation,sonnet45,A,none,fiction,narrative_stimulus,neutral_judgment,social_imagery,priming,0,20,20,0,0,0,0,0,0.0
P2,BlackBarnes2015_transportation,sonnet45,A,none,nonfiction,narrative_stimulus,neutral_judgment,social_imagery,priming,0,20,20,0,0,0,0,0,0.0
P2,BlackBarnes2015_transportation,sonnet45,B,demographic,fiction,narrative_stimulus,neutral_judgment,social_imagery,priming,0,20,20,0,0,0,0,0,0.0
P2,BlackBarnes2015_transportation,sonnet45,B,demographic,nonfiction,narrative_stimulus,neutral_judgment,social_imagery,priming,0,20,20,0,0,0,0,0,0.0
P2,BlackBarnes2015_transportation,sonnet45,B,none,fiction,narrative_stimulus,neutral_judgment,social_imagery,priming,0,20,20,0,0,0,0,0,0.0
P2,BlackBarnes2015_transportation,sonnet45,B,none,nonfiction,narrative_stimulus,neutral_judgment,social_imagery,priming,0,20,20,0,0,0,0,0,0.0
P2,BlackBarnes2015_transportation,sonnet5,A,demographic,fiction,narrative_stimulus,neutral_judgment,social_imagery,priming,0,20,20,0,0,0,0,0,0.0
P2,BlackBarnes2015_transportation,sonnet5,A,demographic,nonfiction,narrative_stimulus,neutral_judgment,social_imagery,priming,0,20,20,0,0,0,0,0,0.0
P2,BlackBarnes2015_transportation,sonnet5,A,none,fiction,narrative_stimulus,neutral_judgment,social_imagery,priming,0,20,20,0,0,0,0,0,0.0
P2,BlackBarnes2015_transportation,sonnet5,A,none,nonfiction,narrative_stimulus,neutral_judgment,social_imagery,priming,0,20,20,0,0,0,0,0,0.0
P2,BlackBarnes2015_transportation,sonnet5,B,demographic,fiction,narrative_stimulus,neutral_judgment,social_imagery,priming,0,20,20,0,0,0,0,0,0.0
P2,BlackBarnes2015_transportation,sonnet5,B,demographic,nonfiction,narrative_stimulus,neutral_judgment,social_imagery,priming,0,20,20,0,0,0,0,0,0.0
P2,BlackBarnes2015_transportation,sonnet5,B,none,fiction,narrative_stimulus,neutral_judgment,social_imagery,priming,0,20,20,0,0,0,0,0,0.0
P2,BlackBarnes2015_transportation,sonnet5,B,none,nonfiction,narrative_stimulus,neutral_judgment,social_imagery,priming,0,20,20,0,0,0,0,0,0.0
P2,Blank2022_double_misinformation,sonnet45,A,demographic,,no_manipulation,neutral_judgment,verifiable,jdm_or_perceptual,0,60,60,0,0,0,0,0,0.0
P2,Blank2022_double_misinformation,sonnet45,A,none,,no_manipulation,neutral_judgment,verifiable,jdm_or_perceptual,0,60,60,0,0,0,0,0,0.0
P2,Blank2022_double_misinformation,sonnet45,B,demographic,,no_manipulation,neutral_judgment,verifiable,jdm_or_perceptual,0,60,60,0,0,0,0,0,0.0
P2,Blank2022_double_misinformation,sonnet45,B,none,,no_manipulation,neutral_judgment,verifiable,jdm_or_perceptual,0,60,60,0,0,0,0,0,0.0
P2,Blank2022_double_misinformation,sonnet5,A,demographic,,no_manipulation,neutral_judgment,verifiable,jdm_or_perceptual,0,60,60,0,0,0,0,0,0.0
P2,Blank2022_double_misinformation,sonnet5,A,none,,no_manipulation,neutral_judgment,verifiable,jdm_or_perceptual,0,60,60,0,0,0,0,0,0.0
P2,Blank2022_double_misinformation,sonnet5,B,demographic,,no_manipulation,neutral_judgment,verifiable,jdm_or_perceptual,0,60,60,0,0,0,0,0,0.0
P2,Blank2022_double_misinformation,sonnet5,B,none,,no_manipulation,neutral_judgment,verifiable,jdm_or_perceptual,0,60,60,0,0,0,0,0,0.0
P2,Cao2018_bayesian_pilot,sonnet45,A,demographic,,no_manipulation,neutral_judgment,jdm_bias,jdm_or_perceptual,0,60,60,0,0,0,0,0,0.0
P2,Cao2018_bayesian_pilot,sonnet45,A,none,,no_manipulation,neutral_judgment,jdm_bias,jdm_or_perceptual,0,60,59,1,0,0,0,1,0.016666666666666666
P2,Cao2018_bayesian_pilot,sonnet45,B,demographic,,no_manipulation,neutral_judgment,jdm_bias,jdm_or_perceptual,0,60,59,1,0,0,0,1,0.016666666666666666
P2,Cao2018_bayesian_pilot,sonnet45,B,none,,no_manipulation,neutral_judgment,jdm_bias,jdm_or_perceptual,0,60,60,0,0,0,0,0,0.0
P2,Cao2018_bayesian_pilot,sonnet5,A,demographic,,no_manipulation,neutral_judgment,jdm_bias,jdm_or_perceptual,0,60,60,0,0,0,0,0,0.0
P2,Cao2018_bayesian_pilot,sonnet5,A,none,,no_manipulation,neutral_judgment,jdm_bias,jdm_or_perceptual,0,60,60,0,0,0,0,0,0.0
P2,Cao2018_bayesian_pilot,sonnet5,B,demographic,,no_manipulation,neutral_judgment,jdm_bias,jdm_or_perceptual,0,60,60,0,0,0,0,0,0.0
P2,Cao2018_bayesian_pilot,sonnet5,B,none,,no_manipulation,neutral_judgment,jdm_bias,jdm_or_perceptual,0,60,60,0,0,0,0,0,0.0
P2,CarterGilovich2012_experiential_self,sonnet45,A,demographic,experiential,neutral_recall,self_episode_report,introspective_recall,self_report,0,20,20,0,0,0,0,0,0.0
P2,CarterGilovich2012_experiential_self,sonnet45,A,demographic,material,neutral_recall,self_episode_report,introspective_recall,self_report,0,20,20,0,0,0,0,0,0.0
P2,CarterGilovich2012_experiential_self,sonnet45,A,none,experiential,neutral_recall,self_episode_report,introspective_recall,self_report,0,20,20,0,0,0,0,0,0.0
P2,CarterGilovich2012_experiential_self,sonnet45,A,none,material,neutral_recall,self_episode_report,introspective_recall,self_report,0,20,20,0,0,0,0,0,0.0
P2,CarterGilovich2012_experiential_self,sonnet45,B,demographic,experiential,neutral_recall,self_episode_report,introspective_recall,self_report,0,20,18,2,0,0,0,2,0.1
P2,CarterGilovich2012_experiential_self,sonnet45,B,demographic,material,neutral_recall,self_episode_report,introspective_recall,self_report,0,20,20,0,0,0,0,0,0.0
P2,CarterGilovich2012_experiential_self,sonnet45,B,none,experiential,neutral_recall,self_episode_report,introspective_recall,self_report,0,20,20,0,0,0,0,0,0.0
P2,CarterGilovich2012_experiential_self,sonnet45,B,none,material,neutral_recall,self_episode_report,introspective_recall,self_report,0,20,19,1,0,0,0,1,0.05
P2,CarterGilovich2012_experiential_self,sonnet5,A,demographic,experiential,neutral_recall,self_episode_report,introspective_recall,self_report,0,20,20,0,0,0,0,0,0.0
P2,CarterGilovich2012_experiential_self,sonnet5,A,demographic,material,neutral_recall,self_episode_report,introspective_recall,self_report,0,20,20,0,0,0,0,0,0.0
P2,CarterGilovich2012_experiential_self,sonnet5,A,none,experiential,neutral_recall,self_episode_report,introspective_recall,self_report,0,20,20,0,0,0,0,0,0.0
P2,CarterGilovich2012_experiential_self,sonnet5,A,none,material,neutral_recall,self_episode_report,introspective_recall,self_report,0,20,20,0,0,0,0,0,0.0
P2,CarterGilovich2012_experiential_self,sonnet5,B,demographic,experiential,neutral_recall,self_episode_report,introspective_recall,self_report,0,20,20,0,0,0,0,0,0.0
P2,CarterGilovich2012_experiential_self,sonnet5,B,demographic,material,neutral_recall,self_episode_report,introspective_recall,self_report,0,20,20,0,0,0,0,0,0.0
P2,CarterGilovich2012_experiential_self,sonnet5,B,none,experiential,neutral_recall,self_episode_report,introspective_recall,self_report,0,20,20,0,0,0,0,0,0.0
P2,CarterGilovich2012_experiential_self,sonnet5,B,none,material,neutral_recall,self_episode_report,introspective_recall,self_report,0,20,20,0,0,0,0,0,0.0
P2,Caruso2013_money_priming,sonnet45,A,demographic,control,visual_stimulus,neutral_judgment,social_priming,priming,0,20,20,0,0,0,0,0,0.0
P2,Caruso2013_money_priming,sonnet45,A,demographic,money,visual_stimulus,neutral_judgment,social_priming,priming,0,20,20,0,0,0,0,0,0.0
P2,Caruso2013_money_priming,sonnet45,A,none,control,visual_stimulus,neutral_judgment,social_priming,priming,0,20,20,0,0,0,0,0,0.0
P2,Caruso2013_money_priming,sonnet45,A,none,money,visual_stimulus,neutral_judgment,social_priming,priming,0,20,20,0,0,0,0,0,0.0
P2,Caruso2013_money_priming,sonnet45,B,demographic,control,visual_stimulus,neutral_judgment,social_priming,priming,0,20,20,0,0,0,0,0,0.0
P2,Caruso2013_money_priming,sonnet45,B,demographic,money,visual_stimulus,neutral_judgment,social_priming,priming,0,20,20,0,0,0,0,0,0.0
P2,Caruso2013_money_priming,sonnet45,B,none,control,visual_stimulus,neutral_judgment,social_priming,priming,0,20,20,0,0,0,0,0,0.0
P2,Caruso2013_money_priming,sonnet45,B,none,money,visual_stimulus,neutral_judgment,social_priming,priming,0,20,20,0,0,0,0,0,0.0
P2,Caruso2013_money_priming,sonnet5,A,demographic,control,visual_stimulus,neutral_judgment,social_priming,priming,0,20,20,0,0,0,0,0,0.0
P2,Caruso2013_money_priming,sonnet5,A,demographic,money,visual_stimulus,neutral_judgment,social_priming,priming,0,20,20,0,0,0,0,0,0.0
P2,Caruso2013_money_priming,sonnet5,A,none,control,visual_stimulus,neutral_judgment,social_priming,priming,0,20,20,0,0,0,0,0,0.0
P2,Caruso2013_money_priming,sonnet5,A,none,money,visual_stimulus,neutral_judgment,social_priming,priming,0,20,20,0,0,0,0,0,0.0
P2,Caruso2013_money_priming,sonnet5,B,demographic,control,visual_stimulus,neutral_judgment,social_priming,priming,0,20,20,0,0,0,0,0,0.0
P2,Caruso2013_money_priming,sonnet5,B,demographic,money,visual_stimulus,neutral_judgment,social_priming,priming,0,20,20,0,0,0,0,0,0.0
P2,Caruso2013_money_priming,sonnet5,B,none,control,visual_stimulus,neutral_judgment,social_priming,priming,0,20,20,0,0,0,0,0,0.0
P2,Caruso2013_money_priming,sonnet5,B,none,money,visual_stimulus,neutral_judgment,social_priming,priming,0,20,20,0,0,0,0,0,0.0
A1,Chao2017_thankyou_gift,sonnet45,A,demographic,gift_nonsalient,money_exchange,monetary_allocation,incentive,jdm_or_perceptual,0,20,20,0,0,0,0,0,0.0
A1,Chao2017_thankyou_gift,sonnet45,A,demographic,gift_salient,money_exchange,monetary_allocation,incentive,jdm_or_perceptual,0,20,20,0,0,0,0,0,0.0
A1,Chao2017_thankyou_gift,sonnet45,A,demographic,no_gift,money_exchange,monetary_allocation,incentive,jdm_or_perceptual,0,20,20,0,0,0,0,0,0.0
A1,Chao2017_thankyou_gift,sonnet45,A,none,gift_nonsalient,money_exchange,monetary_allocation,incentive,jdm_or_perceptual,0,20,20,0,0,0,0,0,0.0
A1,Chao2017_thankyou_gift,sonnet45,A,none,gift_salient,money_exchange,monetary_allocation,incentive,jdm_or_perceptual,0,20,20,0,0,0,0,0,0.0
A1,Chao2017_thankyou_gift,sonnet45,A,none,no_gift,money_exchange,monetary_allocation,incentive,jdm_or_perceptual,0,20,20,0,0,0,0,0,0.0
A1,Chao2017_thankyou_gift,sonnet45,B,demographic,gift_nonsalient,money_exchange,monetary_allocation,incentive,jdm_or_perceptual,0,20,20,0,0,0,0,0,0.0
A1,Chao2017_thankyou_gift,sonnet45,B,demographic,gift_salient,money_exchange,monetary_allocation,incentive,jdm_or_perceptual,0,20,20,0,0,0,0,0,0.0
A1,Chao2017_thankyou_gift,sonnet45,B,demographic,no_gift,money_exchange,monetary_allocation,incentive,jdm_or_perceptual,0,20,20,0,0,0,0,0,0.0
A1,Chao2017_thankyou_gift,sonnet45,B,none,gift_nonsalient,money_exchange,monetary_allocation,incentive,jdm_or_perceptual,0,20,20,0,0,0,0,0,0.0
A1,Chao2017_thankyou_gift,sonnet45,B,none,gift_salient,money_exchange,monetary_allocation,incentive,jdm_or_perceptual,0,20,20,0,0,0,0,0,0.0
A1,Chao2017_thankyou_gift,sonnet45,B,none,no_gift,money_exchange,monetary_allocation,incentive,jdm_or_perceptual,0,20,20,0,0,0,0,0,0.0
A1,Chao2017_thankyou_gift,sonnet5,A,demographic,gift_nonsalient,money_exchange,monetary_allocation,incentive,jdm_or_perceptual,0,20,20,0,0,0,0,0,0.0
A1,Chao2017_thankyou_gift,sonnet5,A,demographic,gift_salient,money_exchange,monetary_allocation,incentive,jdm_or_perceptual,0,20,20,0,0,0,0,0,0.0
A1,Chao2017_thankyou_gift,sonnet5,A,demographic,no_gift,money_exchange,monetary_allocation,incentive,jdm_or_perceptual,0,20,20,0,0,0,0,0,0.0
A1,Chao2017_thankyou_gift,sonnet5,A,none,gift_nonsalient,money_exchange,monetary_allocation,incentive,jdm_or_perceptual,0,20,20,0,0,0,0,0,0.0
A1,Chao2017_thankyou_gift,sonnet5,A,none,gift_salient,money_exchange,monetary_allocation,incentive,jdm_or_perceptual,0,20,20,0,0,0,0,0,0.0
A1,Chao2017_thankyou_gift,sonnet5,A,none,no_gift,money_exchange,monetary_allocation,incentive,jdm_or_perceptual,0,20,20,0,0,0,0,0,0.0
A1,Chao2017_thankyou_gift,sonnet5,B,demographic,gift_nonsalient,money_exchange,monetary_allocation,incentive,jdm_or_perceptual,0,20,20,0,0,0,0,0,0.0
A1,Chao2017_thankyou_gift,sonnet5,B,demographic,gift_salient,money_exchange,monetary_allocation,incentive,jdm_or_perceptual,0,20,20,0,0,0,0,0,0.0
A1,Chao2017_thankyou_gift,sonnet5,B,demographic,no_gift,money_exchange,monetary_allocation,incentive,jdm_or_perceptual,0,20,20,0,0,0,0,0,0.0
A1,Chao2017_thankyou_gift,sonnet5,B,none,gift_nonsalient,money_exchange,monetary_allocation,incentive,jdm_or_perceptual,0,20,20,0,0,0,0,0,0.0
A1,Chao2017_thankyou_gift,sonnet5,B,none,gift_salient,money_exchange,monetary_allocation,incentive,jdm_or_perceptual,0,20,20,0,0,0,0,0,0.0
A1,Chao2017_thankyou_gift,sonnet5,B,none,no_gift,money_exchange,monetary_allocation,incentive,jdm_or_perceptual,0,20,20,0,0,0,0,0,0.0
A0,Cooney2016_fairness,sonnet45,A,demographic,fair_procedure,moral_scenario,affect_forecast,moral_judgment,moral,0,30,30,0,0,0,0,0,0.0
A0,Cooney2016_fairness,sonnet45,A,demographic,unfair_procedure,moral_scenario,affect_forecast,moral_judgment,moral,0,30,30,0,0,0,0,0,0.0
A0,Cooney2016_fairness,sonnet45,A,none,fair_procedure,moral_scenario,affect_forecast,moral_judgment,moral,0,30,30,0,0,0,0,0,0.0
A0,Cooney2016_fairness,sonnet45,A,none,unfair_procedure,moral_scenario,affect_forecast,moral_judgment,moral,0,30,30,0,0,0,0,0,0.0
A0,Cooney2016_fairness,sonnet45,B,demographic,fair_procedure,moral_scenario,affect_forecast,moral_judgment,moral,0,30,30,0,0,0,0,0,0.0
A0,Cooney2016_fairness,sonnet45,B,demographic,unfair_procedure,moral_scenario,affect_forecast,moral_judgment,moral,0,30,30,0,0,0,0,0,0.0
A0,Cooney2016_fairness,sonnet45,B,none,fair_procedure,moral_scenario,affect_forecast,moral_judgment,moral,0,30,30,0,0,0,0,0,0.0
A0,Cooney2016_fairness,sonnet45,B,none,unfair_procedure,moral_scenario,affect_forecast,moral_judgment,moral,0,30,30,0,0,0,0,0,0.0
A0,Cooney2016_fairness,sonnet45,deidentified,demographic,fair_procedure,moral_scenario,affect_forecast,moral_judgment,moral,0,30,30,0,0,0,0,0,0.0
A0,Cooney2016_fairness,sonnet45,deidentified,demographic,unfair_procedure,moral_scenario,affect_forecast,moral_judgment,moral,0,30,30,0,0,0,0,0,0.0
A0,Cooney2016_fairness,sonnet45,deidentified,none,fair_procedure,moral_scenario,affect_forecast,moral_judgment,moral,0,30,30,0,0,0,0,0,0.0
A0,Cooney2016_fairness,sonnet45,deidentified,none,unfair_procedure,moral_scenario,affect_forecast,moral_judgment,moral,0,30,30,0,0,0,0,0,0.0
A0,Cooney2016_fairness,sonnet45,frame_flip,demographic,fair_procedure,moral_scenario,affect_forecast,moral_judgment,moral,0,30,29,1,0,0,0,1,0.03333333333333333
A0,Cooney2016_fairness,sonnet45,frame_flip,demographic,unfair_procedure,moral_scenario,affect_forecast,moral_judgment,moral,0,30,30,0,0,0,0,0,0.0
A0,Cooney2016_fairness,sonnet45,frame_flip,none,fair_procedure,moral_scenario,affect_forecast,moral_judgment,moral,0,30,30,0,0,0,0,0,0.0
A0,Cooney2016_fairness,sonnet45,frame_flip,none,unfair_procedure,moral_scenario,affect_forecast,moral_judgment,moral,0,30,30,0,0,0,0,0,0.0
A0,Cooney2016_fairness,sonnet5,A,demographic,fair_procedure,moral_scenario,affect_forecast,moral_judgment,moral,0,30,30,0,0,0,0,0,0.0
A0,Cooney2016_fairness,sonnet5,A,demographic,unfair_procedure,moral_scenario,affect_forecast,moral_judgment,moral,0,30,30,0,0,0,0,0,0.0
A0,Cooney2016_fairness,sonnet5,A,none,fair_procedure,moral_scenario,affect_forecast,moral_judgment,moral,0,30,30,0,0,0,0,0,0.0
A0,Cooney2016_fairness,sonnet5,A,none,unfair_procedure,moral_scenario,affect_forecast,moral_judgment,moral,0,30,30,0,0,0,0,0,0.0
A0,Cooney2016_fairness,sonnet5,B,demographic,fair_procedure,moral_scenario,affect_forecast,moral_judgment,moral,0,30,30,0,0,0,0,0,0.0
A0,Cooney2016_fairness,sonnet5,B,demographic,unfair_procedure,moral_scenario,affect_forecast,moral_judgment,moral,0,30,30,0,0,0,0,0,0.0
A0,Cooney2016_fairness,sonnet5,B,none,fair_procedure,moral_scenario,affect_forecast,moral_judgment,moral,0,30,30,0,0,0,0,0,0.0
A0,Cooney2016_fairness,sonnet5,B,none,unfair_procedure,moral_scenario,affect_forecast,moral_judgment,moral,0,30,30,0,0,0,0,0,0.0
A0,Cooney2016_fairness,sonnet5,deidentified,demographic,fair_procedure,moral_scenario,affect_forecast,moral_judgment,moral,0,30,30,0,0,0,0,0,0.0
A0,Cooney2016_fairness,sonnet5,deidentified,demographic,unfair_procedure,moral_scenario,affect_forecast,moral_judgment,moral,0,30,30,0,0,0,0,0,0.0
A0,Cooney2016_fairness,sonnet5,deidentified,none,fair_procedure,moral_scenario,affect_forecast,moral_judgment,moral,0,30,30,0,0,0,0,0,0.0
A0,Cooney2016_fairness,sonnet5,deidentified,none,unfair_procedure,moral_scenario,affect_forecast,moral_judgment,moral,0,30,30,0,0,0,0,0,0.0
A0,Cooney2016_fairness,sonnet5,frame_flip,demographic,fair_procedure,moral_scenario,affect_forecast,moral_judgment,moral,0,30,30,0,0,0,0,0,0.0
A0,Cooney2016_fairness,sonnet5,frame_flip,demographic,unfair_procedure,moral_scenario,affect_forecast,moral_judgment,moral,0,30,30,0,0,0,0,0,0.0
A0,Cooney2016_fairness,sonnet5,frame_flip,none,fair_procedure,moral_scenario,affect_forecast,moral_judgment,moral,0,30,30,0,0,0,0,0,0.0
A0,Cooney2016_fairness,sonnet5,frame_flip,none,unfair_procedure,moral_scenario,affect_forecast,moral_judgment,moral,0,30,30,0,0,0,0,0,0.0
P2,Correll2007_motherhood_penalty,sonnet45,A,demographic,mother,social_category_cue,person_evaluation_rating,social_judgment,social_inference,1,30,28,2,0,0,0,2,0.06666666666666667
P2,Correll2007_motherhood_penalty,sonnet45,A,demographic,nonmother,social_category_cue,person_evaluation_rating,social_judgment,social_inference,0,30,29,1,0,0,0,1,0.03333333333333333
P2,Correll2007_motherhood_penalty,sonnet45,A,none,mother,social_category_cue,person_evaluation_rating,social_judgment,social_inference,1,30,30,0,0,0,0,0,0.0
P2,Correll2007_motherhood_penalty,sonnet45,A,none,nonmother,social_category_cue,person_evaluation_rating,social_judgment,social_inference,0,30,30,0,0,0,0,0,0.0
P2,Correll2007_motherhood_penalty,sonnet45,B,demographic,mother,social_category_cue,person_evaluation_rating,social_judgment,social_inference,1,30,4,26,0,0,0,26,0.8666666666666667
P2,Correll2007_motherhood_penalty,sonnet45,B,demographic,nonmother,social_category_cue,person_evaluation_rating,social_judgment,social_inference,0,30,8,22,0,0,0,22,0.7333333333333333
P2,Correll2007_motherhood_penalty,sonnet45,B,none,mother,social_category_cue,person_evaluation_rating,social_judgment,social_inference,1,30,8,0,22,0,0,22,0.7333333333333333
P2,Correll2007_motherhood_penalty,sonnet45,B,none,nonmother,social_category_cue,person_evaluation_rating,social_judgment,social_inference,0,30,20,1,9,0,0,10,0.3333333333333333
P2,Correll2007_motherhood_penalty,sonnet5,A,demographic,mother,social_category_cue,person_evaluation_rating,social_judgment,social_inference,1,30,30,0,0,0,0,0,0.0
P2,Correll2007_motherhood_penalty,sonnet5,A,demographic,nonmother,social_category_cue,person_evaluation_rating,social_judgment,social_inference,0,30,30,0,0,0,0,0,0.0
P2,Correll2007_motherhood_penalty,sonnet5,A,none,mother,social_category_cue,person_evaluation_rating,social_judgment,social_inference,1,30,30,0,0,0,0,0,0.0
P2,Correll2007_motherhood_penalty,sonnet5,A,none,nonmother,social_category_cue,person_evaluation_rating,social_judgment,social_inference,0,30,30,0,0,0,0,0,0.0
P2,Correll2007_motherhood_penalty,sonnet5,B,demographic,mother,social_category_cue,person_evaluation_rating,social_judgment,social_inference,1,30,30,0,0,0,0,0,0.0
P2,Correll2007_motherhood_penalty,sonnet5,B,demographic,nonmother,social_category_cue,person_evaluation_rating,social_judgment,social_inference,0,30,30,0,0,0,0,0,0.0
P2,Correll2007_motherhood_penalty,sonnet5,B,none,mother,social_category_cue,person_evaluation_rating,social_judgment,social_inference,1,30,30,0,0,0,0,0,0.0
P2,Correll2007_motherhood_penalty,sonnet5,B,none,nonmother,social_category_cue,person_evaluation_rating,social_judgment,social_inference,0,30,30,0,0,0,0,0,0.0
P2,DeNeve1998_swb_neuroticism,sonnet45,A,demographic,,no_manipulation,affect_report,questionnaire,self_report,0,60,60,0,0,0,0,0,0.0
P2,DeNeve1998_swb_neuroticism,sonnet45,A,none,,no_manipulation,affect_report,questionnaire,self_report,0,60,60,0,0,0,0,0,0.0
P2,DeNeve1998_swb_neuroticism,sonnet45,B,demographic,,no_manipulation,affect_report,questionnaire,self_report,0,60,60,0,0,0,0,0,0.0
P2,DeNeve1998_swb_neuroticism,sonnet45,B,none,,no_manipulation,affect_report,questionnaire,self_report,0,60,60,0,0,0,0,0,0.0
P2,DeNeve1998_swb_neuroticism,sonnet5,A,demographic,,no_manipulation,affect_report,questionnaire,self_report,0,60,60,0,0,0,0,0,0.0
P2,DeNeve1998_swb_neuroticism,sonnet5,A,none,,no_manipulation,affect_report,questionnaire,self_report,0,60,60,0,0,0,0,0,0.0
P2,DeNeve1998_swb_neuroticism,sonnet5,B,demographic,,no_manipulation,affect_report,questionnaire,self_report,0,60,60,0,0,0,0,0,0.0
P2,DeNeve1998_swb_neuroticism,sonnet5,B,none,,no_manipulation,affect_report,questionnaire,self_report,0,60,60,0,0,0,0,0,0.0
P2,DogerliogluDemir2014_incidental_anchor,sonnet45,A,demographic,high_anchor,numeric_anchor,neutral_judgment,jdm_bias,jdm_or_perceptual,0,20,20,0,0,0,0,0,0.0
P2,DogerliogluDemir2014_incidental_anchor,sonnet45,A,demographic,low_anchor,numeric_anchor,neutral_judgment,jdm_bias,jdm_or_perceptual,0,20,20,0,0,0,0,0,0.0
P2,DogerliogluDemir2014_incidental_anchor,sonnet45,A,none,high_anchor,numeric_anchor,neutral_judgment,jdm_bias,jdm_or_perceptual,0,20,20,0,0,0,0,0,0.0
P2,DogerliogluDemir2014_incidental_anchor,sonnet45,A,none,low_anchor,numeric_anchor,neutral_judgment,jdm_bias,jdm_or_perceptual,0,20,20,0,0,0,0,0,0.0
P2,DogerliogluDemir2014_incidental_anchor,sonnet45,B,demographic,high_anchor,numeric_anchor,neutral_judgment,jdm_bias,jdm_or_perceptual,0,20,6,14,0,0,0,14,0.7
P2,DogerliogluDemir2014_incidental_anchor,sonnet45,B,demographic,low_anchor,numeric_anchor,neutral_judgment,jdm_bias,jdm_or_perceptual,0,20,6,14,0,0,0,14,0.7
P2,DogerliogluDemir2014_incidental_anchor,sonnet45,B,none,high_anchor,numeric_anchor,neutral_judgment,jdm_bias,jdm_or_perceptual,0,20,19,0,0,1,0,1,0.05
P2,DogerliogluDemir2014_incidental_anchor,sonnet45,B,none,low_anchor,numeric_anchor,neutral_judgment,jdm_bias,jdm_or_perceptual,0,20,18,0,0,2,0,2,0.1
P2,DogerliogluDemir2014_incidental_anchor,sonnet5,A,demographic,high_anchor,numeric_anchor,neutral_judgment,jdm_bias,jdm_or_perceptual,0,20,20,0,0,0,0,0,0.0
P2,DogerliogluDemir2014_incidental_anchor,sonnet5,A,demographic,low_anchor,numeric_anchor,neutral_judgment,jdm_bias,jdm_or_perceptual,0,20,20,0,0,0,0,0,0.0
P2,DogerliogluDemir2014_incidental_anchor,sonnet5,A,none,high_anchor,numeric_anchor,neutral_judgment,jdm_bias,jdm_or_perceptual,0,20,20,0,0,0,0,0,0.0
P2,DogerliogluDemir2014_incidental_anchor,sonnet5,A,none,low_anchor,numeric_anchor,neutral_judgment,jdm_bias,jdm_or_perceptual,0,20,20,0,0,0,0,0,0.0
P2,DogerliogluDemir2014_incidental_anchor,sonnet5,B,demographic,high_anchor,numeric_anchor,neutral_judgment,jdm_bias,jdm_or_perceptual,0,20,20,0,0,0,0,0,0.0
P2,DogerliogluDemir2014_incidental_anchor,sonnet5,B,demographic,low_anchor,numeric_anchor,neutral_judgment,jdm_bias,jdm_or_perceptual,0,20,20,0,0,0,0,0,0.0
P2,DogerliogluDemir2014_incidental_anchor,sonnet5,B,none,high_anchor,numeric_anchor,neutral_judgment,jdm_bias,jdm_or_perceptual,0,20,20,0,0,0,0,0,0.0
P2,DogerliogluDemir2014_incidental_anchor,sonnet5,B,none,low_anchor,numeric_anchor,neutral_judgment,jdm_bias,jdm_or_perceptual,0,20,20,0,0,0,0,0,0.0
P2,Elliot2010_red_attraction,sonnet45,A,demographic,red,visual_stimulus,neutral_judgment,social_priming,priming,0,20,20,0,0,0,0,0,0.0
P2,Elliot2010_red_attraction,sonnet45,A,demographic,white,visual_stimulus,neutral_judgment,social_priming,priming,0,20,20,0,0,0,0,0,0.0
P2,Elliot2010_red_attraction,sonnet45,A,none,red,visual_stimulus,neutral_judgment,social_priming,priming,0,20,20,0,0,0,0,0,0.0
P2,Elliot2010_red_attraction,sonnet45,A,none,white,visual_stimulus,neutral_judgment,social_priming,priming,0,20,20,0,0,0,0,0,0.0
P2,Elliot2010_red_attraction,sonnet45,B,demographic,red,visual_stimulus,neutral_judgment,social_priming,priming,0,20,20,0,0,0,0,0,0.0
P2,Elliot2010_red_attraction,sonnet45,B,demographic,white,visual_stimulus,neutral_judgment,social_priming,priming,0,20,20,0,0,0,0,0,0.0
P2,Elliot2010_red_attraction,sonnet45,B,none,red,visual_stimulus,neutral_judgment,social_priming,priming,0,20,20,0,0,0,0,0,0.0
P2,Elliot2010_red_attraction,sonnet45,B,none,white,visual_stimulus,neutral_judgment,social_priming,priming,0,20,17,0,3,0,0,3,0.15
P2,Elliot2010_red_attraction,sonnet5,A,demographic,red,visual_stimulus,neutral_judgment,social_priming,priming,0,20,20,0,0,0,0,0,0.0
P2,Elliot2010_red_attraction,sonnet5,A,demographic,white,visual_stimulus,neutral_judgment,social_priming,priming,0,20,20,0,0,0,0,0,0.0
P2,Elliot2010_red_attraction,sonnet5,A,none,red,visual_stimulus,neutral_judgment,social_priming,priming,0,20,20,0,0,0,0,0,0.0
P2,Elliot2010_red_attraction,sonnet5,A,none,white,visual_stimulus,neutral_judgment,social_priming,priming,0,20,20,0,0,0,0,0,0.0
P2,Elliot2010_red_attraction,sonnet5,B,demographic,red,visual_stimulus,neutral_judgment,social_priming,priming,0,20,20,0,0,0,0,0,0.0
P2,Elliot2010_red_attraction,sonnet5,B,demographic,white,visual_stimulus,neutral_judgment,social_priming,priming,0,20,20,0,0,0,0,0,0.0
P2,Elliot2010_red_attraction,sonnet5,B,none,red,visual_stimulus,neutral_judgment,social_priming,priming,0,20,20,0,0,0,0,0,0.0
P2,Elliot2010_red_attraction,sonnet5,B,none,white,visual_stimulus,neutral_judgment,social_priming,priming,0,20,20,0,0,0,0,0,0.0
A1,Eyal2008_moral_distance,sonnet45,A,demographic,distant_future,temporal_frame,moral_wrongness_rating,moral_judgment,moral,0,30,30,0,0,0,0,0,0.0
A1,Eyal2008_moral_distance,sonnet45,A,demographic,near_future,temporal_frame,moral_wrongness_rating,moral_judgment,moral,0,30,30,0,0,0,0,0,0.0
A1,Eyal2008_moral_distance,sonnet45,A,none,distant_future,temporal_frame,moral_wrongness_rating,moral_judgment,moral,0,30,30,0,0,0,0,0,0.0
A1,Eyal2008_moral_distance,sonnet45,A,none,near_future,temporal_frame,moral_wrongness_rating,moral_judgment,moral,0,30,30,0,0,0,0,0,0.0
A1,Eyal2008_moral_distance,sonnet45,B,demographic,distant_future,temporal_frame,moral_wrongness_rating,moral_judgment,moral,0,30,30,0,0,0,0,0,0.0
A1,Eyal2008_moral_distance,sonnet45,B,demographic,near_future,temporal_frame,moral_wrongness_rating,moral_judgment,moral,0,30,29,1,0,0,0,1,0.03333333333333333
A1,Eyal2008_moral_distance,sonnet45,B,none,distant_future,temporal_frame,moral_wrongness_rating,moral_judgment,moral,0,30,30,0,0,0,0,0,0.0
A1,Eyal2008_moral_distance,sonnet45,B,none,near_future,temporal_frame,moral_wrongness_rating,moral_judgment,moral,0,30,30,0,0,0,0,0,0.0
A1,Eyal2008_moral_distance,sonnet5,A,demographic,distant_future,temporal_frame,moral_wrongness_rating,moral_judgment,moral,0,30,30,0,0,0,0,0,0.0
A1,Eyal2008_moral_distance,sonnet5,A,demographic,near_future,temporal_frame,moral_wrongness_rating,moral_judgment,moral,0,30,30,0,0,0,0,0,0.0
A1,Eyal2008_moral_distance,sonnet5,A,none,distant_future,temporal_frame,moral_wrongness_rating,moral_judgment,moral,0,30,30,0,0,0,0,0,0.0
A1,Eyal2008_moral_distance,sonnet5,A,none,near_future,temporal_frame,moral_wrongness_rating,moral_judgment,moral,0,30,30,0,0,0,0,0,0.0
A1,Eyal2008_moral_distance,sonnet5,B,demographic,distant_future,temporal_frame,moral_wrongness_rating,moral_judgment,moral,0,30,30,0,0,0,0,0,0.0
A1,Eyal2008_moral_distance,sonnet5,B,demographic,near_future,temporal_frame,moral_wrongness_rating,moral_judgment,moral,0,30,30,0,0,0,0,0,0.0
A1,Eyal2008_moral_distance,sonnet5,B,none,distant_future,temporal_frame,moral_wrongness_rating,moral_judgment,moral,0,30,30,0,0,0,0,0,0.0
A1,Eyal2008_moral_distance,sonnet5,B,none,near_future,temporal_frame,moral_wrongness_rating,moral_judgment,moral,0,30,30,0,0,0,0,0,0.0
P2,FathKay2018_hierarchy_corruption,sonnet45,A,demographic,flat,narrative_stimulus,moral_wrongness_rating,social_judgment,social_inference,0,20,12,8,0,0,0,8,0.4
P2,FathKay2018_hierarchy_corruption,sonnet45,A,demographic,hierarchical,narrative_stimulus,moral_wrongness_rating,social_judgment,social_inference,0,20,20,0,0,0,0,0,0.0
P2,FathKay2018_hierarchy_corruption,sonnet45,A,none,flat,narrative_stimulus,moral_wrongness_rating,social_judgment,social_inference,0,20,0,20,0,0,0,20,1.0
P2,FathKay2018_hierarchy_corruption,sonnet45,A,none,hierarchical,narrative_stimulus,moral_wrongness_rating,social_judgment,social_inference,0,20,0,20,0,0,0,20,1.0
P2,FathKay2018_hierarchy_corruption,sonnet45,B,demographic,flat,narrative_stimulus,moral_wrongness_rating,social_judgment,social_inference,0,20,20,0,0,0,0,0,0.0
P2,FathKay2018_hierarchy_corruption,sonnet45,B,demographic,hierarchical,narrative_stimulus,moral_wrongness_rating,social_judgment,social_inference,0,20,20,0,0,0,0,0,0.0
P2,FathKay2018_hierarchy_corruption,sonnet45,B,none,flat,narrative_stimulus,moral_wrongness_rating,social_judgment,social_inference,0,20,20,0,0,0,0,0,0.0
P2,FathKay2018_hierarchy_corruption,sonnet45,B,none,hierarchical,narrative_stimulus,moral_wrongness_rating,social_judgment,social_inference,0,20,20,0,0,0,0,0,0.0
P2,FathKay2018_hierarchy_corruption,sonnet5,A,demographic,flat,narrative_stimulus,moral_wrongness_rating,social_judgment,social_inference,0,20,20,0,0,0,0,0,0.0
P2,FathKay2018_hierarchy_corruption,sonnet5,A,demographic,hierarchical,narrative_stimulus,moral_wrongness_rating,social_judgment,social_inference,0,20,20,0,0,0,0,0,0.0
P2,FathKay2018_hierarchy_corruption,sonnet5,A,none,flat,narrative_stimulus,moral_wrongness_rating,social_judgment,social_inference,0,20,20,0,0,0,0,0,0.0
P2,FathKay2018_hierarchy_corruption,sonnet5,A,none,hierarchical,narrative_stimulus,moral_wrongness_rating,social_judgment,social_inference,0,20,20,0,0,0,0,0,0.0
P2,FathKay2018_hierarchy_corruption,sonnet5,B,demographic,flat,narrative_stimulus,moral_wrongness_rating,social_judgment,social_inference,0,20,20,0,0,0,0,0,0.0
P2,FathKay2018_hierarchy_corruption,sonnet5,B,demographic,hierarchical,narrative_stimulus,moral_wrongness_rating,social_judgment,social_inference,0,20,20,0,0,0,0,0,0.0
P2,FathKay2018_hierarchy_corruption,sonnet5,B,none,flat,narrative_stimulus,moral_wrongness_rating,social_judgment,social_inference,0,20,20,0,0,0,0,0,0.0
P2,FathKay2018_hierarchy_corruption,sonnet5,B,none,hierarchical,narrative_stimulus,moral_wrongness_rating,social_judgment,social_inference,0,20,20,0,0,0,0,0,0.0
P2,Fetherstonhaugh1997_psychophysical_numbing,sonnet45,A,demographic,large_camp,narrative_stimulus,monetary_allocation,jdm_bias,jdm_or_perceptual,0,30,30,0,0,0,0,0,0.0
P2,Fetherstonhaugh1997_psychophysical_numbing,sonnet45,A,demographic,small_camp,narrative_stimulus,monetary_allocation,jdm_bias,jdm_or_perceptual,0,30,30,0,0,0,0,0,0.0
P2,Fetherstonhaugh1997_psychophysical_numbing,sonnet45,A,none,large_camp,narrative_stimulus,monetary_allocation,jdm_bias,jdm_or_perceptual,0,30,30,0,0,0,0,0,0.0
P2,Fetherstonhaugh1997_psychophysical_numbing,sonnet45,A,none,small_camp,narrative_stimulus,monetary_allocation,jdm_bias,jdm_or_perceptual,0,30,30,0,0,0,0,0,0.0
P2,Fetherstonhaugh1997_psychophysical_numbing,sonnet45,B,demographic,large_camp,narrative_stimulus,monetary_allocation,jdm_bias,jdm_or_perceptual,0,30,30,0,0,0,0,0,0.0
P2,Fetherstonhaugh1997_psychophysical_numbing,sonnet45,B,demographic,small_camp,narrative_stimulus,monetary_allocation,jdm_bias,jdm_or_perceptual,0,30,30,0,0,0,0,0,0.0
P2,Fetherstonhaugh1997_psychophysical_numbing,sonnet45,B,none,large_camp,narrative_stimulus,monetary_allocation,jdm_bias,jdm_or_perceptual,0,30,30,0,0,0,0,0,0.0
P2,Fetherstonhaugh1997_psychophysical_numbing,sonnet45,B,none,small_camp,narrative_stimulus,monetary_allocation,jdm_bias,jdm_or_perceptual,0,30,30,0,0,0,0,0,0.0
P2,Fetherstonhaugh1997_psychophysical_numbing,sonnet5,A,demographic,large_camp,narrative_stimulus,monetary_allocation,jdm_bias,jdm_or_perceptual,0,30,30,0,0,0,0,0,0.0
P2,Fetherstonhaugh1997_psychophysical_numbing,sonnet5,A,demographic,small_camp,narrative_stimulus,monetary_allocation,jdm_bias,jdm_or_perceptual,0,30,30,0,0,0,0,0,0.0
P2,Fetherstonhaugh1997_psychophysical_numbing,sonnet5,A,none,large_camp,narrative_stimulus,monetary_allocation,jdm_bias,jdm_or_perceptual,0,30,30,0,0,0,0,0,0.0
P2,Fetherstonhaugh1997_psychophysical_numbing,sonnet5,A,none,small_camp,narrative_stimulus,monetary_allocation,jdm_bias,jdm_or_perceptual,0,30,30,0,0,0,0,0,0.0
P2,Fetherstonhaugh1997_psychophysical_numbing,sonnet5,B,demographic,large_camp,narrative_stimulus,monetary_allocation,jdm_bias,jdm_or_perceptual,0,30,30,0,0,0,0,0,0.0
P2,Fetherstonhaugh1997_psychophysical_numbing,sonnet5,B,demographic,small_camp,narrative_stimulus,monetary_allocation,jdm_bias,jdm_or_perceptual,0,30,30,0,0,0,0,0,0.0
P2,Fetherstonhaugh1997_psychophysical_numbing,sonnet5,B,none,large_camp,narrative_stimulus,monetary_allocation,jdm_bias,jdm_or_perceptual,0,30,30,0,0,0,0,0,0.0
P2,Fetherstonhaugh1997_psychophysical_numbing,sonnet5,B,none,small_camp,narrative_stimulus,monetary_allocation,jdm_bias,jdm_or_perceptual,0,30,30,0,0,0,0,0,0.0
P2,Finucane2000_affect_heuristic,sonnet45,A,demographic,,no_manipulation,neutral_judgment,jdm_bias,jdm_or_perceptual,0,60,60,0,0,0,0,0,0.0
P2,Finucane2000_affect_heuristic,sonnet45,A,none,,no_manipulation,neutral_judgment,jdm_bias,jdm_or_perceptual,0,60,60,0,0,0,0,0,0.0
P2,Finucane2000_affect_heuristic,sonnet45,B,demographic,,no_manipulation,neutral_judgment,jdm_bias,jdm_or_perceptual,0,60,60,0,0,0,0,0,0.0
P2,Finucane2000_affect_heuristic,sonnet45,B,none,,no_manipulation,neutral_judgment,jdm_bias,jdm_or_perceptual,0,60,60,0,0,0,0,0,0.0
P2,Finucane2000_affect_heuristic,sonnet5,A,demographic,,no_manipulation,neutral_judgment,jdm_bias,jdm_or_perceptual,0,60,60,0,0,0,0,0,0.0
P2,Finucane2000_affect_heuristic,sonnet5,A,none,,no_manipulation,neutral_judgment,jdm_bias,jdm_or_perceptual,0,60,60,0,0,0,0,0,0.0
P2,Finucane2000_affect_heuristic,sonnet5,B,demographic,,no_manipulation,neutral_judgment,jdm_bias,jdm_or_perceptual,0,60,60,0,0,0,0,0,0.0
P2,Finucane2000_affect_heuristic,sonnet5,B,none,,no_manipulation,neutral_judgment,jdm_bias,jdm_or_perceptual,0,60,60,0,0,0,0,0,0.0
P2,Galinsky2006_power_perspective,sonnet45,A,demographic,high_power,power_recall,self_episode_report,introspective_recall,self_report,1,21,21,0,0,0,0,0,0.0
P2,Galinsky2006_power_perspective,sonnet45,A,demographic,low_power,power_recall,self_episode_report,introspective_recall,self_report,0,21,21,0,0,0,0,0,0.0
P2,Galinsky2006_power_perspective,sonnet45,A,none,high_power,power_recall,self_episode_report,introspective_recall,self_report,1,21,21,0,0,0,0,0,0.0
P2,Galinsky2006_power_perspective,sonnet45,A,none,low_power,power_recall,self_episode_report,introspective_recall,self_report,0,21,21,0,0,0,0,0,0.0
P2,Galinsky2006_power_perspective,sonnet45,B,demographic,high_power,power_recall,self_episode_report,introspective_recall,self_report,1,21,21,0,0,0,0,0,0.0
P2,Galinsky2006_power_perspective,sonnet45,B,demographic,low_power,power_recall,self_episode_report,introspective_recall,self_report,0,21,21,0,0,0,0,0,0.0
P2,Galinsky2006_power_perspective,sonnet45,B,none,high_power,power_recall,self_episode_report,introspective_recall,self_report,1,21,21,0,0,0,0,0,0.0
P2,Galinsky2006_power_perspective,sonnet45,B,none,low_power,power_recall,self_episode_report,introspective_recall,self_report,0,21,21,0,0,0,0,0,0.0
P2,Galinsky2006_power_perspective,sonnet5,A,demographic,high_power,power_recall,self_episode_report,introspective_recall,self_report,1,21,21,0,0,0,0,0,0.0
P2,Galinsky2006_power_perspective,sonnet5,A,demographic,low_power,power_recall,self_episode_report,introspective_recall,self_report,0,21,21,0,0,0,0,0,0.0
P2,Galinsky2006_power_perspective,sonnet5,A,none,high_power,power_recall,self_episode_report,introspective_recall,self_report,1,21,21,0,0,0,0,0,0.0
P2,Galinsky2006_power_perspective,sonnet5,A,none,low_power,power_recall,self_episode_report,introspective_recall,self_report,0,21,21,0,0,0,0,0,0.0
P2,Galinsky2006_power_perspective,sonnet5,B,demographic,high_power,power_recall,self_episode_report,introspective_recall,self_report,1,21,21,0,0,0,0,0,0.0
P2,Galinsky2006_power_perspective,sonnet5,B,demographic,low_power,power_recall,self_episode_report,introspective_recall,self_report,0,21,21,0,0,0,0,0,0.0
P2,Galinsky2006_power_perspective,sonnet5,B,none,high_power,power_recall,self_episode_report,introspective_recall,self_report,1,21,21,0,0,0,0,0,0.0
P2,Galinsky2006_power_perspective,sonnet5,B,none,low_power,power_recall,self_episode_report,introspective_recall,self_report,0,21,21,0,0,0,0,0,0.0
A1,Genschow2017_free_will_attribution,sonnet45,A,demographic,anti_free_will,narrative_stimulus,neutral_judgment,jdm_bias,jdm_or_perceptual,0,30,30,0,0,0,0,0,0.0
A1,Genschow2017_free_will_attribution,sonnet45,A,demographic,control,narrative_stimulus,neutral_judgment,jdm_bias,jdm_or_perceptual,0,30,30,0,0,0,0,0,0.0
A1,Genschow2017_free_will_attribution,sonnet45,A,none,anti_free_will,narrative_stimulus,neutral_judgment,jdm_bias,jdm_or_perceptual,0,30,30,0,0,0,0,0,0.0
A1,Genschow2017_free_will_attribution,sonnet45,A,none,control,narrative_stimulus,neutral_judgment,jdm_bias,jdm_or_perceptual,0,30,30,0,0,0,0,0,0.0
A1,Genschow2017_free_will_attribution,sonnet45,B,demographic,anti_free_will,narrative_stimulus,neutral_judgment,jdm_bias,jdm_or_perceptual,0,30,30,0,0,0,0,0,0.0
A1,Genschow2017_free_will_attribution,sonnet45,B,demographic,control,narrative_stimulus,neutral_judgment,jdm_bias,jdm_or_perceptual,0,30,30,0,0,0,0,0,0.0
A1,Genschow2017_free_will_attribution,sonnet45,B,none,anti_free_will,narrative_stimulus,neutral_judgment,jdm_bias,jdm_or_perceptual,0,30,30,0,0,0,0,0,0.0
A1,Genschow2017_free_will_attribution,sonnet45,B,none,control,narrative_stimulus,neutral_judgment,jdm_bias,jdm_or_perceptual,0,30,30,0,0,0,0,0,0.0
A1,Genschow2017_free_will_attribution,sonnet5,A,demographic,anti_free_will,narrative_stimulus,neutral_judgment,jdm_bias,jdm_or_perceptual,0,30,30,0,0,0,0,0,0.0
A1,Genschow2017_free_will_attribution,sonnet5,A,demographic,control,narrative_stimulus,neutral_judgment,jdm_bias,jdm_or_perceptual,0,30,30,0,0,0,0,0,0.0
A1,Genschow2017_free_will_attribution,sonnet5,A,none,anti_free_will,narrative_stimulus,neutral_judgment,jdm_bias,jdm_or_perceptual,0,30,30,0,0,0,0,0,0.0
A1,Genschow2017_free_will_attribution,sonnet5,A,none,control,narrative_stimulus,neutral_judgment,jdm_bias,jdm_or_perceptual,0,30,30,0,0,0,0,0,0.0
A1,Genschow2017_free_will_attribution,sonnet5,B,demographic,anti_free_will,narrative_stimulus,neutral_judgment,jdm_bias,jdm_or_perceptual,0,30,23,0,0,0,7,0,0.0
A1,Genschow2017_free_will_attribution,sonnet5,B,demographic,control,narrative_stimulus,neutral_judgment,jdm_bias,jdm_or_perceptual,0,30,28,0,0,0,2,0,0.0
A1,Genschow2017_free_will_attribution,sonnet5,B,none,anti_free_will,narrative_stimulus,neutral_judgment,jdm_bias,jdm_or_perceptual,0,30,28,0,0,0,2,0,0.0
A1,Genschow2017_free_will_attribution,sonnet5,B,none,control,narrative_stimulus,neutral_judgment,jdm_bias,jdm_or_perceptual,0,30,30,0,0,0,0,0,0.0
P2,Gervais2012_analytic_priming,sonnet45,A,demographic,analytic_prime,visual_stimulus,religious_belief_report,social_priming,priming,0,29,29,0,0,0,0,0,0.0
P2,Gervais2012_analytic_priming,sonnet45,A,demographic,control,visual_stimulus,religious_belief_report,social_priming,priming,0,28,28,0,0,0,0,0,0.0
P2,Gervais2012_analytic_priming,sonnet45,A,none,analytic_prime,visual_stimulus,religious_belief_report,social_priming,priming,0,29,29,0,0,0,0,0,0.0
P2,Gervais2012_analytic_priming,sonnet45,A,none,control,visual_stimulus,religious_belief_report,social_priming,priming,0,28,28,0,0,0,0,0,0.0
P2,Gervais2012_analytic_priming,sonnet45,B,demographic,analytic_prime,visual_stimulus,religious_belief_report,social_priming,priming,0,29,9,20,0,0,0,20,0.6896551724137931
P2,Gervais2012_analytic_priming,sonnet45,B,demographic,control,visual_stimulus,religious_belief_report,social_priming,priming,0,28,0,28,0,0,0,28,1.0
P2,Gervais2012_analytic_priming,sonnet45,B,none,analytic_prime,visual_stimulus,religious_belief_report,social_priming,priming,0,29,12,16,1,0,0,17,0.5862068965517241
P2,Gervais2012_analytic_priming,sonnet45,B,none,control,visual_stimulus,religious_belief_report,social_priming,priming,0,28,0,28,0,0,0,28,1.0
P2,Gervais2012_analytic_priming,sonnet5,A,demographic,analytic_prime,visual_stimulus,religious_belief_report,social_priming,priming,0,29,29,0,0,0,0,0,0.0
P2,Gervais2012_analytic_priming,sonnet5,A,demographic,control,visual_stimulus,religious_belief_report,social_priming,priming,0,28,28,0,0,0,0,0,0.0
P2,Gervais2012_analytic_priming,sonnet5,A,none,analytic_prime,visual_stimulus,religious_belief_report,social_priming,priming,0,29,29,0,0,0,0,0,0.0
P2,Gervais2012_analytic_priming,sonnet5,A,none,control,visual_stimulus,religious_belief_report,social_priming,priming,0,28,28,0,0,0,0,0,0.0
P2,Gervais2012_analytic_priming,sonnet5,B,demographic,analytic_prime,visual_stimulus,religious_belief_report,social_priming,priming,0,29,29,0,0,0,0,0,0.0
P2,Gervais2012_analytic_priming,sonnet5,B,demographic,control,visual_stimulus,religious_belief_report,social_priming,priming,0,28,28,0,0,0,0,0,0.0
P2,Gervais2012_analytic_priming,sonnet5,B,none,analytic_prime,visual_stimulus,religious_belief_report,social_priming,priming,0,29,29,0,0,0,0,0,0.0
P2,Gervais2012_analytic_priming,sonnet5,B,none,control,visual_stimulus,religious_belief_report,social_priming,priming,0,28,28,0,0,0,0,0,0.0
P2,Giessner2007_vertical_power,sonnet45,A,demographic,long_line,visual_stimulus,neutral_judgment,social_priming,priming,0,30,29,1,0,0,0,1,0.03333333333333333
P2,Giessner2007_vertical_power,sonnet45,A,demographic,short_line,visual_stimulus,neutral_judgment,social_priming,priming,0,30,29,1,0,0,0,1,0.03333333333333333
P2,Giessner2007_vertical_power,sonnet45,A,none,long_line,visual_stimulus,neutral_judgment,social_priming,priming,0,30,30,0,0,0,0,0,0.0
P2,Giessner2007_vertical_power,sonnet45,A,none,short_line,visual_stimulus,neutral_judgment,social_priming,priming,0,30,30,0,0,0,0,0,0.0
P2,Giessner2007_vertical_power,sonnet45,B,demographic,long_line,visual_stimulus,neutral_judgment,social_priming,priming,0,30,29,1,0,0,0,1,0.03333333333333333
P2,Giessner2007_vertical_power,sonnet45,B,demographic,short_line,visual_stimulus,neutral_judgment,social_priming,priming,0,30,27,3,0,0,0,3,0.1
P2,Giessner2007_vertical_power,sonnet45,B,none,long_line,visual_stimulus,neutral_judgment,social_priming,priming,0,30,30,0,0,0,0,0,0.0
P2,Giessner2007_vertical_power,sonnet45,B,none,short_line,visual_stimulus,neutral_judgment,social_priming,priming,0,30,30,0,0,0,0,0,0.0
P2,Giessner2007_vertical_power,sonnet5,A,demographic,long_line,visual_stimulus,neutral_judgment,social_priming,priming,0,30,30,0,0,0,0,0,0.0
P2,Giessner2007_vertical_power,sonnet5,A,demographic,short_line,visual_stimulus,neutral_judgment,social_priming,priming,0,30,30,0,0,0,0,0,0.0
P2,Giessner2007_vertical_power,sonnet5,A,none,long_line,visual_stimulus,neutral_judgment,social_priming,priming,0,30,30,0,0,0,0,0,0.0
P2,Giessner2007_vertical_power,sonnet5,A,none,short_line,visual_stimulus,neutral_judgment,social_priming,priming,0,30,30,0,0,0,0,0,0.0
P2,Giessner2007_vertical_power,sonnet5,B,demographic,long_line,visual_stimulus,neutral_judgment,social_priming,priming,0,30,30,0,0,0,0,0,0.0
P2,Giessner2007_vertical_power,sonnet5,B,demographic,short_line,visual_stimulus,neutral_judgment,social_priming,priming,0,30,30,0,0,0,0,0,0.0
P2,Giessner2007_vertical_power,sonnet5,B,none,long_line,visual_stimulus,neutral_judgment,social_priming,priming,0,30,30,0,0,0,0,0,0.0
P2,Giessner2007_vertical_power,sonnet5,B,none,short_line,visual_stimulus,neutral_judgment,social_priming,priming,0,30,30,0,0,0,0,0,0.0
P2,Glikson2017_smiley_competence,sonnet45,A,demographic,text_no_smiley,visual_stimulus,neutral_judgment,trait_inference,social_inference,0,30,30,0,0,0,0,0,0.0
P2,Glikson2017_smiley_competence,sonnet45,A,demographic,text_with_smiley,visual_stimulus,neutral_judgment,trait_inference,social_inference,0,30,30,0,0,0,0,0,0.0
P2,Glikson2017_smiley_competence,sonnet45,A,none,text_no_smiley,visual_stimulus,neutral_judgment,trait_inference,social_inference,0,30,30,0,0,0,0,0,0.0
P2,Glikson2017_smiley_competence,sonnet45,A,none,text_with_smiley,visual_stimulus,neutral_judgment,trait_inference,social_inference,0,30,30,0,0,0,0,0,0.0
P2,Glikson2017_smiley_competence,sonnet45,B,demographic,text_no_smiley,visual_stimulus,neutral_judgment,trait_inference,social_inference,0,30,28,2,0,0,0,2,0.06666666666666667
P2,Glikson2017_smiley_competence,sonnet45,B,demographic,text_with_smiley,visual_stimulus,neutral_judgment,trait_inference,social_inference,0,30,27,3,0,0,0,3,0.1
P2,Glikson2017_smiley_competence,sonnet45,B,none,text_no_smiley,visual_stimulus,neutral_judgment,trait_inference,social_inference,0,30,30,0,0,0,0,0,0.0
P2,Glikson2017_smiley_competence,sonnet45,B,none,text_with_smiley,visual_stimulus,neutral_judgment,trait_inference,social_inference,0,30,30,0,0,0,0,0,0.0
P2,Glikson2017_smiley_competence,sonnet5,A,demographic,text_no_smiley,visual_stimulus,neutral_judgment,trait_inference,social_inference,0,30,30,0,0,0,0,0,0.0
P2,Glikson2017_smiley_competence,sonnet5,A,demographic,text_with_smiley,visual_stimulus,neutral_judgment,trait_inference,social_inference,0,30,30,0,0,0,0,0,0.0
P2,Glikson2017_smiley_competence,sonnet5,A,none,text_no_smiley,visual_stimulus,neutral_judgment,trait_inference,social_inference,0,30,30,0,0,0,0,0,0.0
P2,Glikson2017_smiley_competence,sonnet5,A,none,text_with_smiley,visual_stimulus,neutral_judgment,trait_inference,social_inference,0,30,30,0,0,0,0,0,0.0
P2,Glikson2017_smiley_competence,sonnet5,B,demographic,text_no_smiley,visual_stimulus,neutral_judgment,trait_inference,social_inference,0,30,30,0,0,0,0,0,0.0
P2,Glikson2017_smiley_competence,sonnet5,B,demographic,text_with_smiley,visual_stimulus,neutral_judgment,trait_inference,social_inference,0,30,30,0,0,0,0,0,0.0
P2,Glikson2017_smiley_competence,sonnet5,B,none,text_no_smiley,visual_stimulus,neutral_judgment,trait_inference,social_inference,0,30,30,0,0,0,0,0,0.0
P2,Glikson2017_smiley_competence,sonnet5,B,none,text_with_smiley,visual_stimulus,neutral_judgment,trait_inference,social_inference,0,30,30,0,0,0,0,0,0.0
P2,Helzer2011_cleansing_conservatism,sonnet45,A,demographic,cleansing_reminder,embodied_prime,political_attitude_report,social_priming,priming,0,26,26,0,0,0,0,0,0.0
P2,Helzer2011_cleansing_conservatism,sonnet45,A,demographic,control,embodied_prime,political_attitude_report,social_priming,priming,0,26,26,0,0,0,0,0,0.0
P2,Helzer2011_cleansing_conservatism,sonnet45,A,none,cleansing_reminder,embodied_prime,political_attitude_report,social_priming,priming,0,26,26,0,0,0,0,0,0.0
P2,Helzer2011_cleansing_conservatism,sonnet45,A,none,control,embodied_prime,political_attitude_report,social_priming,priming,0,26,26,0,0,0,0,0,0.0
P2,Helzer2011_cleansing_conservatism,sonnet45,B,demographic,cleansing_reminder,embodied_prime,political_attitude_report,social_priming,priming,0,26,26,0,0,0,0,0,0.0
P2,Helzer2011_cleansing_conservatism,sonnet45,B,demographic,control,embodied_prime,political_attitude_report,social_priming,priming,0,26,26,0,0,0,0,0,0.0
P2,Helzer2011_cleansing_conservatism,sonnet45,B,none,cleansing_reminder,embodied_prime,political_attitude_report,social_priming,priming,0,26,26,0,0,0,0,0,0.0
P2,Helzer2011_cleansing_conservatism,sonnet45,B,none,control,embodied_prime,political_attitude_report,social_priming,priming,0,26,22,4,0,0,0,4,0.15384615384615385
P2,Helzer2011_cleansing_conservatism,sonnet5,A,demographic,cleansing_reminder,embodied_prime,political_attitude_report,social_priming,priming,0,26,26,0,0,0,0,0,0.0
P2,Helzer2011_cleansing_conservatism,sonnet5,A,demographic,control,embodied_prime,political_attitude_report,social_priming,priming,0,26,26,0,0,0,0,0,0.0
P2,Helzer2011_cleansing_conservatism,sonnet5,A,none,cleansing_reminder,embodied_prime,political_attitude_report,social_priming,priming,0,26,26,0,0,0,0,0,0.0
P2,Helzer2011_cleansing_conservatism,sonnet5,A,none,control,embodied_prime,political_attitude_report,social_priming,priming,0,26,26,0,0,0,0,0,0.0
P2,Helzer2011_cleansing_conservatism,sonnet5,B,demographic,cleansing_reminder,embodied_prime,political_attitude_report,social_priming,priming,0,26,26,0,0,0,0,0,0.0
P2,Helzer2011_cleansing_conservatism,sonnet5,B,demographic,control,embodied_prime,political_attitude_report,social_priming,priming,0,26,26,0,0,0,0,0,0.0
P2,Helzer2011_cleansing_conservatism,sonnet5,B,none,cleansing_reminder,embodied_prime,political_attitude_report,social_priming,priming,0,26,26,0,0,0,0,0,0.0
P2,Helzer2011_cleansing_conservatism,sonnet5,B,none,control,embodied_prime,political_attitude_report,social_priming,priming,0,26,26,0,0,0,0,0,0.0
P2,Hoorens2015_more_less_asymmetry,sonnet45,A,demographic,less,stereotype_target,stereotype_endorsement,jdm_bias,jdm_or_perceptual,0,30,30,0,0,0,0,0,0.0
P2,Hoorens2015_more_less_asymmetry,sonnet45,A,demographic,more,stereotype_target,stereotype_endorsement,jdm_bias,jdm_or_perceptual,0,30,30,0,0,0,0,0,0.0
P2,Hoorens2015_more_less_asymmetry,sonnet45,A,none,less,stereotype_target,stereotype_endorsement,jdm_bias,jdm_or_perceptual,0,30,30,0,0,0,0,0,0.0
P2,Hoorens2015_more_less_asymmetry,sonnet45,A,none,more,stereotype_target,stereotype_endorsement,jdm_bias,jdm_or_perceptual,0,30,30,0,0,0,0,0,0.0
P2,Hoorens2015_more_less_asymmetry,sonnet45,B,demographic,less,stereotype_target,stereotype_endorsement,jdm_bias,jdm_or_perceptual,0,30,30,0,0,0,0,0,0.0
P2,Hoorens2015_more_less_asymmetry,sonnet45,B,demographic,more,stereotype_target,stereotype_endorsement,jdm_bias,jdm_or_perceptual,0,30,30,0,0,0,0,0,0.0
P2,Hoorens2015_more_less_asymmetry,sonnet45,B,none,less,stereotype_target,stereotype_endorsement,jdm_bias,jdm_or_perceptual,0,30,30,0,0,0,0,0,0.0
P2,Hoorens2015_more_less_asymmetry,sonnet45,B,none,more,stereotype_target,stereotype_endorsement,jdm_bias,jdm_or_perceptual,0,30,30,0,0,0,0,0,0.0
P2,Hoorens2015_more_less_asymmetry,sonnet5,A,demographic,less,stereotype_target,stereotype_endorsement,jdm_bias,jdm_or_perceptual,0,30,30,0,0,0,0,0,0.0
P2,Hoorens2015_more_less_asymmetry,sonnet5,A,demographic,more,stereotype_target,stereotype_endorsement,jdm_bias,jdm_or_perceptual,0,30,30,0,0,0,0,0,0.0
P2,Hoorens2015_more_less_asymmetry,sonnet5,A,none,less,stereotype_target,stereotype_endorsement,jdm_bias,jdm_or_perceptual,0,30,30,0,0,0,0,0,0.0
P2,Hoorens2015_more_less_asymmetry,sonnet5,A,none,more,stereotype_target,stereotype_endorsement,jdm_bias,jdm_or_perceptual,0,30,30,0,0,0,0,0,0.0
P2,Hoorens2015_more_less_asymmetry,sonnet5,B,demographic,less,stereotype_target,stereotype_endorsement,jdm_bias,jdm_or_perceptual,0,30,30,0,0,0,0,0,0.0
P2,Hoorens2015_more_less_asymmetry,sonnet5,B,demographic,more,stereotype_target,stereotype_endorsement,jdm_bias,jdm_or_perceptual,0,30,30,0,0,0,0,0,0.0
P2,Hoorens2015_more_less_asymmetry,sonnet5,B,none,less,stereotype_target,stereotype_endorsement,jdm_bias,jdm_or_perceptual,0,30,30,0,0,0,0,0,0.0
P2,Hoorens2015_more_less_asymmetry,sonnet5,B,none,more,stereotype_target,stereotype_endorsement,jdm_bias,jdm_or_perceptual,0,30,30,0,0,0,0,0,0.0
P2,Huang2014_cleanliness_effort,sonnet45,A,demographic,cleanliness_high_effort,semantic_prime,moral_wrongness_rating,social_priming,priming,0,15,15,0,0,0,0,0,0.0
P2,Huang2014_cleanliness_effort,sonnet45,A,demographic,cleanliness_low_effort,semantic_prime,moral_wrongness_rating,social_priming,priming,0,15,15,0,0,0,0,0,0.0
P2,Huang2014_cleanliness_effort,sonnet45,A,demographic,neutral_high_effort,semantic_prime,moral_wrongness_rating,social_priming,priming,0,15,15,0,0,0,0,0,0.0
P2,Huang2014_cleanliness_effort,sonnet45,A,demographic,neutral_low_effort,semantic_prime,moral_wrongness_rating,social_priming,priming,0,15,15,0,0,0,0,0,0.0
P2,Huang2014_cleanliness_effort,sonnet45,A,none,cleanliness_high_effort,semantic_prime,moral_wrongness_rating,social_priming,priming,0,15,15,0,0,0,0,0,0.0
P2,Huang2014_cleanliness_effort,sonnet45,A,none,cleanliness_low_effort,semantic_prime,moral_wrongness_rating,social_priming,priming,0,15,15,0,0,0,0,0,0.0
P2,Huang2014_cleanliness_effort,sonnet45,A,none,neutral_high_effort,semantic_prime,moral_wrongness_rating,social_priming,priming,0,15,15,0,0,0,0,0,0.0
P2,Huang2014_cleanliness_effort,sonnet45,A,none,neutral_low_effort,semantic_prime,moral_wrongness_rating,social_priming,priming,0,15,15,0,0,0,0,0,0.0
P2,Huang2014_cleanliness_effort,sonnet45,B,demographic,cleanliness_high_effort,semantic_prime,moral_wrongness_rating,social_priming,priming,0,15,5,10,0,0,0,10,0.6666666666666666
P2,Huang2014_cleanliness_effort,sonnet45,B,demographic,cleanliness_low_effort,semantic_prime,moral_wrongness_rating,social_priming,priming,0,15,6,9,0,0,0,9,0.6
P2,Huang2014_cleanliness_effort,sonnet45,B,demographic,neutral_high_effort,semantic_prime,moral_wrongness_rating,social_priming,priming,0,15,15,0,0,0,0,0,0.0
P2,Huang2014_cleanliness_effort,sonnet45,B,demographic,neutral_low_effort,semantic_prime,moral_wrongness_rating,social_priming,priming,0,15,15,0,0,0,0,0,0.0
P2,Huang2014_cleanliness_effort,sonnet45,B,none,cleanliness_high_effort,semantic_prime,moral_wrongness_rating,social_priming,priming,0,15,0,15,0,0,0,15,1.0
P2,Huang2014_cleanliness_effort,sonnet45,B,none,cleanliness_low_effort,semantic_prime,moral_wrongness_rating,social_priming,priming,0,15,0,15,0,0,0,15,1.0
P2,Huang2014_cleanliness_effort,sonnet45,B,none,neutral_high_effort,semantic_prime,moral_wrongness_rating,social_priming,priming,0,15,4,11,0,0,0,11,0.7333333333333333
P2,Huang2014_cleanliness_effort,sonnet45,B,none,neutral_low_effort,semantic_prime,moral_wrongness_rating,social_priming,priming,0,15,0,15,0,0,0,15,1.0
P2,Huang2014_cleanliness_effort,sonnet5,A,demographic,cleanliness_high_effort,semantic_prime,moral_wrongness_rating,social_priming,priming,0,15,10,0,0,0,5,0,0.0
P2,Huang2014_cleanliness_effort,sonnet5,A,demographic,cleanliness_low_effort,semantic_prime,moral_wrongness_rating,social_priming,priming,0,15,11,0,0,0,4,0,0.0
P2,Huang2014_cleanliness_effort,sonnet5,A,demographic,neutral_high_effort,semantic_prime,moral_wrongness_rating,social_priming,priming,0,15,2,0,0,0,13,0,0.0
P2,Huang2014_cleanliness_effort,sonnet5,A,demographic,neutral_low_effort,semantic_prime,moral_wrongness_rating,social_priming,priming,0,15,6,0,0,0,9,0,0.0
P2,Huang2014_cleanliness_effort,sonnet5,A,none,cleanliness_high_effort,semantic_prime,moral_wrongness_rating,social_priming,priming,0,15,8,0,0,0,7,0,0.0
P2,Huang2014_cleanliness_effort,sonnet5,A,none,cleanliness_low_effort,semantic_prime,moral_wrongness_rating,social_priming,priming,0,15,11,0,0,0,4,0,0.0
P2,Huang2014_cleanliness_effort,sonnet5,A,none,neutral_high_effort,semantic_prime,moral_wrongness_rating,social_priming,priming,0,15,5,0,0,0,10,0,0.0
P2,Huang2014_cleanliness_effort,sonnet5,A,none,neutral_low_effort,semantic_prime,moral_wrongness_rating,social_priming,priming,0,15,6,0,0,0,9,0,0.0
P2,Huang2014_cleanliness_effort,sonnet5,B,demographic,cleanliness_high_effort,semantic_prime,moral_wrongness_rating,social_priming,priming,0,15,4,0,0,0,11,0,0.0
P2,Huang2014_cleanliness_effort,sonnet5,B,demographic,cleanliness_low_effort,semantic_prime,moral_wrongness_rating,social_priming,priming,0,15,8,0,0,0,7,0,0.0
P2,Huang2014_cleanliness_effort,sonnet5,B,demographic,neutral_high_effort,semantic_prime,moral_wrongness_rating,social_priming,priming,0,15,15,0,0,0,0,0,0.0
P2,Huang2014_cleanliness_effort,sonnet5,B,demographic,neutral_low_effort,semantic_prime,moral_wrongness_rating,social_priming,priming,0,15,13,0,0,0,2,0,0.0
P2,Huang2014_cleanliness_effort,sonnet5,B,none,cleanliness_high_effort,semantic_prime,moral_wrongness_rating,social_priming,priming,0,15,15,0,0,0,0,0,0.0
P2,Huang2014_cleanliness_effort,sonnet5,B,none,cleanliness_low_effort,semantic_prime,moral_wrongness_rating,social_priming,priming,0,15,9,0,0,0,6,0,0.0
P2,Huang2014_cleanliness_effort,sonnet5,B,none,neutral_high_effort,semantic_prime,moral_wrongness_rating,social_priming,priming,0,15,15,0,0,0,0,0,0.0
P2,Huang2014_cleanliness_effort,sonnet5,B,none,neutral_low_effort,semantic_prime,moral_wrongness_rating,social_priming,priming,0,15,15,0,0,0,0,0,0.0
P2,Huang2019_anthropomorphism_holistic,sonnet45,A,demographic,anthropomorphized,narrative_stimulus,neutral_judgment,social_judgment,social_inference,0,30,30,0,0,0,0,0,0.0
P2,Huang2019_anthropomorphism_holistic,sonnet45,A,demographic,nonanthropomorphized,narrative_stimulus,neutral_judgment,social_judgment,social_inference,0,30,30,0,0,0,0,0,0.0
P2,Huang2019_anthropomorphism_holistic,sonnet45,A,none,anthropomorphized,narrative_stimulus,neutral_judgment,social_judgment,social_inference,0,30,30,0,0,0,0,0,0.0
P2,Huang2019_anthropomorphism_holistic,sonnet45,A,none,nonanthropomorphized,narrative_stimulus,neutral_judgment,social_judgment,social_inference,0,30,30,0,0,0,0,0,0.0
P2,Huang2019_anthropomorphism_holistic,sonnet45,B,demographic,anthropomorphized,narrative_stimulus,neutral_judgment,social_judgment,social_inference,0,30,30,0,0,0,0,0,0.0
P2,Huang2019_anthropomorphism_holistic,sonnet45,B,demographic,nonanthropomorphized,narrative_stimulus,neutral_judgment,social_judgment,social_inference,0,30,30,0,0,0,0,0,0.0
P2,Huang2019_anthropomorphism_holistic,sonnet45,B,none,anthropomorphized,narrative_stimulus,neutral_judgment,social_judgment,social_inference,0,30,30,0,0,0,0,0,0.0
P2,Huang2019_anthropomorphism_holistic,sonnet45,B,none,nonanthropomorphized,narrative_stimulus,neutral_judgment,social_judgment,social_inference,0,30,28,2,0,0,0,2,0.06666666666666667
P2,Huang2019_anthropomorphism_holistic,sonnet5,A,demographic,anthropomorphized,narrative_stimulus,neutral_judgment,social_judgment,social_inference,0,30,30,0,0,0,0,0,0.0
P2,Huang2019_anthropomorphism_holistic,sonnet5,A,demographic,nonanthropomorphized,narrative_stimulus,neutral_judgment,social_judgment,social_inference,0,30,30,0,0,0,0,0,0.0
P2,Huang2019_anthropomorphism_holistic,sonnet5,A,none,anthropomorphized,narrative_stimulus,neutral_judgment,social_judgment,social_inference,0,30,30,0,0,0,0,0,0.0
P2,Huang2019_anthropomorphism_holistic,sonnet5,A,none,nonanthropomorphized,narrative_stimulus,neutral_judgment,social_judgment,social_inference,0,30,30,0,0,0,0,0,0.0
P2,Huang2019_anthropomorphism_holistic,sonnet5,B,demographic,anthropomorphized,narrative_stimulus,neutral_judgment,social_judgment,social_inference,0,30,30,0,0,0,0,0,0.0
P2,Huang2019_anthropomorphism_holistic,sonnet5,B,demographic,nonanthropomorphized,narrative_stimulus,neutral_judgment,social_judgment,social_inference,0,30,30,0,0,0,0,0,0.0
P2,Huang2019_anthropomorphism_holistic,sonnet5,B,none,anthropomorphized,narrative_stimulus,neutral_judgment,social_judgment,social_inference,0,30,30,0,0,0,0,0,0.0
P2,Huang2019_anthropomorphism_holistic,sonnet5,B,none,nonanthropomorphized,narrative_stimulus,neutral_judgment,social_judgment,social_inference,0,30,30,0,0,0,0,0,0.0
A1,Husnu2010_imagined_contact,sonnet45,A,demographic,control,group_identity,outgroup_attitude_report,social_imagery,priming,0,30,30,0,0,0,0,0,0.0
A1,Husnu2010_imagined_contact,sonnet45,A,demographic,imagined_contact,group_identity,outgroup_attitude_report,social_imagery,priming,0,30,30,0,0,0,0,0,0.0
A1,Husnu2010_imagined_contact,sonnet45,A,none,control,group_identity,outgroup_attitude_report,social_imagery,priming,0,30,30,0,0,0,0,0,0.0
A1,Husnu2010_imagined_contact,sonnet45,A,none,imagined_contact,group_identity,outgroup_attitude_report,social_imagery,priming,0,30,30,0,0,0,0,0,0.0
A1,Husnu2010_imagined_contact,sonnet45,B,demographic,control,group_identity,outgroup_attitude_report,social_imagery,priming,0,30,30,0,0,0,0,0,0.0
A1,Husnu2010_imagined_contact,sonnet45,B,demographic,imagined_contact,group_identity,outgroup_attitude_report,social_imagery,priming,0,30,30,0,0,0,0,0,0.0
A1,Husnu2010_imagined_contact,sonnet45,B,none,control,group_identity,outgroup_attitude_report,social_imagery,priming,0,30,30,0,0,0,0,0,0.0
A1,Husnu2010_imagined_contact,sonnet45,B,none,imagined_contact,group_identity,outgroup_attitude_report,social_imagery,priming,0,30,30,0,0,0,0,0,0.0
A1,Husnu2010_imagined_contact,sonnet5,A,demographic,control,group_identity,outgroup_attitude_report,social_imagery,priming,0,30,30,0,0,0,0,0,0.0
A1,Husnu2010_imagined_contact,sonnet5,A,demographic,imagined_contact,group_identity,outgroup_attitude_report,social_imagery,priming,0,30,30,0,0,0,0,0,0.0
A1,Husnu2010_imagined_contact,sonnet5,A,none,control,group_identity,outgroup_attitude_report,social_imagery,priming,0,30,30,0,0,0,0,0,0.0
A1,Husnu2010_imagined_contact,sonnet5,A,none,imagined_contact,group_identity,outgroup_attitude_report,social_imagery,priming,0,30,30,0,0,0,0,0,0.0
A1,Husnu2010_imagined_contact,sonnet5,B,demographic,control,group_identity,outgroup_attitude_report,social_imagery,priming,0,30,30,0,0,0,0,0,0.0
A1,Husnu2010_imagined_contact,sonnet5,B,demographic,imagined_contact,group_identity,outgroup_attitude_report,social_imagery,priming,0,30,30,0,0,0,0,0,0.0
A1,Husnu2010_imagined_contact,sonnet5,B,none,control,group_identity,outgroup_attitude_report,social_imagery,priming,0,30,30,0,0,0,0,0,0.0
A1,Husnu2010_imagined_contact,sonnet5,B,none,imagined_contact,group_identity,outgroup_attitude_report,social_imagery,priming,0,30,30,0,0,0,0,0,0.0
P2,John2016_hiding_information,sonnet45,A,demographic,hide,person_evaluation,person_evaluation_rating,trait_inference,social_inference,0,30,30,0,0,0,0,0,0.0
P2,John2016_hiding_information,sonnet45,A,demographic,reveal,person_evaluation,person_evaluation_rating,trait_inference,social_inference,1,30,30,0,0,0,0,0,0.0
P2,John2016_hiding_information,sonnet45,A,none,hide,person_evaluation,person_evaluation_rating,trait_inference,social_inference,0,30,29,1,0,0,0,1,0.03333333333333333
P2,John2016_hiding_information,sonnet45,A,none,reveal,person_evaluation,person_evaluation_rating,trait_inference,social_inference,1,30,30,0,0,0,0,0,0.0
P2,John2016_hiding_information,sonnet45,B,demographic,hide,person_evaluation,person_evaluation_rating,trait_inference,social_inference,0,30,28,2,0,0,0,2,0.06666666666666667
P2,John2016_hiding_information,sonnet45,B,demographic,reveal,person_evaluation,person_evaluation_rating,trait_inference,social_inference,1,30,24,6,0,0,0,6,0.2
P2,John2016_hiding_information,sonnet45,B,none,hide,person_evaluation,person_evaluation_rating,trait_inference,social_inference,0,30,23,7,0,0,0,7,0.23333333333333334
P2,John2016_hiding_information,sonnet45,B,none,reveal,person_evaluation,person_evaluation_rating,trait_inference,social_inference,1,30,7,23,0,0,0,23,0.7666666666666667
P2,John2016_hiding_information,sonnet5,A,demographic,hide,person_evaluation,person_evaluation_rating,trait_inference,social_inference,0,30,30,0,0,0,0,0,0.0
P2,John2016_hiding_information,sonnet5,A,demographic,reveal,person_evaluation,person_evaluation_rating,trait_inference,social_inference,1,30,30,0,0,0,0,0,0.0
P2,John2016_hiding_information,sonnet5,A,none,hide,person_evaluation,person_evaluation_rating,trait_inference,social_inference,0,30,30,0,0,0,0,0,0.0
P2,John2016_hiding_information,sonnet5,A,none,reveal,person_evaluation,person_evaluation_rating,trait_inference,social_inference,1,30,30,0,0,0,0,0,0.0
P2,John2016_hiding_information,sonnet5,B,demographic,hide,person_evaluation,person_evaluation_rating,trait_inference,social_inference,0,30,30,0,0,0,0,0,0.0
P2,John2016_hiding_information,sonnet5,B,demographic,reveal,person_evaluation,person_evaluation_rating,trait_inference,social_inference,1,30,30,0,0,0,0,0,0.0
P2,John2016_hiding_information,sonnet5,B,none,hide,person_evaluation,person_evaluation_rating,trait_inference,social_inference,0,30,30,0,0,0,0,0,0.0
P2,John2016_hiding_information,sonnet5,B,none,reveal,person_evaluation,person_evaluation_rating,trait_inference,social_inference,1,30,30,0,0,0,0,0,0.0
P2,Jostmann2009_weight_importance,sonnet45,A,demographic,heavy,embodied_prime,neutral_judgment,social_priming,priming,0,26,26,0,0,0,0,0,0.0
P2,Jostmann2009_weight_importance,sonnet45,A,demographic,light,embodied_prime,neutral_judgment,social_priming,priming,0,25,25,0,0,0,0,0,0.0
P2,Jostmann2009_weight_importance,sonnet45,A,none,heavy,embodied_prime,neutral_judgment,social_priming,priming,0,26,26,0,0,0,0,0,0.0
P2,Jostmann2009_weight_importance,sonnet45,A,none,light,embodied_prime,neutral_judgment,social_priming,priming,0,25,25,0,0,0,0,0,0.0
P2,Jostmann2009_weight_importance,sonnet45,B,demographic,heavy,embodied_prime,neutral_judgment,social_priming,priming,0,26,24,2,0,0,0,2,0.07692307692307693
P2,Jostmann2009_weight_importance,sonnet45,B,demographic,light,embodied_prime,neutral_judgment,social_priming,priming,0,25,24,1,0,0,0,1,0.04
P2,Jostmann2009_weight_importance,sonnet45,B,none,heavy,embodied_prime,neutral_judgment,social_priming,priming,0,26,24,2,0,0,0,2,0.07692307692307693
P2,Jostmann2009_weight_importance,sonnet45,B,none,light,embodied_prime,neutral_judgment,social_priming,priming,0,25,25,0,0,0,0,0,0.0
P2,Jostmann2009_weight_importance,sonnet5,A,demographic,heavy,embodied_prime,neutral_judgment,social_priming,priming,0,26,26,0,0,0,0,0,0.0
P2,Jostmann2009_weight_importance,sonnet5,A,demographic,light,embodied_prime,neutral_judgment,social_priming,priming,0,25,25,0,0,0,0,0,0.0
P2,Jostmann2009_weight_importance,sonnet5,A,none,heavy,embodied_prime,neutral_judgment,social_priming,priming,0,26,26,0,0,0,0,0,0.0
P2,Jostmann2009_weight_importance,sonnet5,A,none,light,embodied_prime,neutral_judgment,social_priming,priming,0,25,25,0,0,0,0,0,0.0
P2,Jostmann2009_weight_importance,sonnet5,B,demographic,heavy,embodied_prime,neutral_judgment,social_priming,priming,0,26,26,0,0,0,0,0,0.0
P2,Jostmann2009_weight_importance,sonnet5,B,demographic,light,embodied_prime,neutral_judgment,social_priming,priming,0,25,25,0,0,0,0,0,0.0
P2,Jostmann2009_weight_importance,sonnet5,B,none,heavy,embodied_prime,neutral_judgment,social_priming,priming,0,26,26,0,0,0,0,0,0.0
P2,Jostmann2009_weight_importance,sonnet5,B,none,light,embodied_prime,neutral_judgment,social_priming,priming,0,25,25,0,0,0,0,0,0.0
P2,Kay2014_structure_goal_pursuit,sonnet45,A,demographic,random,narrative_stimulus,goal_motivation_report,social_priming,priming,0,30,30,0,0,0,0,0,0.0
P2,Kay2014_structure_goal_pursuit,sonnet45,A,demographic,structure,narrative_stimulus,goal_motivation_report,social_priming,priming,0,30,30,0,0,0,0,0,0.0
P2,Kay2014_structure_goal_pursuit,sonnet45,A,none,random,narrative_stimulus,goal_motivation_report,social_priming,priming,0,30,30,0,0,0,0,0,0.0
P2,Kay2014_structure_goal_pursuit,sonnet45,A,none,structure,narrative_stimulus,goal_motivation_report,social_priming,priming,0,30,30,0,0,0,0,0,0.0
P2,Kay2014_structure_goal_pursuit,sonnet45,B,demographic,random,narrative_stimulus,goal_motivation_report,social_priming,priming,0,30,9,21,0,0,0,21,0.7
P2,Kay2014_structure_goal_pursuit,sonnet45,B,demographic,structure,narrative_stimulus,goal_motivation_report,social_priming,priming,0,30,23,7,0,0,0,7,0.23333333333333334
P2,Kay2014_structure_goal_pursuit,sonnet45,B,none,random,narrative_stimulus,goal_motivation_report,social_priming,priming,0,30,0,30,0,0,0,30,1.0
P2,Kay2014_structure_goal_pursuit,sonnet45,B,none,structure,narrative_stimulus,goal_motivation_report,social_priming,priming,0,30,30,0,0,0,0,0,0.0
P2,Kay2014_structure_goal_pursuit,sonnet5,A,demographic,random,narrative_stimulus,goal_motivation_report,social_priming,priming,0,30,30,0,0,0,0,0,0.0
P2,Kay2014_structure_goal_pursuit,sonnet5,A,demographic,structure,narrative_stimulus,goal_motivation_report,social_priming,priming,0,30,30,0,0,0,0,0,0.0
P2,Kay2014_structure_goal_pursuit,sonnet5,A,none,random,narrative_stimulus,goal_motivation_report,social_priming,priming,0,30,30,0,0,0,0,0,0.0
P2,Kay2014_structure_goal_pursuit,sonnet5,A,none,structure,narrative_stimulus,goal_motivation_report,social_priming,priming,0,30,30,0,0,0,0,0,0.0
P2,Kay2014_structure_goal_pursuit,sonnet5,B,demographic,random,narrative_stimulus,goal_motivation_report,social_priming,priming,0,30,30,0,0,0,0,0,0.0
P2,Kay2014_structure_goal_pursuit,sonnet5,B,demographic,structure,narrative_stimulus,goal_motivation_report,social_priming,priming,0,30,30,0,0,0,0,0,0.0
P2,Kay2014_structure_goal_pursuit,sonnet5,B,none,random,narrative_stimulus,goal_motivation_report,social_priming,priming,0,30,30,0,0,0,0,0,0.0
P2,Kay2014_structure_goal_pursuit,sonnet5,B,none,structure,narrative_stimulus,goal_motivation_report,social_priming,priming,0,30,30,0,0,0,0,0,0.0
P2,KimMarkus1999_uniqueness_preference,sonnet45,A,demographic,majority_target,visual_stimulus,neutral_judgment,jdm_bias,jdm_or_perceptual,0,20,20,0,0,0,0,0,0.0
P2,KimMarkus1999_uniqueness_preference,sonnet45,A,demographic,minority_target,visual_stimulus,neutral_judgment,jdm_bias,jdm_or_perceptual,0,20,20,0,0,0,0,0,0.0
P2,KimMarkus1999_uniqueness_preference,sonnet45,A,none,majority_target,visual_stimulus,neutral_judgment,jdm_bias,jdm_or_perceptual,0,20,20,0,0,0,0,0,0.0
P2,KimMarkus1999_uniqueness_preference,sonnet45,A,none,minority_target,visual_stimulus,neutral_judgment,jdm_bias,jdm_or_perceptual,0,20,20,0,0,0,0,0,0.0
P2,KimMarkus1999_uniqueness_preference,sonnet45,B,demographic,majority_target,visual_stimulus,neutral_judgment,jdm_bias,jdm_or_perceptual,0,20,20,0,0,0,0,0,0.0
P2,KimMarkus1999_uniqueness_preference,sonnet45,B,demographic,minority_target,visual_stimulus,neutral_judgment,jdm_bias,jdm_or_perceptual,0,20,20,0,0,0,0,0,0.0
P2,KimMarkus1999_uniqueness_preference,sonnet45,B,none,majority_target,visual_stimulus,neutral_judgment,jdm_bias,jdm_or_perceptual,0,20,20,0,0,0,0,0,0.0
P2,KimMarkus1999_uniqueness_preference,sonnet45,B,none,minority_target,visual_stimulus,neutral_judgment,jdm_bias,jdm_or_perceptual,0,20,20,0,0,0,0,0,0.0
P2,KimMarkus1999_uniqueness_preference,sonnet5,A,demographic,majority_target,visual_stimulus,neutral_judgment,jdm_bias,jdm_or_perceptual,0,20,20,0,0,0,0,0,0.0
P2,KimMarkus1999_uniqueness_preference,sonnet5,A,demographic,minority_target,visual_stimulus,neutral_judgment,jdm_bias,jdm_or_perceptual,0,20,20,0,0,0,0,0,0.0
P2,KimMarkus1999_uniqueness_preference,sonnet5,A,none,majority_target,visual_stimulus,neutral_judgment,jdm_bias,jdm_or_perceptual,0,20,20,0,0,0,0,0,0.0
P2,KimMarkus1999_uniqueness_preference,sonnet5,A,none,minority_target,visual_stimulus,neutral_judgment,jdm_bias,jdm_or_perceptual,0,20,20,0,0,0,0,0,0.0
P2,KimMarkus1999_uniqueness_preference,sonnet5,B,demographic,majority_target,visual_stimulus,neutral_judgment,jdm_bias,jdm_or_perceptual,0,20,20,0,0,0,0,0,0.0
P2,KimMarkus1999_uniqueness_preference,sonnet5,B,demographic,minority_target,visual_stimulus,neutral_judgment,jdm_bias,jdm_or_perceptual,0,20,20,0,0,0,0,0,0.0
P2,KimMarkus1999_uniqueness_preference,sonnet5,B,none,majority_target,visual_stimulus,neutral_judgment,jdm_bias,jdm_or_perceptual,0,20,20,0,0,0,0,0,0.0
P2,KimMarkus1999_uniqueness_preference,sonnet5,B,none,minority_target,visual_stimulus,neutral_judgment,jdm_bias,jdm_or_perceptual,0,20,20,0,0,0,0,0,0.0
A0,Klink2000_soundsymbolism,sonnet45,A,demographic,,no_manipulation,neutral_judgment,linguistic_intuition,jdm_or_perceptual,0,60,60,0,0,0,0,0,0.0
A0,Klink2000_soundsymbolism,sonnet45,A,none,,no_manipulation,neutral_judgment,linguistic_intuition,jdm_or_perceptual,0,60,60,0,0,0,0,0,0.0
A0,Klink2000_soundsymbolism,sonnet45,B,demographic,,no_manipulation,neutral_judgment,linguistic_intuition,jdm_or_perceptual,0,60,60,0,0,0,0,0,0.0
A0,Klink2000_soundsymbolism,sonnet45,B,none,,no_manipulation,neutral_judgment,linguistic_intuition,jdm_or_perceptual,0,60,60,0,0,0,0,0,0.0
A0,Klink2000_soundsymbolism,sonnet45,deidentified,demographic,,no_manipulation,neutral_judgment,linguistic_intuition,jdm_or_perceptual,0,60,60,0,0,0,0,0,0.0
A0,Klink2000_soundsymbolism,sonnet45,deidentified,none,,no_manipulation,neutral_judgment,linguistic_intuition,jdm_or_perceptual,0,60,60,0,0,0,0,0,0.0
A0,Klink2000_soundsymbolism,sonnet45,frame_flip,demographic,,no_manipulation,neutral_judgment,linguistic_intuition,jdm_or_perceptual,0,60,46,14,0,0,0,14,0.23333333333333334
A0,Klink2000_soundsymbolism,sonnet45,frame_flip,none,,no_manipulation,neutral_judgment,linguistic_intuition,jdm_or_perceptual,0,60,0,60,0,0,0,60,1.0
A0,Klink2000_soundsymbolism,sonnet5,A,demographic,,no_manipulation,neutral_judgment,linguistic_intuition,jdm_or_perceptual,0,60,60,0,0,0,0,0,0.0
A0,Klink2000_soundsymbolism,sonnet5,A,none,,no_manipulation,neutral_judgment,linguistic_intuition,jdm_or_perceptual,0,60,60,0,0,0,0,0,0.0
A0,Klink2000_soundsymbolism,sonnet5,B,demographic,,no_manipulation,neutral_judgment,linguistic_intuition,jdm_or_perceptual,0,60,60,0,0,0,0,0,0.0
A0,Klink2000_soundsymbolism,sonnet5,B,none,,no_manipulation,neutral_judgment,linguistic_intuition,jdm_or_perceptual,0,60,60,0,0,0,0,0,0.0
A0,Klink2000_soundsymbolism,sonnet5,deidentified,demographic,,no_manipulation,neutral_judgment,linguistic_intuition,jdm_or_perceptual,0,60,60,0,0,0,0,0,0.0
A0,Klink2000_soundsymbolism,sonnet5,deidentified,none,,no_manipulation,neutral_judgment,linguistic_intuition,jdm_or_perceptual,0,60,60,0,0,0,0,0,0.0
A0,Klink2000_soundsymbolism,sonnet5,frame_flip,demographic,,no_manipulation,neutral_judgment,linguistic_intuition,jdm_or_perceptual,0,60,60,0,0,0,0,0,0.0
A0,Klink2000_soundsymbolism,sonnet5,frame_flip,none,,no_manipulation,neutral_judgment,linguistic_intuition,jdm_or_perceptual,0,60,60,0,0,0,0,0,0.0
A1,Knobe2003_side_effect,sonnet45,A,demographic,harm,narrative_stimulus,moral_wrongness_rating,moral_judgment,moral,0,30,30,0,0,0,0,0,0.0
A1,Knobe2003_side_effect,sonnet45,A,demographic,help,narrative_stimulus,moral_wrongness_rating,moral_judgment,moral,0,30,30,0,0,0,0,0,0.0
A1,Knobe2003_side_effect,sonnet45,A,none,harm,narrative_stimulus,moral_wrongness_rating,moral_judgment,moral,0,30,30,0,0,0,0,0,0.0
A1,Knobe2003_side_effect,sonnet45,A,none,help,narrative_stimulus,moral_wrongness_rating,moral_judgment,moral,0,30,30,0,0,0,0,0,0.0
A1,Knobe2003_side_effect,sonnet45,B,demographic,harm,narrative_stimulus,moral_wrongness_rating,moral_judgment,moral,0,30,30,0,0,0,0,0,0.0
A1,Knobe2003_side_effect,sonnet45,B,demographic,help,narrative_stimulus,moral_wrongness_rating,moral_judgment,moral,0,30,30,0,0,0,0,0,0.0
A1,Knobe2003_side_effect,sonnet45,B,none,harm,narrative_stimulus,moral_wrongness_rating,moral_judgment,moral,0,30,30,0,0,0,0,0,0.0
A1,Knobe2003_side_effect,sonnet45,B,none,help,narrative_stimulus,moral_wrongness_rating,moral_judgment,moral,0,30,30,0,0,0,0,0,0.0
A1,Knobe2003_side_effect,sonnet5,A,demographic,harm,narrative_stimulus,moral_wrongness_rating,moral_judgment,moral,0,30,30,0,0,0,0,0,0.0
A1,Knobe2003_side_effect,sonnet5,A,demographic,help,narrative_stimulus,moral_wrongness_rating,moral_judgment,moral,0,30,30,0,0,0,0,0,0.0
A1,Knobe2003_side_effect,sonnet5,A,none,harm,narrative_stimulus,moral_wrongness_rating,moral_judgment,moral,0,30,30,0,0,0,0,0,0.0
A1,Knobe2003_side_effect,sonnet5,A,none,help,narrative_stimulus,moral_wrongness_rating,moral_judgment,moral,0,30,30,0,0,0,0,0,0.0
A1,Knobe2003_side_effect,sonnet5,B,demographic,harm,narrative_stimulus,moral_wrongness_rating,moral_judgment,moral,0,30,30,0,0,0,0,0,0.0
A1,Knobe2003_side_effect,sonnet5,B,demographic,help,narrative_stimulus,moral_wrongness_rating,moral_judgment,moral,0,30,30,0,0,0,0,0,0.0
A1,Knobe2003_side_effect,sonnet5,B,none,harm,narrative_stimulus,moral_wrongness_rating,moral_judgment,moral,0,30,30,0,0,0,0,0,0.0
A1,Knobe2003_side_effect,sonnet5,B,none,help,narrative_stimulus,moral_wrongness_rating,moral_judgment,moral,0,30,30,0,0,0,0,0,0.0
P2,Kozak2006_action_identification,sonnet45,A,demographic,,no_manipulation,neutral_judgment,trait_inference,social_inference,0,50,50,0,0,0,0,0,0.0
P2,Kozak2006_action_identification,sonnet45,A,none,,no_manipulation,neutral_judgment,trait_inference,social_inference,0,50,47,3,0,0,0,3,0.06
P2,Kozak2006_action_identification,sonnet45,B,demographic,,no_manipulation,neutral_judgment,trait_inference,social_inference,0,50,50,0,0,0,0,0,0.0
P2,Kozak2006_action_identification,sonnet45,B,none,,no_manipulation,neutral_judgment,trait_inference,social_inference,0,50,50,0,0,0,0,0,0.0
P2,Kozak2006_action_identification,sonnet5,A,demographic,,no_manipulation,neutral_judgment,trait_inference,social_inference,0,50,50,0,0,0,0,0,0.0
P2,Kozak2006_action_identification,sonnet5,A,none,,no_manipulation,neutral_judgment,trait_inference,social_inference,0,50,50,0,0,0,0,0,0.0
P2,Kozak2006_action_identification,sonnet5,B,demographic,,no_manipulation,neutral_judgment,trait_inference,social_inference,0,50,50,0,0,0,0,0,0.0
P2,Kozak2006_action_identification,sonnet5,B,none,,no_manipulation,neutral_judgment,trait_inference,social_inference,0,50,50,0,0,0,0,0,0.0
P2,Kupor2015_god_risk,sonnet45,A,demographic,god,religious_prime,risk_endorsement,social_priming,priming,1,30,30,0,0,0,0,0,0.0
P2,Kupor2015_god_risk,sonnet45,A,demographic,neutral,neutral_prime,risk_endorsement,social_priming,priming,0,30,30,0,0,0,0,0,0.0
P2,Kupor2015_god_risk,sonnet45,A,none,god,religious_prime,risk_endorsement,social_priming,priming,1,30,30,0,0,0,0,0,0.0
P2,Kupor2015_god_risk,sonnet45,A,none,neutral,neutral_prime,risk_endorsement,social_priming,priming,0,30,30,0,0,0,0,0,0.0
P2,Kupor2015_god_risk,sonnet45,B,demographic,god,religious_prime,risk_endorsement,social_priming,priming,1,30,0,30,0,0,0,30,1.0
P2,Kupor2015_god_risk,sonnet45,B,demographic,neutral,neutral_prime,risk_endorsement,social_priming,priming,0,30,0,30,0,0,0,30,1.0
P2,Kupor2015_god_risk,sonnet45,B,none,god,religious_prime,risk_endorsement,social_priming,priming,1,30,0,30,0,0,0,30,1.0
P2,Kupor2015_god_risk,sonnet45,B,none,neutral,neutral_prime,risk_endorsement,social_priming,priming,0,30,0,30,0,0,0,30,1.0
P2,Kupor2015_god_risk,sonnet5,A,demographic,god,religious_prime,risk_endorsement,social_priming,priming,1,30,26,0,0,0,4,0,0.0
P2,Kupor2015_god_risk,sonnet5,A,demographic,neutral,neutral_prime,risk_endorsement,social_priming,priming,0,30,16,0,0,0,14,0,0.0
P2,Kupor2015_god_risk,sonnet5,A,none,god,religious_prime,risk_endorsement,social_priming,priming,1,30,30,0,0,0,0,0,0.0
P2,Kupor2015_god_risk,sonnet5,A,none,neutral,neutral_prime,risk_endorsement,social_priming,priming,0,30,30,0,0,0,0,0,0.0
P2,Kupor2015_god_risk,sonnet5,B,demographic,god,religious_prime,risk_endorsement,social_priming,priming,1,30,26,0,0,0,4,0,0.0
P2,Kupor2015_god_risk,sonnet5,B,demographic,neutral,neutral_prime,risk_endorsement,social_priming,priming,0,30,28,1,0,0,1,1,0.03333333333333333
P2,Kupor2015_god_risk,sonnet5,B,none,god,religious_prime,risk_endorsement,social_priming,priming,1,30,23,0,0,0,7,0,0.0
P2,Kupor2015_god_risk,sonnet5,B,none,neutral,neutral_prime,risk_endorsement,social_priming,priming,0,30,29,0,0,0,1,0,0.0
P2,McCullough2002_gratitude_agreeableness,sonnet45,A,demographic,,no_manipulation,self_trait_report,questionnaire,self_report,0,60,60,0,0,0,0,0,0.0
P2,McCullough2002_gratitude_agreeableness,sonnet45,A,none,,no_manipulation,self_trait_report,questionnaire,self_report,0,60,60,0,0,0,0,0,0.0
P2,McCullough2002_gratitude_agreeableness,sonnet45,B,demographic,,no_manipulation,self_trait_report,questionnaire,self_report,0,60,60,0,0,0,0,0,0.0
P2,McCullough2002_gratitude_agreeableness,sonnet45,B,none,,no_manipulation,self_trait_report,questionnaire,self_report,0,60,60,0,0,0,0,0,0.0
P2,McCullough2002_gratitude_agreeableness,sonnet5,A,demographic,,no_manipulation,self_trait_report,questionnaire,self_report,0,60,60,0,0,0,0,0,0.0
P2,McCullough2002_gratitude_agreeableness,sonnet5,A,none,,no_manipulation,self_trait_report,questionnaire,self_report,0,60,60,0,0,0,0,0,0.0
P2,McCullough2002_gratitude_agreeableness,sonnet5,B,demographic,,no_manipulation,self_trait_report,questionnaire,self_report,0,60,60,0,0,0,0,0,0.0
P2,McCullough2002_gratitude_agreeableness,sonnet5,B,none,,no_manipulation,self_trait_report,questionnaire,self_report,0,60,60,0,0,0,0,0,0.0
P2,Mellers2001_conjunction_frequency,sonnet45,A,demographic,and_are,linguistic_frame,neutral_judgment,jdm_bias,jdm_or_perceptual,0,30,30,0,0,0,0,0,0.0
P2,Mellers2001_conjunction_frequency,sonnet45,A,demographic,who_are,linguistic_frame,neutral_judgment,jdm_bias,jdm_or_perceptual,0,30,30,0,0,0,0,0,0.0
P2,Mellers2001_conjunction_frequency,sonnet45,A,none,and_are,linguistic_frame,neutral_judgment,jdm_bias,jdm_or_perceptual,0,30,30,0,0,0,0,0,0.0
P2,Mellers2001_conjunction_frequency,sonnet45,A,none,who_are,linguistic_frame,neutral_judgment,jdm_bias,jdm_or_perceptual,0,30,29,1,0,0,0,1,0.03333333333333333
P2,Mellers2001_conjunction_frequency,sonnet45,B,demographic,and_are,linguistic_frame,neutral_judgment,jdm_bias,jdm_or_perceptual,0,30,30,0,0,0,0,0,0.0
P2,Mellers2001_conjunction_frequency,sonnet45,B,demographic,who_are,linguistic_frame,neutral_judgment,jdm_bias,jdm_or_perceptual,0,30,30,0,0,0,0,0,0.0
P2,Mellers2001_conjunction_frequency,sonnet45,B,none,and_are,linguistic_frame,neutral_judgment,jdm_bias,jdm_or_perceptual,0,30,29,1,0,0,0,1,0.03333333333333333
P2,Mellers2001_conjunction_frequency,sonnet45,B,none,who_are,linguistic_frame,neutral_judgment,jdm_bias,jdm_or_perceptual,0,30,30,0,0,0,0,0,0.0
P2,Mellers2001_conjunction_frequency,sonnet5,A,demographic,and_are,linguistic_frame,neutral_judgment,jdm_bias,jdm_or_perceptual,0,30,30,0,0,0,0,0,0.0
P2,Mellers2001_conjunction_frequency,sonnet5,A,demographic,who_are,linguistic_frame,neutral_judgment,jdm_bias,jdm_or_perceptual,0,30,30,0,0,0,0,0,0.0
P2,Mellers2001_conjunction_frequency,sonnet5,A,none,and_are,linguistic_frame,neutral_judgment,jdm_bias,jdm_or_perceptual,0,30,30,0,0,0,0,0,0.0
P2,Mellers2001_conjunction_frequency,sonnet5,A,none,who_are,linguistic_frame,neutral_judgment,jdm_bias,jdm_or_perceptual,0,30,30,0,0,0,0,0,0.0
P2,Mellers2001_conjunction_frequency,sonnet5,B,demographic,and_are,linguistic_frame,neutral_judgment,jdm_bias,jdm_or_perceptual,0,30,30,0,0,0,0,0,0.0
P2,Mellers2001_conjunction_frequency,sonnet5,B,demographic,who_are,linguistic_frame,neutral_judgment,jdm_bias,jdm_or_perceptual,0,30,30,0,0,0,0,0,0.0
P2,Mellers2001_conjunction_frequency,sonnet5,B,none,and_are,linguistic_frame,neutral_judgment,jdm_bias,jdm_or_perceptual,0,30,30,0,0,0,0,0,0.0
P2,Mellers2001_conjunction_frequency,sonnet5,B,none,who_are,linguistic_frame,neutral_judgment,jdm_bias,jdm_or_perceptual,0,30,30,0,0,0,0,0,0.0
A1,Miyamoto2002_correspondence_bias,sonnet45,A,demographic,anti_essay,narrative_stimulus,attitude_attribution,trait_inference,social_inference,0,30,30,0,0,0,0,0,0.0
A1,Miyamoto2002_correspondence_bias,sonnet45,A,demographic,pro_essay,narrative_stimulus,attitude_attribution,trait_inference,social_inference,0,30,30,0,0,0,0,0,0.0
A1,Miyamoto2002_correspondence_bias,sonnet45,A,none,anti_essay,narrative_stimulus,attitude_attribution,trait_inference,social_inference,0,30,30,0,0,0,0,0,0.0
A1,Miyamoto2002_correspondence_bias,sonnet45,A,none,pro_essay,narrative_stimulus,attitude_attribution,trait_inference,social_inference,0,30,30,0,0,0,0,0,0.0
A1,Miyamoto2002_correspondence_bias,sonnet45,B,demographic,anti_essay,narrative_stimulus,attitude_attribution,trait_inference,social_inference,0,30,28,2,0,0,0,2,0.06666666666666667
A1,Miyamoto2002_correspondence_bias,sonnet45,B,demographic,pro_essay,narrative_stimulus,attitude_attribution,trait_inference,social_inference,0,30,28,2,0,0,0,2,0.06666666666666667
A1,Miyamoto2002_correspondence_bias,sonnet45,B,none,anti_essay,narrative_stimulus,attitude_attribution,trait_inference,social_inference,0,30,30,0,0,0,0,0,0.0
A1,Miyamoto2002_correspondence_bias,sonnet45,B,none,pro_essay,narrative_stimulus,attitude_attribution,trait_inference,social_inference,0,30,30,0,0,0,0,0,0.0
A1,Miyamoto2002_correspondence_bias,sonnet5,A,demographic,anti_essay,narrative_stimulus,attitude_attribution,trait_inference,social_inference,0,30,30,0,0,0,0,0,0.0
A1,Miyamoto2002_correspondence_bias,sonnet5,A,demographic,pro_essay,narrative_stimulus,attitude_attribution,trait_inference,social_inference,0,30,30,0,0,0,0,0,0.0
A1,Miyamoto2002_correspondence_bias,sonnet5,A,none,anti_essay,narrative_stimulus,attitude_attribution,trait_inference,social_inference,0,30,30,0,0,0,0,0,0.0
A1,Miyamoto2002_correspondence_bias,sonnet5,A,none,pro_essay,narrative_stimulus,attitude_attribution,trait_inference,social_inference,0,30,30,0,0,0,0,0,0.0
A1,Miyamoto2002_correspondence_bias,sonnet5,B,demographic,anti_essay,narrative_stimulus,attitude_attribution,trait_inference,social_inference,0,30,30,0,0,0,0,0,0.0
A1,Miyamoto2002_correspondence_bias,sonnet5,B,demographic,pro_essay,narrative_stimulus,attitude_attribution,trait_inference,social_inference,0,30,30,0,0,0,0,0,0.0
A1,Miyamoto2002_correspondence_bias,sonnet5,B,none,anti_essay,narrative_stimulus,attitude_attribution,trait_inference,social_inference,0,30,30,0,0,0,0,0,0.0
A1,Miyamoto2002_correspondence_bias,sonnet5,B,none,pro_essay,narrative_stimulus,attitude_attribution,trait_inference,social_inference,0,30,30,0,0,0,0,0,0.0
A1,Oppenheimer2009_retrospective_gambler,sonnet45,A,demographic,common_two_sixes_and_a_three,narrative_stimulus,neutral_judgment,jdm_bias,jdm_or_perceptual,0,20,20,0,0,0,0,0,0.0
A1,Oppenheimer2009_retrospective_gambler,sonnet45,A,demographic,rare_three_sixes,narrative_stimulus,neutral_judgment,jdm_bias,jdm_or_perceptual,0,20,20,0,0,0,0,0,0.0
A1,Oppenheimer2009_retrospective_gambler,sonnet45,A,demographic,two_dice_two_sixes,narrative_stimulus,neutral_judgment,jdm_bias,jdm_or_perceptual,0,20,20,0,0,0,0,0,0.0
A1,Oppenheimer2009_retrospective_gambler,sonnet45,A,none,common_two_sixes_and_a_three,narrative_stimulus,neutral_judgment,jdm_bias,jdm_or_perceptual,0,20,20,0,0,0,0,0,0.0
A1,Oppenheimer2009_retrospective_gambler,sonnet45,A,none,rare_three_sixes,narrative_stimulus,neutral_judgment,jdm_bias,jdm_or_perceptual,0,20,20,0,0,0,0,0,0.0
A1,Oppenheimer2009_retrospective_gambler,sonnet45,A,none,two_dice_two_sixes,narrative_stimulus,neutral_judgment,jdm_bias,jdm_or_perceptual,0,20,20,0,0,0,0,0,0.0
A1,Oppenheimer2009_retrospective_gambler,sonnet45,B,demographic,common_two_sixes_and_a_three,narrative_stimulus,neutral_judgment,jdm_bias,jdm_or_perceptual,0,20,20,0,0,0,0,0,0.0
A1,Oppenheimer2009_retrospective_gambler,sonnet45,B,demographic,rare_three_sixes,narrative_stimulus,neutral_judgment,jdm_bias,jdm_or_perceptual,0,20,20,0,0,0,0,0,0.0
A1,Oppenheimer2009_retrospective_gambler,sonnet45,B,demographic,two_dice_two_sixes,narrative_stimulus,neutral_judgment,jdm_bias,jdm_or_perceptual,0,20,20,0,0,0,0,0,0.0
A1,Oppenheimer2009_retrospective_gambler,sonnet45,B,none,common_two_sixes_and_a_three,narrative_stimulus,neutral_judgment,jdm_bias,jdm_or_perceptual,0,20,20,0,0,0,0,0,0.0
A1,Oppenheimer2009_retrospective_gambler,sonnet45,B,none,rare_three_sixes,narrative_stimulus,neutral_judgment,jdm_bias,jdm_or_perceptual,0,20,20,0,0,0,0,0,0.0
A1,Oppenheimer2009_retrospective_gambler,sonnet45,B,none,two_dice_two_sixes,narrative_stimulus,neutral_judgment,jdm_bias,jdm_or_perceptual,0,20,20,0,0,0,0,0,0.0
A1,Oppenheimer2009_retrospective_gambler,sonnet5,A,demographic,common_two_sixes_and_a_three,narrative_stimulus,neutral_judgment,jdm_bias,jdm_or_perceptual,0,20,20,0,0,0,0,0,0.0
A1,Oppenheimer2009_retrospective_gambler,sonnet5,A,demographic,rare_three_sixes,narrative_stimulus,neutral_judgment,jdm_bias,jdm_or_perceptual,0,20,20,0,0,0,0,0,0.0
A1,Oppenheimer2009_retrospective_gambler,sonnet5,A,demographic,two_dice_two_sixes,narrative_stimulus,neutral_judgment,jdm_bias,jdm_or_perceptual,0,20,20,0,0,0,0,0,0.0
A1,Oppenheimer2009_retrospective_gambler,sonnet5,A,none,common_two_sixes_and_a_three,narrative_stimulus,neutral_judgment,jdm_bias,jdm_or_perceptual,0,20,20,0,0,0,0,0,0.0
A1,Oppenheimer2009_retrospective_gambler,sonnet5,A,none,rare_three_sixes,narrative_stimulus,neutral_judgment,jdm_bias,jdm_or_perceptual,0,20,20,0,0,0,0,0,0.0
A1,Oppenheimer2009_retrospective_gambler,sonnet5,A,none,two_dice_two_sixes,narrative_stimulus,neutral_judgment,jdm_bias,jdm_or_perceptual,0,20,20,0,0,0,0,0,0.0
A1,Oppenheimer2009_retrospective_gambler,sonnet5,B,demographic,common_two_sixes_and_a_three,narrative_stimulus,neutral_judgment,jdm_bias,jdm_or_perceptual,0,20,20,0,0,0,0,0,0.0
A1,Oppenheimer2009_retrospective_gambler,sonnet5,B,demographic,rare_three_sixes,narrative_stimulus,neutral_judgment,jdm_bias,jdm_or_perceptual,0,20,20,0,0,0,0,0,0.0
A1,Oppenheimer2009_retrospective_gambler,sonnet5,B,demographic,two_dice_two_sixes,narrative_stimulus,neutral_judgment,jdm_bias,jdm_or_perceptual,0,20,20,0,0,0,0,0,0.0
A1,Oppenheimer2009_retrospective_gambler,sonnet5,B,none,common_two_sixes_and_a_three,narrative_stimulus,neutral_judgment,jdm_bias,jdm_or_perceptual,0,20,20,0,0,0,0,0,0.0
A1,Oppenheimer2009_retrospective_gambler,sonnet5,B,none,rare_three_sixes,narrative_stimulus,neutral_judgment,jdm_bias,jdm_or_perceptual,0,20,20,0,0,0,0,0,0.0
A1,Oppenheimer2009_retrospective_gambler,sonnet5,B,none,two_dice_two_sixes,narrative_stimulus,neutral_judgment,jdm_bias,jdm_or_perceptual,0,20,20,0,0,0,0,0,0.0
P2,Park2019_scarcity_price_quality,sonnet45,A,demographic,control,narrative_stimulus,neutral_judgment,jdm_bias,jdm_or_perceptual,0,30,30,0,0,0,0,0,0.0
P2,Park2019_scarcity_price_quality,sonnet45,A,demographic,scarcity,narrative_stimulus,neutral_judgment,jdm_bias,jdm_or_perceptual,0,30,30,0,0,0,0,0,0.0
P2,Park2019_scarcity_price_quality,sonnet45,A,none,control,narrative_stimulus,neutral_judgment,jdm_bias,jdm_or_perceptual,0,30,30,0,0,0,0,0,0.0
P2,Park2019_scarcity_price_quality,sonnet45,A,none,scarcity,narrative_stimulus,neutral_judgment,jdm_bias,jdm_or_perceptual,0,30,30,0,0,0,0,0,0.0
P2,Park2019_scarcity_price_quality,sonnet45,B,demographic,control,narrative_stimulus,neutral_judgment,jdm_bias,jdm_or_perceptual,0,30,27,3,0,0,0,3,0.1
P2,Park2019_scarcity_price_quality,sonnet45,B,demographic,scarcity,narrative_stimulus,neutral_judgment,jdm_bias,jdm_or_perceptual,0,30,27,3,0,0,0,3,0.1
P2,Park2019_scarcity_price_quality,sonnet45,B,none,control,narrative_stimulus,neutral_judgment,jdm_bias,jdm_or_perceptual,0,30,30,0,0,0,0,0,0.0
P2,Park2019_scarcity_price_quality,sonnet45,B,none,scarcity,narrative_stimulus,neutral_judgment,jdm_bias,jdm_or_perceptual,0,30,30,0,0,0,0,0,0.0
P2,Park2019_scarcity_price_quality,sonnet5,A,demographic,control,narrative_stimulus,neutral_judgment,jdm_bias,jdm_or_perceptual,0,30,30,0,0,0,0,0,0.0
P2,Park2019_scarcity_price_quality,sonnet5,A,demographic,scarcity,narrative_stimulus,neutral_judgment,jdm_bias,jdm_or_perceptual,0,30,30,0,0,0,0,0,0.0
P2,Park2019_scarcity_price_quality,sonnet5,A,none,control,narrative_stimulus,neutral_judgment,jdm_bias,jdm_or_perceptual,0,30,30,0,0,0,0,0,0.0
P2,Park2019_scarcity_price_quality,sonnet5,A,none,scarcity,narrative_stimulus,neutral_judgment,jdm_bias,jdm_or_perceptual,0,30,30,0,0,0,0,0,0.0
P2,Park2019_scarcity_price_quality,sonnet5,B,demographic,control,narrative_stimulus,neutral_judgment,jdm_bias,jdm_or_perceptual,0,30,30,0,0,0,0,0,0.0
P2,Park2019_scarcity_price_quality,sonnet5,B,demographic,scarcity,narrative_stimulus,neutral_judgment,jdm_bias,jdm_or_perceptual,0,30,30,0,0,0,0,0,0.0
P2,Park2019_scarcity_price_quality,sonnet5,B,none,control,narrative_stimulus,neutral_judgment,jdm_bias,jdm_or_perceptual,0,30,30,0,0,0,0,0,0.0
P2,Park2019_scarcity_price_quality,sonnet5,B,none,scarcity,narrative_stimulus,neutral_judgment,jdm_bias,jdm_or_perceptual,0,30,30,0,0,0,0,0,0.0
P2,Paunonen2003_attractiveness_extraversion,sonnet45,A,demographic,,no_manipulation,self_appearance_report,questionnaire,self_report,0,60,60,0,0,0,0,0,0.0
P2,Paunonen2003_attractiveness_extraversion,sonnet45,A,none,,no_manipulation,self_appearance_report,questionnaire,self_report,0,60,60,0,0,0,0,0,0.0
P2,Paunonen2003_attractiveness_extraversion,sonnet45,B,demographic,,no_manipulation,self_appearance_report,questionnaire,self_report,0,60,60,0,0,0,0,0,0.0
P2,Paunonen2003_attractiveness_extraversion,sonnet45,B,none,,no_manipulation,self_appearance_report,questionnaire,self_report,0,60,46,0,1,13,0,14,0.23333333333333334
P2,Paunonen2003_attractiveness_extraversion,sonnet5,A,demographic,,no_manipulation,self_appearance_report,questionnaire,self_report,0,60,60,0,0,0,0,0,0.0
P2,Paunonen2003_attractiveness_extraversion,sonnet5,A,none,,no_manipulation,self_appearance_report,questionnaire,self_report,0,60,60,0,0,0,0,0,0.0
P2,Paunonen2003_attractiveness_extraversion,sonnet5,B,demographic,,no_manipulation,self_appearance_report,questionnaire,self_report,0,60,60,0,0,0,0,0,0.0
P2,Paunonen2003_attractiveness_extraversion,sonnet5,B,none,,no_manipulation,self_appearance_report,questionnaire,self_report,0,60,60,0,0,0,0,0,0.0
P2,Peters2006_numeracy_framing,sonnet45,A,demographic,gain_frame,numeric_frame,neutral_judgment,jdm_bias,jdm_or_perceptual,0,30,30,0,0,0,0,0,0.0
P2,Peters2006_numeracy_framing,sonnet45,A,demographic,loss_frame,numeric_frame,neutral_judgment,jdm_bias,jdm_or_perceptual,0,30,30,0,0,0,0,0,0.0
P2,Peters2006_numeracy_framing,sonnet45,A,none,gain_frame,numeric_frame,neutral_judgment,jdm_bias,jdm_or_perceptual,0,30,30,0,0,0,0,0,0.0
P2,Peters2006_numeracy_framing,sonnet45,A,none,loss_frame,numeric_frame,neutral_judgment,jdm_bias,jdm_or_perceptual,0,30,30,0,0,0,0,0,0.0
P2,Peters2006_numeracy_framing,sonnet45,B,demographic,gain_frame,numeric_frame,neutral_judgment,jdm_bias,jdm_or_perceptual,0,30,30,0,0,0,0,0,0.0
P2,Peters2006_numeracy_framing,sonnet45,B,demographic,loss_frame,numeric_frame,neutral_judgment,jdm_bias,jdm_or_perceptual,0,30,30,0,0,0,0,0,0.0
P2,Peters2006_numeracy_framing,sonnet45,B,none,gain_frame,numeric_frame,neutral_judgment,jdm_bias,jdm_or_perceptual,0,30,30,0,0,0,0,0,0.0
P2,Peters2006_numeracy_framing,sonnet45,B,none,loss_frame,numeric_frame,neutral_judgment,jdm_bias,jdm_or_perceptual,0,30,30,0,0,0,0,0,0.0
P2,Peters2006_numeracy_framing,sonnet5,A,demographic,gain_frame,numeric_frame,neutral_judgment,jdm_bias,jdm_or_perceptual,0,30,30,0,0,0,0,0,0.0
P2,Peters2006_numeracy_framing,sonnet5,A,demographic,loss_frame,numeric_frame,neutral_judgment,jdm_bias,jdm_or_perceptual,0,30,30,0,0,0,0,0,0.0
P2,Peters2006_numeracy_framing,sonnet5,A,none,gain_frame,numeric_frame,neutral_judgment,jdm_bias,jdm_or_perceptual,0,30,30,0,0,0,0,0,0.0
P2,Peters2006_numeracy_framing,sonnet5,A,none,loss_frame,numeric_frame,neutral_judgment,jdm_bias,jdm_or_perceptual,0,30,30,0,0,0,0,0,0.0
P2,Peters2006_numeracy_framing,sonnet5,B,demographic,gain_frame,numeric_frame,neutral_judgment,jdm_bias,jdm_or_perceptual,0,30,30,0,0,0,0,0,0.0
P2,Peters2006_numeracy_framing,sonnet5,B,demographic,loss_frame,numeric_frame,neutral_judgment,jdm_bias,jdm_or_perceptual,0,30,30,0,0,0,0,0,0.0
P2,Peters2006_numeracy_framing,sonnet5,B,none,gain_frame,numeric_frame,neutral_judgment,jdm_bias,jdm_or_perceptual,0,30,30,0,0,0,0,0,0.0
P2,Peters2006_numeracy_framing,sonnet5,B,none,loss_frame,numeric_frame,neutral_judgment,jdm_bias,jdm_or_perceptual,0,30,30,0,0,0,0,0,0.0
P2,Reinhard2013_unconscious_lie_detection,sonnet45,A,demographic,conscious_thought,neutral_instruction,neutral_judgment,jdm_bias,jdm_or_perceptual,0,30,30,0,0,0,0,0,0.0
P2,Reinhard2013_unconscious_lie_detection,sonnet45,A,demographic,unconscious_thought,neutral_instruction,neutral_judgment,jdm_bias,jdm_or_perceptual,0,30,30,0,0,0,0,0,0.0
P2,Reinhard2013_unconscious_lie_detection,sonnet45,A,none,conscious_thought,neutral_instruction,neutral_judgment,jdm_bias,jdm_or_perceptual,0,30,29,1,0,0,0,1,0.03333333333333333
P2,Reinhard2013_unconscious_lie_detection,sonnet45,A,none,unconscious_thought,neutral_instruction,neutral_judgment,jdm_bias,jdm_or_perceptual,0,30,29,1,0,0,0,1,0.03333333333333333
P2,Reinhard2013_unconscious_lie_detection,sonnet45,B,demographic,conscious_thought,neutral_instruction,neutral_judgment,jdm_bias,jdm_or_perceptual,0,30,30,0,0,0,0,0,0.0
P2,Reinhard2013_unconscious_lie_detection,sonnet45,B,demographic,unconscious_thought,neutral_instruction,neutral_judgment,jdm_bias,jdm_or_perceptual,0,30,30,0,0,0,0,0,0.0
P2,Reinhard2013_unconscious_lie_detection,sonnet45,B,none,conscious_thought,neutral_instruction,neutral_judgment,jdm_bias,jdm_or_perceptual,0,30,30,0,0,0,0,0,0.0
P2,Reinhard2013_unconscious_lie_detection,sonnet45,B,none,unconscious_thought,neutral_instruction,neutral_judgment,jdm_bias,jdm_or_perceptual,0,30,30,0,0,0,0,0,0.0
P2,Reinhard2013_unconscious_lie_detection,sonnet5,A,demographic,conscious_thought,neutral_instruction,neutral_judgment,jdm_bias,jdm_or_perceptual,0,30,30,0,0,0,0,0,0.0
P2,Reinhard2013_unconscious_lie_detection,sonnet5,A,demographic,unconscious_thought,neutral_instruction,neutral_judgment,jdm_bias,jdm_or_perceptual,0,30,30,0,0,0,0,0,0.0
P2,Reinhard2013_unconscious_lie_detection,sonnet5,A,none,conscious_thought,neutral_instruction,neutral_judgment,jdm_bias,jdm_or_perceptual,0,30,30,0,0,0,0,0,0.0
P2,Reinhard2013_unconscious_lie_detection,sonnet5,A,none,unconscious_thought,neutral_instruction,neutral_judgment,jdm_bias,jdm_or_perceptual,0,30,30,0,0,0,0,0,0.0
P2,Reinhard2013_unconscious_lie_detection,sonnet5,B,demographic,conscious_thought,neutral_instruction,neutral_judgment,jdm_bias,jdm_or_perceptual,0,30,30,0,0,0,0,0,0.0
P2,Reinhard2013_unconscious_lie_detection,sonnet5,B,demographic,unconscious_thought,neutral_instruction,neutral_judgment,jdm_bias,jdm_or_perceptual,0,30,30,0,0,0,0,0,0.0
P2,Reinhard2013_unconscious_lie_detection,sonnet5,B,none,conscious_thought,neutral_instruction,neutral_judgment,jdm_bias,jdm_or_perceptual,0,30,30,0,0,0,0,0,0.0
P2,Reinhard2013_unconscious_lie_detection,sonnet5,B,none,unconscious_thought,neutral_instruction,neutral_judgment,jdm_bias,jdm_or_perceptual,0,30,30,0,0,0,0,0,0.0
A1,Rottenstreich2001_affective_lottery,sonnet45,A,demographic,certainty,money_exchange,monetary_allocation,jdm_bias,jdm_or_perceptual,0,30,30,0,0,0,0,0,0.0
A1,Rottenstreich2001_affective_lottery,sonnet45,A,demographic,low_probability,money_exchange,monetary_allocation,jdm_bias,jdm_or_perceptual,0,30,30,0,0,0,0,0,0.0
A1,Rottenstreich2001_affective_lottery,sonnet45,A,none,certainty,money_exchange,monetary_allocation,jdm_bias,jdm_or_perceptual,0,30,30,0,0,0,0,0,0.0
A1,Rottenstreich2001_affective_lottery,sonnet45,A,none,low_probability,money_exchange,monetary_allocation,jdm_bias,jdm_or_perceptual,0,30,30,0,0,0,0,0,0.0
A1,Rottenstreich2001_affective_lottery,sonnet45,B,demographic,certainty,money_exchange,monetary_allocation,jdm_bias,jdm_or_perceptual,0,30,30,0,0,0,0,0,0.0
A1,Rottenstreich2001_affective_lottery,sonnet45,B,demographic,low_probability,money_exchange,monetary_allocation,jdm_bias,jdm_or_perceptual,0,30,30,0,0,0,0,0,0.0
A1,Rottenstreich2001_affective_lottery,sonnet45,B,none,certainty,money_exchange,monetary_allocation,jdm_bias,jdm_or_perceptual,0,30,30,0,0,0,0,0,0.0
A1,Rottenstreich2001_affective_lottery,sonnet45,B,none,low_probability,money_exchange,monetary_allocation,jdm_bias,jdm_or_perceptual,0,30,30,0,0,0,0,0,0.0
A1,Rottenstreich2001_affective_lottery,sonnet5,A,demographic,certainty,money_exchange,monetary_allocation,jdm_bias,jdm_or_perceptual,0,30,30,0,0,0,0,0,0.0
A1,Rottenstreich2001_affective_lottery,sonnet5,A,demographic,low_probability,money_exchange,monetary_allocation,jdm_bias,jdm_or_perceptual,0,30,30,0,0,0,0,0,0.0
A1,Rottenstreich2001_affective_lottery,sonnet5,A,none,certainty,money_exchange,monetary_allocation,jdm_bias,jdm_or_perceptual,0,30,30,0,0,0,0,0,0.0
A1,Rottenstreich2001_affective_lottery,sonnet5,A,none,low_probability,money_exchange,monetary_allocation,jdm_bias,jdm_or_perceptual,0,30,30,0,0,0,0,0,0.0
A1,Rottenstreich2001_affective_lottery,sonnet5,B,demographic,certainty,money_exchange,monetary_allocation,jdm_bias,jdm_or_perceptual,0,30,30,0,0,0,0,0,0.0
A1,Rottenstreich2001_affective_lottery,sonnet5,B,demographic,low_probability,money_exchange,monetary_allocation,jdm_bias,jdm_or_perceptual,0,30,30,0,0,0,0,0,0.0
A1,Rottenstreich2001_affective_lottery,sonnet5,B,none,certainty,money_exchange,monetary_allocation,jdm_bias,jdm_or_perceptual,0,30,30,0,0,0,0,0,0.0
A1,Rottenstreich2001_affective_lottery,sonnet5,B,none,low_probability,money_exchange,monetary_allocation,jdm_bias,jdm_or_perceptual,0,30,30,0,0,0,0,0,0.0
P2,Scopelliti2015_bragging_emotion,sonnet45,A,demographic,recipient,neutral_recall,self_episode_report,introspective_recall,self_report,0,30,30,0,0,0,0,0,0.0
P2,Scopelliti2015_bragging_emotion,sonnet45,A,demographic,self_promoter,neutral_recall,self_episode_report,introspective_recall,self_report,1,30,30,0,0,0,0,0,0.0
P2,Scopelliti2015_bragging_emotion,sonnet45,A,none,recipient,neutral_recall,self_episode_report,introspective_recall,self_report,0,30,30,0,0,0,0,0,0.0
P2,Scopelliti2015_bragging_emotion,sonnet45,A,none,self_promoter,neutral_recall,self_episode_report,introspective_recall,self_report,1,30,30,0,0,0,0,0,0.0
P2,Scopelliti2015_bragging_emotion,sonnet45,B,demographic,recipient,neutral_recall,self_episode_report,introspective_recall,self_report,0,30,23,7,0,0,0,7,0.23333333333333334
P2,Scopelliti2015_bragging_emotion,sonnet45,B,demographic,self_promoter,neutral_recall,self_episode_report,introspective_recall,self_report,1,30,27,3,0,0,0,3,0.1
P2,Scopelliti2015_bragging_emotion,sonnet45,B,none,recipient,neutral_recall,self_episode_report,introspective_recall,self_report,0,30,30,0,0,0,0,0,0.0
P2,Scopelliti2015_bragging_emotion,sonnet45,B,none,self_promoter,neutral_recall,self_episode_report,introspective_recall,self_report,1,30,30,0,0,0,0,0,0.0
P2,Scopelliti2015_bragging_emotion,sonnet5,A,demographic,recipient,neutral_recall,self_episode_report,introspective_recall,self_report,0,30,30,0,0,0,0,0,0.0
P2,Scopelliti2015_bragging_emotion,sonnet5,A,demographic,self_promoter,neutral_recall,self_episode_report,introspective_recall,self_report,1,30,30,0,0,0,0,0,0.0
P2,Scopelliti2015_bragging_emotion,sonnet5,A,none,recipient,neutral_recall,self_episode_report,introspective_recall,self_report,0,30,30,0,0,0,0,0,0.0
P2,Scopelliti2015_bragging_emotion,sonnet5,A,none,self_promoter,neutral_recall,self_episode_report,introspective_recall,self_report,1,30,30,0,0,0,0,0,0.0
P2,Scopelliti2015_bragging_emotion,sonnet5,B,demographic,recipient,neutral_recall,self_episode_report,introspective_recall,self_report,0,30,30,0,0,0,0,0,0.0
P2,Scopelliti2015_bragging_emotion,sonnet5,B,demographic,self_promoter,neutral_recall,self_episode_report,introspective_recall,self_report,1,30,30,0,0,0,0,0,0.0
P2,Scopelliti2015_bragging_emotion,sonnet5,B,none,recipient,neutral_recall,self_episode_report,introspective_recall,self_report,0,30,30,0,0,0,0,0,0.0
P2,Scopelliti2015_bragging_emotion,sonnet5,B,none,self_promoter,neutral_recall,self_episode_report,introspective_recall,self_report,1,30,30,0,0,0,0,0,0.0
P2,Shnabel2008_needs_reconciliation,sonnet45,A,demographic,perpetrator_acceptance,transgression_recall,self_transgression_disclosure,introspective_recall,self_report,1,15,15,0,0,0,0,0,0.0
P2,Shnabel2008_needs_reconciliation,sonnet45,A,demographic,perpetrator_empowerment,transgression_recall,self_transgression_disclosure,introspective_recall,self_report,1,15,15,0,0,0,0,0,0.0
P2,Shnabel2008_needs_reconciliation,sonnet45,A,demographic,victim_acceptance,transgression_recall,self_transgression_disclosure,introspective_recall,self_report,0,15,15,0,0,0,0,0,0.0
P2,Shnabel2008_needs_reconciliation,sonnet45,A,demographic,victim_empowerment,transgression_recall,self_transgression_disclosure,introspective_recall,self_report,0,15,15,0,0,0,0,0,0.0
P2,Shnabel2008_needs_reconciliation,sonnet45,A,none,perpetrator_acceptance,transgression_recall,self_transgression_disclosure,introspective_recall,self_report,1,15,15,0,0,0,0,0,0.0
P2,Shnabel2008_needs_reconciliation,sonnet45,A,none,perpetrator_empowerment,transgression_recall,self_transgression_disclosure,introspective_recall,self_report,1,15,15,0,0,0,0,0,0.0
P2,Shnabel2008_needs_reconciliation,sonnet45,A,none,victim_acceptance,transgression_recall,self_transgression_disclosure,introspective_recall,self_report,0,15,15,0,0,0,0,0,0.0
P2,Shnabel2008_needs_reconciliation,sonnet45,A,none,victim_empowerment,transgression_recall,self_transgression_disclosure,introspective_recall,self_report,0,15,15,0,0,0,0,0,0.0
P2,Shnabel2008_needs_reconciliation,sonnet45,B,demographic,perpetrator_acceptance,transgression_recall,self_transgression_disclosure,introspective_recall,self_report,1,15,15,0,0,0,0,0,0.0
P2,Shnabel2008_needs_reconciliation,sonnet45,B,demographic,perpetrator_empowerment,transgression_recall,self_transgression_disclosure,introspective_recall,self_report,1,15,14,1,0,0,0,1,0.06666666666666667
P2,Shnabel2008_needs_reconciliation,sonnet45,B,demographic,victim_acceptance,transgression_recall,self_transgression_disclosure,introspective_recall,self_report,0,15,15,0,0,0,0,0,0.0
P2,Shnabel2008_needs_reconciliation,sonnet45,B,demographic,victim_empowerment,transgression_recall,self_transgression_disclosure,introspective_recall,self_report,0,15,14,1,0,0,0,1,0.06666666666666667
P2,Shnabel2008_needs_reconciliation,sonnet45,B,none,perpetrator_acceptance,transgression_recall,self_transgression_disclosure,introspective_recall,self_report,1,15,15,0,0,0,0,0,0.0
P2,Shnabel2008_needs_reconciliation,sonnet45,B,none,perpetrator_empowerment,transgression_recall,self_transgression_disclosure,introspective_recall,self_report,1,15,15,0,0,0,0,0,0.0
P2,Shnabel2008_needs_reconciliation,sonnet45,B,none,victim_acceptance,transgression_recall,self_transgression_disclosure,introspective_recall,self_report,0,15,15,0,0,0,0,0,0.0
P2,Shnabel2008_needs_reconciliation,sonnet45,B,none,victim_empowerment,transgression_recall,self_transgression_disclosure,introspective_recall,self_report,0,15,15,0,0,0,0,0,0.0
P2,Shnabel2008_needs_reconciliation,sonnet5,A,demographic,perpetrator_acceptance,transgression_recall,self_transgression_disclosure,introspective_recall,self_report,1,15,15,0,0,0,0,0,0.0
P2,Shnabel2008_needs_reconciliation,sonnet5,A,demographic,perpetrator_empowerment,transgression_recall,self_transgression_disclosure,introspective_recall,self_report,1,15,15,0,0,0,0,0,0.0
P2,Shnabel2008_needs_reconciliation,sonnet5,A,demographic,victim_acceptance,transgression_recall,self_transgression_disclosure,introspective_recall,self_report,0,15,15,0,0,0,0,0,0.0
P2,Shnabel2008_needs_reconciliation,sonnet5,A,demographic,victim_empowerment,transgression_recall,self_transgression_disclosure,introspective_recall,self_report,0,15,15,0,0,0,0,0,0.0
P2,Shnabel2008_needs_reconciliation,sonnet5,A,none,perpetrator_acceptance,transgression_recall,self_transgression_disclosure,introspective_recall,self_report,1,15,15,0,0,0,0,0,0.0
P2,Shnabel2008_needs_reconciliation,sonnet5,A,none,perpetrator_empowerment,transgression_recall,self_transgression_disclosure,introspective_recall,self_report,1,15,15,0,0,0,0,0,0.0
P2,Shnabel2008_needs_reconciliation,sonnet5,A,none,victim_acceptance,transgression_recall,self_transgression_disclosure,introspective_recall,self_report,0,15,15,0,0,0,0,0,0.0
P2,Shnabel2008_needs_reconciliation,sonnet5,A,none,victim_empowerment,transgression_recall,self_transgression_disclosure,introspective_recall,self_report,0,15,15,0,0,0,0,0,0.0
P2,Shnabel2008_needs_reconciliation,sonnet5,B,demographic,perpetrator_acceptance,transgression_recall,self_transgression_disclosure,introspective_recall,self_report,1,15,15,0,0,0,0,0,0.0
P2,Shnabel2008_needs_reconciliation,sonnet5,B,demographic,perpetrator_empowerment,transgression_recall,self_transgression_disclosure,introspective_recall,self_report,1,15,15,0,0,0,0,0,0.0
P2,Shnabel2008_needs_reconciliation,sonnet5,B,demographic,victim_acceptance,transgression_recall,self_transgression_disclosure,introspective_recall,self_report,0,15,15,0,0,0,0,0,0.0
P2,Shnabel2008_needs_reconciliation,sonnet5,B,demographic,victim_empowerment,transgression_recall,self_transgression_disclosure,introspective_recall,self_report,0,15,15,0,0,0,0,0,0.0
P2,Shnabel2008_needs_reconciliation,sonnet5,B,none,perpetrator_acceptance,transgression_recall,self_transgression_disclosure,introspective_recall,self_report,1,15,15,0,0,0,0,0,0.0
P2,Shnabel2008_needs_reconciliation,sonnet5,B,none,perpetrator_empowerment,transgression_recall,self_transgression_disclosure,introspective_recall,self_report,1,15,15,0,0,0,0,0,0.0
P2,Shnabel2008_needs_reconciliation,sonnet5,B,none,victim_acceptance,transgression_recall,self_transgression_disclosure,introspective_recall,self_report,0,15,15,0,0,0,0,0,0.0
P2,Shnabel2008_needs_reconciliation,sonnet5,B,none,victim_empowerment,transgression_recall,self_transgression_disclosure,introspective_recall,self_report,0,15,15,0,0,0,0,0,0.0
A0,Slepian2012_secrets,sonnet45,A,demographic,big_secret,secret_recall,self_secret_disclosure,introspective_recall,self_report,1,20,20,0,0,0,0,0,0.0
A0,Slepian2012_secrets,sonnet45,A,demographic,small_secret,secret_recall,self_secret_disclosure,introspective_recall,self_report,0,20,20,0,0,0,0,0,0.0
A0,Slepian2012_secrets,sonnet45,A,none,big_secret,secret_recall,self_secret_disclosure,introspective_recall,self_report,1,20,20,0,0,0,0,0,0.0
A0,Slepian2012_secrets,sonnet45,A,none,small_secret,secret_recall,self_secret_disclosure,introspective_recall,self_report,0,20,20,0,0,0,0,0,0.0
A0,Slepian2012_secrets,sonnet45,B,demographic,big_secret,secret_recall,self_secret_disclosure,introspective_recall,self_report,1,20,15,5,0,0,0,5,0.25
A0,Slepian2012_secrets,sonnet45,B,demographic,small_secret,secret_recall,self_secret_disclosure,introspective_recall,self_report,0,20,20,0,0,0,0,0,0.0
A0,Slepian2012_secrets,sonnet45,B,none,big_secret,secret_recall,self_secret_disclosure,introspective_recall,self_report,1,20,0,20,0,0,0,20,1.0
A0,Slepian2012_secrets,sonnet45,B,none,small_secret,secret_recall,self_secret_disclosure,introspective_recall,self_report,0,20,0,20,0,0,0,20,1.0
A0,Slepian2012_secrets,sonnet45,deidentified,demographic,big_secret,secret_recall,self_secret_disclosure,introspective_recall,self_report,1,20,20,0,0,0,0,0,0.0
A0,Slepian2012_secrets,sonnet45,deidentified,demographic,small_secret,secret_recall,self_secret_disclosure,introspective_recall,self_report,0,20,20,0,0,0,0,0,0.0
A0,Slepian2012_secrets,sonnet45,deidentified,none,big_secret,secret_recall,self_secret_disclosure,introspective_recall,self_report,1,20,20,0,0,0,0,0,0.0
A0,Slepian2012_secrets,sonnet45,deidentified,none,small_secret,secret_recall,self_secret_disclosure,introspective_recall,self_report,0,20,20,0,0,0,0,0,0.0
A0,Slepian2012_secrets,sonnet45,frame_flip,demographic,big_secret,secret_recall,self_secret_disclosure,introspective_recall,self_report,1,20,20,0,0,0,0,0,0.0
A0,Slepian2012_secrets,sonnet45,frame_flip,demographic,small_secret,secret_recall,self_secret_disclosure,introspective_recall,self_report,0,20,19,1,0,0,0,1,0.05
A0,Slepian2012_secrets,sonnet45,frame_flip,none,big_secret,secret_recall,self_secret_disclosure,introspective_recall,self_report,1,20,0,20,0,0,0,20,1.0
A0,Slepian2012_secrets,sonnet45,frame_flip,none,small_secret,secret_recall,self_secret_disclosure,introspective_recall,self_report,0,20,17,3,0,0,0,3,0.15
A0,Slepian2012_secrets,sonnet5,A,demographic,big_secret,secret_recall,self_secret_disclosure,introspective_recall,self_report,1,20,20,0,0,0,0,0,0.0
A0,Slepian2012_secrets,sonnet5,A,demographic,small_secret,secret_recall,self_secret_disclosure,introspective_recall,self_report,0,20,20,0,0,0,0,0,0.0
A0,Slepian2012_secrets,sonnet5,A,none,big_secret,secret_recall,self_secret_disclosure,introspective_recall,self_report,1,20,20,0,0,0,0,0,0.0
A0,Slepian2012_secrets,sonnet5,A,none,small_secret,secret_recall,self_secret_disclosure,introspective_recall,self_report,0,20,20,0,0,0,0,0,0.0
A0,Slepian2012_secrets,sonnet5,B,demographic,big_secret,secret_recall,self_secret_disclosure,introspective_recall,self_report,1,20,20,0,0,0,0,0,0.0
A0,Slepian2012_secrets,sonnet5,B,demographic,small_secret,secret_recall,self_secret_disclosure,introspective_recall,self_report,0,20,20,0,0,0,0,0,0.0
A0,Slepian2012_secrets,sonnet5,B,none,big_secret,secret_recall,self_secret_disclosure,introspective_recall,self_report,1,20,20,0,0,0,0,0,0.0
A0,Slepian2012_secrets,sonnet5,B,none,small_secret,secret_recall,self_secret_disclosure,introspective_recall,self_report,0,20,20,0,0,0,0,0,0.0
A0,Slepian2012_secrets,sonnet5,deidentified,demographic,big_secret,secret_recall,self_secret_disclosure,introspective_recall,self_report,1,20,20,0,0,0,0,0,0.0
A0,Slepian2012_secrets,sonnet5,deidentified,demographic,small_secret,secret_recall,self_secret_disclosure,introspective_recall,self_report,0,20,20,0,0,0,0,0,0.0
A0,Slepian2012_secrets,sonnet5,deidentified,none,big_secret,secret_recall,self_secret_disclosure,introspective_recall,self_report,1,20,20,0,0,0,0,0,0.0
A0,Slepian2012_secrets,sonnet5,deidentified,none,small_secret,secret_recall,self_secret_disclosure,introspective_recall,self_report,0,20,20,0,0,0,0,0,0.0
A0,Slepian2012_secrets,sonnet5,frame_flip,demographic,big_secret,secret_recall,self_secret_disclosure,introspective_recall,self_report,1,20,20,0,0,0,0,0,0.0
A0,Slepian2012_secrets,sonnet5,frame_flip,demographic,small_secret,secret_recall,self_secret_disclosure,introspective_recall,self_report,0,20,20,0,0,0,0,0,0.0
A0,Slepian2012_secrets,sonnet5,frame_flip,none,big_secret,secret_recall,self_secret_disclosure,introspective_recall,self_report,1,20,20,0,0,0,0,0,0.0
A0,Slepian2012_secrets,sonnet5,frame_flip,none,small_secret,secret_recall,self_secret_disclosure,introspective_recall,self_report,0,20,20,0,0,0,0,0,0.0
P2,Stevenson2000_web_brand_attitude,sonnet45,A,demographic,busy_background,visual_stimulus,neutral_judgment,social_judgment,social_inference,0,20,20,0,0,0,0,0,0.0
P2,Stevenson2000_web_brand_attitude,sonnet45,A,demographic,plain_background,visual_stimulus,neutral_judgment,social_judgment,social_inference,0,20,20,0,0,0,0,0,0.0
P2,Stevenson2000_web_brand_attitude,sonnet45,A,none,busy_background,visual_stimulus,neutral_judgment,social_judgment,social_inference,0,20,20,0,0,0,0,0,0.0
P2,Stevenson2000_web_brand_attitude,sonnet45,A,none,plain_background,visual_stimulus,neutral_judgment,social_judgment,social_inference,0,20,20,0,0,0,0,0,0.0
P2,Stevenson2000_web_brand_attitude,sonnet45,B,demographic,busy_background,visual_stimulus,neutral_judgment,social_judgment,social_inference,0,20,20,0,0,0,0,0,0.0
P2,Stevenson2000_web_brand_attitude,sonnet45,B,demographic,plain_background,visual_stimulus,neutral_judgment,social_judgment,social_inference,0,20,19,1,0,0,0,1,0.05
P2,Stevenson2000_web_brand_attitude,sonnet45,B,none,busy_background,visual_stimulus,neutral_judgment,social_judgment,social_inference,0,20,20,0,0,0,0,0,0.0
P2,Stevenson2000_web_brand_attitude,sonnet45,B,none,plain_background,visual_stimulus,neutral_judgment,social_judgment,social_inference,0,20,20,0,0,0,0,0,0.0
P2,Stevenson2000_web_brand_attitude,sonnet5,A,demographic,busy_background,visual_stimulus,neutral_judgment,social_judgment,social_inference,0,20,20,0,0,0,0,0,0.0
P2,Stevenson2000_web_brand_attitude,sonnet5,A,demographic,plain_background,visual_stimulus,neutral_judgment,social_judgment,social_inference,0,20,20,0,0,0,0,0,0.0
P2,Stevenson2000_web_brand_attitude,sonnet5,A,none,busy_background,visual_stimulus,neutral_judgment,social_judgment,social_inference,0,20,20,0,0,0,0,0,0.0
P2,Stevenson2000_web_brand_attitude,sonnet5,A,none,plain_background,visual_stimulus,neutral_judgment,social_judgment,social_inference,0,20,20,0,0,0,0,0,0.0
P2,Stevenson2000_web_brand_attitude,sonnet5,B,demographic,busy_background,visual_stimulus,neutral_judgment,social_judgment,social_inference,0,20,20,0,0,0,0,0,0.0
P2,Stevenson2000_web_brand_attitude,sonnet5,B,demographic,plain_background,visual_stimulus,neutral_judgment,social_judgment,social_inference,0,20,20,0,0,0,0,0,0.0
P2,Stevenson2000_web_brand_attitude,sonnet5,B,none,busy_background,visual_stimulus,neutral_judgment,social_judgment,social_inference,0,20,20,0,0,0,0,0,0.0
P2,Stevenson2000_web_brand_attitude,sonnet5,B,none,plain_background,visual_stimulus,neutral_judgment,social_judgment,social_inference,0,20,20,0,0,0,0,0,0.0
A0,Tamir2012_selfdisclosure,sonnet45,A,demographic,,no_manipulation,self_disclosure_choice,incentive,jdm_or_perceptual,0,40,0,0,0,0,40,0,0.0
A0,Tamir2012_selfdisclosure,sonnet45,A,none,,no_manipulation,self_disclosure_choice,incentive,jdm_or_perceptual,0,40,0,0,0,0,40,0,0.0
A0,Tamir2012_selfdisclosure,sonnet45,B,demographic,,no_manipulation,self_disclosure_choice,incentive,jdm_or_perceptual,0,40,40,0,0,0,0,0,0.0
A0,Tamir2012_selfdisclosure,sonnet45,B,none,,no_manipulation,self_disclosure_choice,incentive,jdm_or_perceptual,0,40,39,1,0,0,0,1,0.025
A0,Tamir2012_selfdisclosure,sonnet45,deidentified,demographic,,no_manipulation,self_disclosure_choice,incentive,jdm_or_perceptual,0,40,40,0,0,0,0,0,0.0
A0,Tamir2012_selfdisclosure,sonnet45,deidentified,none,,no_manipulation,self_disclosure_choice,incentive,jdm_or_perceptual,0,40,39,1,0,0,0,1,0.025
A0,Tamir2012_selfdisclosure,sonnet45,frame_flip,demographic,,no_manipulation,self_disclosure_choice,incentive,jdm_or_perceptual,0,40,40,0,0,0,0,0,0.0
A0,Tamir2012_selfdisclosure,sonnet45,frame_flip,none,,no_manipulation,self_disclosure_choice,incentive,jdm_or_perceptual,0,40,40,0,0,0,0,0,0.0
A0,Tamir2012_selfdisclosure,sonnet5,A,demographic,,no_manipulation,self_disclosure_choice,incentive,jdm_or_perceptual,0,40,27,0,0,0,13,0,0.0
A0,Tamir2012_selfdisclosure,sonnet5,A,none,,no_manipulation,self_disclosure_choice,incentive,jdm_or_perceptual,0,40,40,0,0,0,0,0,0.0
A0,Tamir2012_selfdisclosure,sonnet5,B,demographic,,no_manipulation,self_disclosure_choice,incentive,jdm_or_perceptual,0,40,16,0,0,0,24,0,0.0
A0,Tamir2012_selfdisclosure,sonnet5,B,none,,no_manipulation,self_disclosure_choice,incentive,jdm_or_perceptual,0,40,0,0,0,0,40,0,0.0
A0,Tamir2012_selfdisclosure,sonnet5,deidentified,demographic,,no_manipulation,self_disclosure_choice,incentive,jdm_or_perceptual,0,40,40,0,0,0,0,0,0.0
A0,Tamir2012_selfdisclosure,sonnet5,deidentified,none,,no_manipulation,self_disclosure_choice,incentive,jdm_or_perceptual,0,40,40,0,0,0,0,0,0.0
A0,Tamir2012_selfdisclosure,sonnet5,frame_flip,demographic,,no_manipulation,self_disclosure_choice,incentive,jdm_or_perceptual,0,40,40,0,0,0,0,0,0.0
A0,Tamir2012_selfdisclosure,sonnet5,frame_flip,none,,no_manipulation,self_disclosure_choice,incentive,jdm_or_perceptual,0,40,40,0,0,0,0,0,0.0
P2,Thoresen2003_commitment_negative_affect,sonnet45,A,demographic,,no_manipulation,affect_report,questionnaire,self_report,0,60,59,1,0,0,0,1,0.016666666666666666
P2,Thoresen2003_commitment_negative_affect,sonnet45,A,none,,no_manipulation,affect_report,questionnaire,self_report,0,60,60,0,0,0,0,0,0.0
P2,Thoresen2003_commitment_negative_affect,sonnet45,B,demographic,,no_manipulation,affect_report,questionnaire,self_report,0,60,60,0,0,0,0,0,0.0
P2,Thoresen2003_commitment_negative_affect,sonnet45,B,none,,no_manipulation,affect_report,questionnaire,self_report,0,60,38,22,0,0,0,22,0.36666666666666664
P2,Thoresen2003_commitment_negative_affect,sonnet5,A,demographic,,no_manipulation,affect_report,questionnaire,self_report,0,60,60,0,0,0,0,0,0.0
P2,Thoresen2003_commitment_negative_affect,sonnet5,A,none,,no_manipulation,affect_report,questionnaire,self_report,0,60,60,0,0,0,0,0,0.0
P2,Thoresen2003_commitment_negative_affect,sonnet5,B,demographic,,no_manipulation,affect_report,questionnaire,self_report,0,60,60,0,0,0,0,0,0.0
P2,Thoresen2003_commitment_negative_affect,sonnet5,B,none,,no_manipulation,affect_report,questionnaire,self_report,0,60,60,0,0,0,0,0,0.0
A1,Tversky1973_availability_letters,sonnet45,A,demographic,,no_manipulation,neutral_judgment,jdm_bias,jdm_or_perceptual,0,60,60,0,0,0,0,0,0.0
A1,Tversky1973_availability_letters,sonnet45,A,none,,no_manipulation,neutral_judgment,jdm_bias,jdm_or_perceptual,0,60,60,0,0,0,0,0,0.0
A1,Tversky1973_availability_letters,sonnet45,B,demographic,,no_manipulation,neutral_judgment,jdm_bias,jdm_or_perceptual,0,60,60,0,0,0,0,0,0.0
A1,Tversky1973_availability_letters,sonnet45,B,none,,no_manipulation,neutral_judgment,jdm_bias,jdm_or_perceptual,0,60,60,0,0,0,0,0,0.0
A1,Tversky1973_availability_letters,sonnet5,A,demographic,,no_manipulation,neutral_judgment,jdm_bias,jdm_or_perceptual,0,60,60,0,0,0,0,0,0.0
A1,Tversky1973_availability_letters,sonnet5,A,none,,no_manipulation,neutral_judgment,jdm_bias,jdm_or_perceptual,0,60,60,0,0,0,0,0,0.0
A1,Tversky1973_availability_letters,sonnet5,B,demographic,,no_manipulation,neutral_judgment,jdm_bias,jdm_or_perceptual,0,60,60,0,0,0,0,0,0.0
A1,Tversky1973_availability_letters,sonnet5,B,none,,no_manipulation,neutral_judgment,jdm_bias,jdm_or_perceptual,0,60,60,0,0,0,0,0,0.0
A0,Valdesolo2007_hypocrisy,sonnet45,A,demographic,ingroup_actor,moral_scenario,moral_wrongness_rating,moral_judgment,moral,0,15,15,0,0,0,0,0,0.0
A0,Valdesolo2007_hypocrisy,sonnet45,A,demographic,other_actor,moral_scenario,moral_wrongness_rating,moral_judgment,moral,0,15,15,0,0,0,0,0,0.0
A0,Valdesolo2007_hypocrisy,sonnet45,A,demographic,outgroup_actor,moral_scenario,moral_wrongness_rating,moral_judgment,moral,1,15,15,0,0,0,0,0,0.0
A0,Valdesolo2007_hypocrisy,sonnet45,A,demographic,self_actor,moral_scenario,moral_wrongness_rating,moral_judgment,moral,0,15,15,0,0,0,0,0,0.0
A0,Valdesolo2007_hypocrisy,sonnet45,A,none,ingroup_actor,moral_scenario,moral_wrongness_rating,moral_judgment,moral,0,15,15,0,0,0,0,0,0.0
A0,Valdesolo2007_hypocrisy,sonnet45,A,none,other_actor,moral_scenario,moral_wrongness_rating,moral_judgment,moral,0,15,15,0,0,0,0,0,0.0
A0,Valdesolo2007_hypocrisy,sonnet45,A,none,outgroup_actor,moral_scenario,moral_wrongness_rating,moral_judgment,moral,1,15,15,0,0,0,0,0,0.0
A0,Valdesolo2007_hypocrisy,sonnet45,A,none,self_actor,moral_scenario,moral_wrongness_rating,moral_judgment,moral,0,15,15,0,0,0,0,0,0.0
A0,Valdesolo2007_hypocrisy,sonnet45,B,demographic,ingroup_actor,moral_scenario,moral_wrongness_rating,moral_judgment,moral,0,15,15,0,0,0,0,0,0.0
A0,Valdesolo2007_hypocrisy,sonnet45,B,demographic,other_actor,moral_scenario,moral_wrongness_rating,moral_judgment,moral,0,15,15,0,0,0,0,0,0.0
A0,Valdesolo2007_hypocrisy,sonnet45,B,demographic,outgroup_actor,moral_scenario,moral_wrongness_rating,moral_judgment,moral,1,15,15,0,0,0,0,0,0.0
A0,Valdesolo2007_hypocrisy,sonnet45,B,demographic,self_actor,moral_scenario,moral_wrongness_rating,moral_judgment,moral,0,15,15,0,0,0,0,0,0.0
A0,Valdesolo2007_hypocrisy,sonnet45,B,none,ingroup_actor,moral_scenario,moral_wrongness_rating,moral_judgment,moral,0,15,15,0,0,0,0,0,0.0
A0,Valdesolo2007_hypocrisy,sonnet45,B,none,other_actor,moral_scenario,moral_wrongness_rating,moral_judgment,moral,0,15,15,0,0,0,0,0,0.0
A0,Valdesolo2007_hypocrisy,sonnet45,B,none,outgroup_actor,moral_scenario,moral_wrongness_rating,moral_judgment,moral,1,15,15,0,0,0,0,0,0.0
A0,Valdesolo2007_hypocrisy,sonnet45,B,none,self_actor,moral_scenario,moral_wrongness_rating,moral_judgment,moral,0,15,15,0,0,0,0,0,0.0
A0,Valdesolo2007_hypocrisy,sonnet45,deidentified,demographic,ingroup_actor,moral_scenario,moral_wrongness_rating,moral_judgment,moral,0,15,15,0,0,0,0,0,0.0
A0,Valdesolo2007_hypocrisy,sonnet45,deidentified,demographic,other_actor,moral_scenario,moral_wrongness_rating,moral_judgment,moral,0,15,15,0,0,0,0,0,0.0
A0,Valdesolo2007_hypocrisy,sonnet45,deidentified,demographic,outgroup_actor,moral_scenario,moral_wrongness_rating,moral_judgment,moral,1,15,15,0,0,0,0,0,0.0
A0,Valdesolo2007_hypocrisy,sonnet45,deidentified,demographic,self_actor,moral_scenario,moral_wrongness_rating,moral_judgment,moral,0,15,15,0,0,0,0,0,0.0
A0,Valdesolo2007_hypocrisy,sonnet45,deidentified,none,ingroup_actor,moral_scenario,moral_wrongness_rating,moral_judgment,moral,0,15,5,10,0,0,0,10,0.6666666666666666
A0,Valdesolo2007_hypocrisy,sonnet45,deidentified,none,other_actor,moral_scenario,moral_wrongness_rating,moral_judgment,moral,0,15,15,0,0,0,0,0,0.0
A0,Valdesolo2007_hypocrisy,sonnet45,deidentified,none,outgroup_actor,moral_scenario,moral_wrongness_rating,moral_judgment,moral,1,15,0,15,0,0,0,15,1.0
A0,Valdesolo2007_hypocrisy,sonnet45,deidentified,none,self_actor,moral_scenario,moral_wrongness_rating,moral_judgment,moral,0,15,15,0,0,0,0,0,0.0
A0,Valdesolo2007_hypocrisy,sonnet45,frame_flip,demographic,ingroup_actor,moral_scenario,moral_wrongness_rating,moral_judgment,moral,0,15,15,0,0,0,0,0,0.0
A0,Valdesolo2007_hypocrisy,sonnet45,frame_flip,demographic,other_actor,moral_scenario,moral_wrongness_rating,moral_judgment,moral,0,15,15,0,0,0,0,0,0.0
A0,Valdesolo2007_hypocrisy,sonnet45,frame_flip,demographic,outgroup_actor,moral_scenario,moral_wrongness_rating,moral_judgment,moral,1,15,15,0,0,0,0,0,0.0
A0,Valdesolo2007_hypocrisy,sonnet45,frame_flip,demographic,self_actor,moral_scenario,moral_wrongness_rating,moral_judgment,moral,0,15,15,0,0,0,0,0,0.0
A0,Valdesolo2007_hypocrisy,sonnet45,frame_flip,none,ingroup_actor,moral_scenario,moral_wrongness_rating,moral_judgment,moral,0,15,15,0,0,0,0,0,0.0
A0,Valdesolo2007_hypocrisy,sonnet45,frame_flip,none,other_actor,moral_scenario,moral_wrongness_rating,moral_judgment,moral,0,15,15,0,0,0,0,0,0.0
A0,Valdesolo2007_hypocrisy,sonnet45,frame_flip,none,outgroup_actor,moral_scenario,moral_wrongness_rating,moral_judgment,moral,1,15,15,0,0,0,0,0,0.0
A0,Valdesolo2007_hypocrisy,sonnet45,frame_flip,none,self_actor,moral_scenario,moral_wrongness_rating,moral_judgment,moral,0,15,15,0,0,0,0,0,0.0
A0,Valdesolo2007_hypocrisy,sonnet5,A,demographic,ingroup_actor,moral_scenario,moral_wrongness_rating,moral_judgment,moral,0,15,15,0,0,0,0,0,0.0
A0,Valdesolo2007_hypocrisy,sonnet5,A,demographic,other_actor,moral_scenario,moral_wrongness_rating,moral_judgment,moral,0,15,15,0,0,0,0,0,0.0
A0,Valdesolo2007_hypocrisy,sonnet5,A,demographic,outgroup_actor,moral_scenario,moral_wrongness_rating,moral_judgment,moral,1,15,15,0,0,0,0,0,0.0
A0,Valdesolo2007_hypocrisy,sonnet5,A,demographic,self_actor,moral_scenario,moral_wrongness_rating,moral_judgment,moral,0,15,15,0,0,0,0,0,0.0
A0,Valdesolo2007_hypocrisy,sonnet5,A,none,ingroup_actor,moral_scenario,moral_wrongness_rating,moral_judgment,moral,0,15,15,0,0,0,0,0,0.0
A0,Valdesolo2007_hypocrisy,sonnet5,A,none,other_actor,moral_scenario,moral_wrongness_rating,moral_judgment,moral,0,15,15,0,0,0,0,0,0.0
A0,Valdesolo2007_hypocrisy,sonnet5,A,none,outgroup_actor,moral_scenario,moral_wrongness_rating,moral_judgment,moral,1,15,15,0,0,0,0,0,0.0
A0,Valdesolo2007_hypocrisy,sonnet5,A,none,self_actor,moral_scenario,moral_wrongness_rating,moral_judgment,moral,0,15,15,0,0,0,0,0,0.0
A0,Valdesolo2007_hypocrisy,sonnet5,B,demographic,ingroup_actor,moral_scenario,moral_wrongness_rating,moral_judgment,moral,0,15,15,0,0,0,0,0,0.0
A0,Valdesolo2007_hypocrisy,sonnet5,B,demographic,other_actor,moral_scenario,moral_wrongness_rating,moral_judgment,moral,0,15,15,0,0,0,0,0,0.0
A0,Valdesolo2007_hypocrisy,sonnet5,B,demographic,outgroup_actor,moral_scenario,moral_wrongness_rating,moral_judgment,moral,1,15,15,0,0,0,0,0,0.0
A0,Valdesolo2007_hypocrisy,sonnet5,B,demographic,self_actor,moral_scenario,moral_wrongness_rating,moral_judgment,moral,0,15,15,0,0,0,0,0,0.0
A0,Valdesolo2007_hypocrisy,sonnet5,B,none,ingroup_actor,moral_scenario,moral_wrongness_rating,moral_judgment,moral,0,15,15,0,0,0,0,0,0.0
A0,Valdesolo2007_hypocrisy,sonnet5,B,none,other_actor,moral_scenario,moral_wrongness_rating,moral_judgment,moral,0,15,15,0,0,0,0,0,0.0
A0,Valdesolo2007_hypocrisy,sonnet5,B,none,outgroup_actor,moral_scenario,moral_wrongness_rating,moral_judgment,moral,1,15,15,0,0,0,0,0,0.0
A0,Valdesolo2007_hypocrisy,sonnet5,B,none,self_actor,moral_scenario,moral_wrongness_rating,moral_judgment,moral,0,15,15,0,0,0,0,0,0.0
A0,Valdesolo2007_hypocrisy,sonnet5,deidentified,demographic,ingroup_actor,moral_scenario,moral_wrongness_rating,moral_judgment,moral,0,15,15,0,0,0,0,0,0.0
A0,Valdesolo2007_hypocrisy,sonnet5,deidentified,demographic,other_actor,moral_scenario,moral_wrongness_rating,moral_judgment,moral,0,15,15,0,0,0,0,0,0.0
A0,Valdesolo2007_hypocrisy,sonnet5,deidentified,demographic,outgroup_actor,moral_scenario,moral_wrongness_rating,moral_judgment,moral,1,15,15,0,0,0,0,0,0.0
A0,Valdesolo2007_hypocrisy,sonnet5,deidentified,demographic,self_actor,moral_scenario,moral_wrongness_rating,moral_judgment,moral,0,15,15,0,0,0,0,0,0.0
A0,Valdesolo2007_hypocrisy,sonnet5,deidentified,none,ingroup_actor,moral_scenario,moral_wrongness_rating,moral_judgment,moral,0,15,15,0,0,0,0,0,0.0
A0,Valdesolo2007_hypocrisy,sonnet5,deidentified,none,other_actor,moral_scenario,moral_wrongness_rating,moral_judgment,moral,0,15,15,0,0,0,0,0,0.0
A0,Valdesolo2007_hypocrisy,sonnet5,deidentified,none,outgroup_actor,moral_scenario,moral_wrongness_rating,moral_judgment,moral,1,15,15,0,0,0,0,0,0.0
A0,Valdesolo2007_hypocrisy,sonnet5,deidentified,none,self_actor,moral_scenario,moral_wrongness_rating,moral_judgment,moral,0,15,15,0,0,0,0,0,0.0
A0,Valdesolo2007_hypocrisy,sonnet5,frame_flip,demographic,ingroup_actor,moral_scenario,moral_wrongness_rating,moral_judgment,moral,0,15,15,0,0,0,0,0,0.0
A0,Valdesolo2007_hypocrisy,sonnet5,frame_flip,demographic,other_actor,moral_scenario,moral_wrongness_rating,moral_judgment,moral,0,15,15,0,0,0,0,0,0.0
A0,Valdesolo2007_hypocrisy,sonnet5,frame_flip,demographic,outgroup_actor,moral_scenario,moral_wrongness_rating,moral_judgment,moral,1,15,15,0,0,0,0,0,0.0
A0,Valdesolo2007_hypocrisy,sonnet5,frame_flip,demographic,self_actor,moral_scenario,moral_wrongness_rating,moral_judgment,moral,0,15,15,0,0,0,0,0,0.0
A0,Valdesolo2007_hypocrisy,sonnet5,frame_flip,none,ingroup_actor,moral_scenario,moral_wrongness_rating,moral_judgment,moral,0,15,15,0,0,0,0,0,0.0
A0,Valdesolo2007_hypocrisy,sonnet5,frame_flip,none,other_actor,moral_scenario,moral_wrongness_rating,moral_judgment,moral,0,15,15,0,0,0,0,0,0.0
A0,Valdesolo2007_hypocrisy,sonnet5,frame_flip,none,outgroup_actor,moral_scenario,moral_wrongness_rating,moral_judgment,moral,1,15,15,0,0,0,0,0,0.0
A0,Valdesolo2007_hypocrisy,sonnet5,frame_flip,none,self_actor,moral_scenario,moral_wrongness_rating,moral_judgment,moral,0,15,15,0,0,0,0,0,0.0
A0,VanBoven2007_anticipation,sonnet45,A,demographic,order_future_first,temporal_frame,self_episode_report,jdm_bias,jdm_or_perceptual,0,20,20,0,0,0,0,0,0.0
A0,VanBoven2007_anticipation,sonnet45,A,demographic,order_past_first,temporal_frame,self_episode_report,jdm_bias,jdm_or_perceptual,0,20,20,0,0,0,0,0,0.0
A0,VanBoven2007_anticipation,sonnet45,A,none,order_future_first,temporal_frame,self_episode_report,jdm_bias,jdm_or_perceptual,0,20,20,0,0,0,0,0,0.0
A0,VanBoven2007_anticipation,sonnet45,A,none,order_past_first,temporal_frame,self_episode_report,jdm_bias,jdm_or_perceptual,0,20,20,0,0,0,0,0,0.0
A0,VanBoven2007_anticipation,sonnet45,B,demographic,order_future_first,temporal_frame,self_episode_report,jdm_bias,jdm_or_perceptual,0,20,20,0,0,0,0,0,0.0
A0,VanBoven2007_anticipation,sonnet45,B,demographic,order_past_first,temporal_frame,self_episode_report,jdm_bias,jdm_or_perceptual,0,20,20,0,0,0,0,0,0.0
A0,VanBoven2007_anticipation,sonnet45,B,none,order_future_first,temporal_frame,self_episode_report,jdm_bias,jdm_or_perceptual,0,20,20,0,0,0,0,0,0.0
A0,VanBoven2007_anticipation,sonnet45,B,none,order_past_first,temporal_frame,self_episode_report,jdm_bias,jdm_or_perceptual,0,20,20,0,0,0,0,0,0.0
A0,VanBoven2007_anticipation,sonnet45,deidentified,demographic,order_future_first,temporal_frame,self_episode_report,jdm_bias,jdm_or_perceptual,0,20,20,0,0,0,0,0,0.0
A0,VanBoven2007_anticipation,sonnet45,deidentified,demographic,order_past_first,temporal_frame,self_episode_report,jdm_bias,jdm_or_perceptual,0,20,20,0,0,0,0,0,0.0
A0,VanBoven2007_anticipation,sonnet45,deidentified,none,order_future_first,temporal_frame,self_episode_report,jdm_bias,jdm_or_perceptual,0,20,20,0,0,0,0,0,0.0
A0,VanBoven2007_anticipation,sonnet45,deidentified,none,order_past_first,temporal_frame,self_episode_report,jdm_bias,jdm_or_perceptual,0,20,20,0,0,0,0,0,0.0
A0,VanBoven2007_anticipation,sonnet45,frame_flip,demographic,order_future_first,temporal_frame,self_episode_report,jdm_bias,jdm_or_perceptual,0,20,20,0,0,0,0,0,0.0
A0,VanBoven2007_anticipation,sonnet45,frame_flip,demographic,order_past_first,temporal_frame,self_episode_report,jdm_bias,jdm_or_perceptual,0,20,20,0,0,0,0,0,0.0
A0,VanBoven2007_anticipation,sonnet45,frame_flip,none,order_future_first,temporal_frame,self_episode_report,jdm_bias,jdm_or_perceptual,0,20,20,0,0,0,0,0,0.0
A0,VanBoven2007_anticipation,sonnet45,frame_flip,none,order_past_first,temporal_frame,self_episode_report,jdm_bias,jdm_or_perceptual,0,20,20,0,0,0,0,0,0.0
A0,VanBoven2007_anticipation,sonnet5,A,demographic,order_future_first,temporal_frame,self_episode_report,jdm_bias,jdm_or_perceptual,0,20,20,0,0,0,0,0,0.0
A0,VanBoven2007_anticipation,sonnet5,A,demographic,order_past_first,temporal_frame,self_episode_report,jdm_bias,jdm_or_perceptual,0,20,20,0,0,0,0,0,0.0
A0,VanBoven2007_anticipation,sonnet5,A,none,order_future_first,temporal_frame,self_episode_report,jdm_bias,jdm_or_perceptual,0,20,20,0,0,0,0,0,0.0
A0,VanBoven2007_anticipation,sonnet5,A,none,order_past_first,temporal_frame,self_episode_report,jdm_bias,jdm_or_perceptual,0,20,20,0,0,0,0,0,0.0
A0,VanBoven2007_anticipation,sonnet5,B,demographic,order_future_first,temporal_frame,self_episode_report,jdm_bias,jdm_or_perceptual,0,20,20,0,0,0,0,0,0.0
A0,VanBoven2007_anticipation,sonnet5,B,demographic,order_past_first,temporal_frame,self_episode_report,jdm_bias,jdm_or_perceptual,0,20,20,0,0,0,0,0,0.0
A0,VanBoven2007_anticipation,sonnet5,B,none,order_future_first,temporal_frame,self_episode_report,jdm_bias,jdm_or_perceptual,0,20,20,0,0,0,0,0,0.0
A0,VanBoven2007_anticipation,sonnet5,B,none,order_past_first,temporal_frame,self_episode_report,jdm_bias,jdm_or_perceptual,0,20,20,0,0,0,0,0,0.0
A0,VanBoven2007_anticipation,sonnet5,deidentified,demographic,order_future_first,temporal_frame,self_episode_report,jdm_bias,jdm_or_perceptual,0,20,20,0,0,0,0,0,0.0
A0,VanBoven2007_anticipation,sonnet5,deidentified,demographic,order_past_first,temporal_frame,self_episode_report,jdm_bias,jdm_or_perceptual,0,20,20,0,0,0,0,0,0.0
A0,VanBoven2007_anticipation,sonnet5,deidentified,none,order_future_first,temporal_frame,self_episode_report,jdm_bias,jdm_or_perceptual,0,20,20,0,0,0,0,0,0.0
A0,VanBoven2007_anticipation,sonnet5,deidentified,none,order_past_first,temporal_frame,self_episode_report,jdm_bias,jdm_or_perceptual,0,20,20,0,0,0,0,0,0.0
A0,VanBoven2007_anticipation,sonnet5,frame_flip,demographic,order_future_first,temporal_frame,self_episode_report,jdm_bias,jdm_or_perceptual,0,20,20,0,0,0,0,0,0.0
A0,VanBoven2007_anticipation,sonnet5,frame_flip,demographic,order_past_first,temporal_frame,self_episode_report,jdm_bias,jdm_or_perceptual,0,20,20,0,0,0,0,0,0.0
A0,VanBoven2007_anticipation,sonnet5,frame_flip,none,order_future_first,temporal_frame,self_episode_report,jdm_bias,jdm_or_perceptual,0,20,20,0,0,0,0,0,0.0
A0,VanBoven2007_anticipation,sonnet5,frame_flip,none,order_past_first,temporal_frame,self_episode_report,jdm_bias,jdm_or_perceptual,0,20,20,0,0,0,0,0,0.0
A0,Wakslak2006_construal,sonnet45,A,demographic,high_likelihood,neutral_instruction,neutral_judgment,jdm_bias,jdm_or_perceptual,0,20,0,20,0,0,0,20,1.0
A0,Wakslak2006_construal,sonnet45,A,demographic,low_likelihood,neutral_instruction,neutral_judgment,jdm_bias,jdm_or_perceptual,0,20,17,3,0,0,0,3,0.15
A0,Wakslak2006_construal,sonnet45,A,none,high_likelihood,neutral_instruction,neutral_judgment,jdm_bias,jdm_or_perceptual,0,20,0,20,0,0,0,20,1.0
A0,Wakslak2006_construal,sonnet45,A,none,low_likelihood,neutral_instruction,neutral_judgment,jdm_bias,jdm_or_perceptual,0,20,20,0,0,0,0,0,0.0
A0,Wakslak2006_construal,sonnet45,B,demographic,high_likelihood,neutral_instruction,neutral_judgment,jdm_bias,jdm_or_perceptual,0,20,16,4,0,0,0,4,0.2
A0,Wakslak2006_construal,sonnet45,B,demographic,low_likelihood,neutral_instruction,neutral_judgment,jdm_bias,jdm_or_perceptual,0,20,14,6,0,0,0,6,0.3
A0,Wakslak2006_construal,sonnet45,B,none,high_likelihood,neutral_instruction,neutral_judgment,jdm_bias,jdm_or_perceptual,0,20,19,1,0,0,0,1,0.05
A0,Wakslak2006_construal,sonnet45,B,none,low_likelihood,neutral_instruction,neutral_judgment,jdm_bias,jdm_or_perceptual,0,20,5,15,0,0,0,15,0.75
A0,Wakslak2006_construal,sonnet45,deidentified,demographic,high_likelihood,neutral_instruction,neutral_judgment,jdm_bias,jdm_or_perceptual,0,20,10,10,0,0,0,10,0.5
A0,Wakslak2006_construal,sonnet45,deidentified,demographic,low_likelihood,neutral_instruction,neutral_judgment,jdm_bias,jdm_or_perceptual,0,20,20,0,0,0,0,0,0.0
A0,Wakslak2006_construal,sonnet45,deidentified,none,high_likelihood,neutral_instruction,neutral_judgment,jdm_bias,jdm_or_perceptual,0,20,0,20,0,0,0,20,1.0
A0,Wakslak2006_construal,sonnet45,deidentified,none,low_likelihood,neutral_instruction,neutral_judgment,jdm_bias,jdm_or_perceptual,0,20,18,2,0,0,0,2,0.1
A0,Wakslak2006_construal,sonnet45,frame_flip,demographic,high_likelihood,neutral_instruction,neutral_judgment,jdm_bias,jdm_or_perceptual,0,20,20,0,0,0,0,0,0.0
A0,Wakslak2006_construal,sonnet45,frame_flip,demographic,low_likelihood,neutral_instruction,neutral_judgment,jdm_bias,jdm_or_perceptual,0,20,20,0,0,0,0,0,0.0
A0,Wakslak2006_construal,sonnet45,frame_flip,none,high_likelihood,neutral_instruction,neutral_judgment,jdm_bias,jdm_or_perceptual,0,20,20,0,0,0,0,0,0.0
A0,Wakslak2006_construal,sonnet45,frame_flip,none,low_likelihood,neutral_instruction,neutral_judgment,jdm_bias,jdm_or_perceptual,0,20,20,0,0,0,0,0,0.0
A0,Wakslak2006_construal,sonnet5,A,demographic,high_likelihood,neutral_instruction,neutral_judgment,jdm_bias,jdm_or_perceptual,0,20,20,0,0,0,0,0,0.0
A0,Wakslak2006_construal,sonnet5,A,demographic,low_likelihood,neutral_instruction,neutral_judgment,jdm_bias,jdm_or_perceptual,0,20,20,0,0,0,0,0,0.0
A0,Wakslak2006_construal,sonnet5,A,none,high_likelihood,neutral_instruction,neutral_judgment,jdm_bias,jdm_or_perceptual,0,20,20,0,0,0,0,0,0.0
A0,Wakslak2006_construal,sonnet5,A,none,low_likelihood,neutral_instruction,neutral_judgment,jdm_bias,jdm_or_perceptual,0,20,20,0,0,0,0,0,0.0
A0,Wakslak2006_construal,sonnet5,B,demographic,high_likelihood,neutral_instruction,neutral_judgment,jdm_bias,jdm_or_perceptual,0,20,20,0,0,0,0,0,0.0
A0,Wakslak2006_construal,sonnet5,B,demographic,low_likelihood,neutral_instruction,neutral_judgment,jdm_bias,jdm_or_perceptual,0,20,20,0,0,0,0,0,0.0
A0,Wakslak2006_construal,sonnet5,B,none,high_likelihood,neutral_instruction,neutral_judgment,jdm_bias,jdm_or_perceptual,0,20,20,0,0,0,0,0,0.0
A0,Wakslak2006_construal,sonnet5,B,none,low_likelihood,neutral_instruction,neutral_judgment,jdm_bias,jdm_or_perceptual,0,20,20,0,0,0,0,0,0.0
A0,Wakslak2006_construal,sonnet5,deidentified,demographic,high_likelihood,neutral_instruction,neutral_judgment,jdm_bias,jdm_or_perceptual,0,20,20,0,0,0,0,0,0.0
A0,Wakslak2006_construal,sonnet5,deidentified,demographic,low_likelihood,neutral_instruction,neutral_judgment,jdm_bias,jdm_or_perceptual,0,20,20,0,0,0,0,0,0.0
A0,Wakslak2006_construal,sonnet5,deidentified,none,high_likelihood,neutral_instruction,neutral_judgment,jdm_bias,jdm_or_perceptual,0,20,20,0,0,0,0,0,0.0
A0,Wakslak2006_construal,sonnet5,deidentified,none,low_likelihood,neutral_instruction,neutral_judgment,jdm_bias,jdm_or_perceptual,0,20,20,0,0,0,0,0,0.0
A0,Wakslak2006_construal,sonnet5,frame_flip,demographic,high_likelihood,neutral_instruction,neutral_judgment,jdm_bias,jdm_or_perceptual,0,20,20,0,0,0,0,0,0.0
A0,Wakslak2006_construal,sonnet5,frame_flip,demographic,low_likelihood,neutral_instruction,neutral_judgment,jdm_bias,jdm_or_perceptual,0,20,20,0,0,0,0,0,0.0
A0,Wakslak2006_construal,sonnet5,frame_flip,none,high_likelihood,neutral_instruction,neutral_judgment,jdm_bias,jdm_or_perceptual,0,20,20,0,0,0,0,0,0.0
A0,Wakslak2006_construal,sonnet5,frame_flip,none,low_likelihood,neutral_instruction,neutral_judgment,jdm_bias,jdm_or_perceptual,0,20,20,0,0,0,0,0,0.0
P2,Weinstein1984_comparative_optimism,sonnet45,A,demographic,,no_manipulation,personal_risk_estimate,jdm_bias,jdm_or_perceptual,0,60,60,0,0,0,0,0,0.0
P2,Weinstein1984_comparative_optimism,sonnet45,A,none,,no_manipulation,personal_risk_estimate,jdm_bias,jdm_or_perceptual,0,60,60,0,0,0,0,0,0.0
P2,Weinstein1984_comparative_optimism,sonnet45,B,demographic,,no_manipulation,personal_risk_estimate,jdm_bias,jdm_or_perceptual,0,60,60,0,0,0,0,0,0.0
P2,Weinstein1984_comparative_optimism,sonnet45,B,none,,no_manipulation,personal_risk_estimate,jdm_bias,jdm_or_perceptual,0,60,39,0,1,20,0,21,0.35
P2,Weinstein1984_comparative_optimism,sonnet5,A,demographic,,no_manipulation,personal_risk_estimate,jdm_bias,jdm_or_perceptual,0,60,60,0,0,0,0,0,0.0
P2,Weinstein1984_comparative_optimism,sonnet5,A,none,,no_manipulation,personal_risk_estimate,jdm_bias,jdm_or_perceptual,0,60,60,0,0,0,0,0,0.0
P2,Weinstein1984_comparative_optimism,sonnet5,B,demographic,,no_manipulation,personal_risk_estimate,jdm_bias,jdm_or_perceptual,0,60,60,0,0,0,0,0,0.0
P2,Weinstein1984_comparative_optimism,sonnet5,B,none,,no_manipulation,personal_risk_estimate,jdm_bias,jdm_or_perceptual,0,60,60,0,0,0,0,0,0.0
P2,WilliamsBargh2008_distance_priming,sonnet45,A,demographic,close,semantic_prime,neutral_judgment,social_priming,priming,0,20,20,0,0,0,0,0,0.0
P2,WilliamsBargh2008_distance_priming,sonnet45,A,demographic,distant,semantic_prime,neutral_judgment,social_priming,priming,0,20,20,0,0,0,0,0,0.0
P2,WilliamsBargh2008_distance_priming,sonnet45,A,none,close,semantic_prime,neutral_judgment,social_priming,priming,0,20,20,0,0,0,0,0,0.0
P2,WilliamsBargh2008_distance_priming,sonnet45,A,none,distant,semantic_prime,neutral_judgment,social_priming,priming,0,20,20,0,0,0,0,0,0.0
P2,WilliamsBargh2008_distance_priming,sonnet45,B,demographic,close,semantic_prime,neutral_judgment,social_priming,priming,0,20,19,1,0,0,0,1,0.05
P2,WilliamsBargh2008_distance_priming,sonnet45,B,demographic,distant,semantic_prime,neutral_judgment,social_priming,priming,0,20,16,4,0,0,0,4,0.2
P2,WilliamsBargh2008_distance_priming,sonnet45,B,none,close,semantic_prime,neutral_judgment,social_priming,priming,0,20,20,0,0,0,0,0,0.0
P2,WilliamsBargh2008_distance_priming,sonnet45,B,none,distant,semantic_prime,neutral_judgment,social_priming,priming,0,20,20,0,0,0,0,0,0.0
P2,WilliamsBargh2008_distance_priming,sonnet5,A,demographic,close,semantic_prime,neutral_judgment,social_priming,priming,0,20,20,0,0,0,0,0,0.0
P2,WilliamsBargh2008_distance_priming,sonnet5,A,demographic,distant,semantic_prime,neutral_judgment,social_priming,priming,0,20,20,0,0,0,0,0,0.0
P2,WilliamsBargh2008_distance_priming,sonnet5,A,none,close,semantic_prime,neutral_judgment,social_priming,priming,0,20,20,0,0,0,0,0,0.0
P2,WilliamsBargh2008_distance_priming,sonnet5,A,none,distant,semantic_prime,neutral_judgment,social_priming,priming,0,20,20,0,0,0,0,0,0.0
P2,WilliamsBargh2008_distance_priming,sonnet5,B,demographic,close,semantic_prime,neutral_judgment,social_priming,priming,0,20,20,0,0,0,0,0,0.0
P2,WilliamsBargh2008_distance_priming,sonnet5,B,demographic,distant,semantic_prime,neutral_judgment,social_priming,priming,0,20,20,0,0,0,0,0,0.0
P2,WilliamsBargh2008_distance_priming,sonnet5,B,none,close,semantic_prime,neutral_judgment,social_priming,priming,0,20,20,0,0,0,0,0,0.0
P2,WilliamsBargh2008_distance_priming,sonnet5,B,none,distant,semantic_prime,neutral_judgment,social_priming,priming,0,20,20,0,0,0,0,0,0.0
P2,Zarkadi2013_visual_contrast,sonnet45,A,demographic,black_white,visual_stimulus,neutral_judgment,social_priming,priming,0,20,20,0,0,0,0,0,0.0
P2,Zarkadi2013_visual_contrast,sonnet45,A,demographic,blue_yellow,visual_stimulus,neutral_judgment,social_priming,priming,0,20,20,0,0,0,0,0,0.0
P2,Zarkadi2013_visual_contrast,sonnet45,A,demographic,gray,visual_stimulus,neutral_judgment,social_priming,priming,0,20,19,1,0,0,0,1,0.05
P2,Zarkadi2013_visual_contrast,sonnet45,A,none,black_white,visual_stimulus,neutral_judgment,social_priming,priming,0,20,20,0,0,0,0,0,0.0
P2,Zarkadi2013_visual_contrast,sonnet45,A,none,blue_yellow,visual_stimulus,neutral_judgment,social_priming,priming,0,20,20,0,0,0,0,0,0.0
P2,Zarkadi2013_visual_contrast,sonnet45,A,none,gray,visual_stimulus,neutral_judgment,social_priming,priming,0,20,20,0,0,0,0,0,0.0
P2,Zarkadi2013_visual_contrast,sonnet45,B,demographic,black_white,visual_stimulus,neutral_judgment,social_priming,priming,0,20,20,0,0,0,0,0,0.0
P2,Zarkadi2013_visual_contrast,sonnet45,B,demographic,blue_yellow,visual_stimulus,neutral_judgment,social_priming,priming,0,20,20,0,0,0,0,0,0.0
P2,Zarkadi2013_visual_contrast,sonnet45,B,demographic,gray,visual_stimulus,neutral_judgment,social_priming,priming,0,20,20,0,0,0,0,0,0.0
P2,Zarkadi2013_visual_contrast,sonnet45,B,none,black_white,visual_stimulus,neutral_judgment,social_priming,priming,0,20,20,0,0,0,0,0,0.0
P2,Zarkadi2013_visual_contrast,sonnet45,B,none,blue_yellow,visual_stimulus,neutral_judgment,social_priming,priming,0,20,20,0,0,0,0,0,0.0
P2,Zarkadi2013_visual_contrast,sonnet45,B,none,gray,visual_stimulus,neutral_judgment,social_priming,priming,0,20,20,0,0,0,0,0,0.0
P2,Zarkadi2013_visual_contrast,sonnet5,A,demographic,black_white,visual_stimulus,neutral_judgment,social_priming,priming,0,20,20,0,0,0,0,0,0.0
P2,Zarkadi2013_visual_contrast,sonnet5,A,demographic,blue_yellow,visual_stimulus,neutral_judgment,social_priming,priming,0,20,20,0,0,0,0,0,0.0
P2,Zarkadi2013_visual_contrast,sonnet5,A,demographic,gray,visual_stimulus,neutral_judgment,social_priming,priming,0,20,20,0,0,0,0,0,0.0
P2,Zarkadi2013_visual_contrast,sonnet5,A,none,black_white,visual_stimulus,neutral_judgment,social_priming,priming,0,20,20,0,0,0,0,0,0.0
P2,Zarkadi2013_visual_contrast,sonnet5,A,none,blue_yellow,visual_stimulus,neutral_judgment,social_priming,priming,0,20,20,0,0,0,0,0,0.0
P2,Zarkadi2013_visual_contrast,sonnet5,A,none,gray,visual_stimulus,neutral_judgment,social_priming,priming,0,20,20,0,0,0,0,0,0.0
P2,Zarkadi2013_visual_contrast,sonnet5,B,demographic,black_white,visual_stimulus,neutral_judgment,social_priming,priming,0,20,20,0,0,0,0,0,0.0
P2,Zarkadi2013_visual_contrast,sonnet5,B,demographic,blue_yellow,visual_stimulus,neutral_judgment,social_priming,priming,0,20,20,0,0,0,0,0,0.0
P2,Zarkadi2013_visual_contrast,sonnet5,B,demographic,gray,visual_stimulus,neutral_judgment,social_priming,priming,0,20,20,0,0,0,0,0,0.0
P2,Zarkadi2013_visual_contrast,sonnet5,B,none,black_white,visual_stimulus,neutral_judgment,social_priming,priming,0,20,20,0,0,0,0,0,0.0
P2,Zarkadi2013_visual_contrast,sonnet5,B,none,blue_yellow,visual_stimulus,neutral_judgment,social_priming,priming,0,20,20,0,0,0,0,0,0.0
P2,Zarkadi2013_visual_contrast,sonnet5,B,none,gray,visual_stimulus,neutral_judgment,social_priming,priming,0,20,20,0,0,0,0,0,0.0
