effect_id,doi_o,ref_o,description,discipline,disc_cat,n_o,r_o,n_r,r_r,gap,gap_band,tags,in_A0,thin_metadata,sim_round1_uncalibrated,sim_round1,sim_round2,audit_tier,simulable_final,sim_needs_review,narr_round1,narr_round1_reason,narr_round2,narr_round2_reason,narrative_disagreement,exclusion_reason,sim_round1_provenance,narrative_final,sim_admission,narrative_manual_adjudication_needed
1360,10.1002/smj.2585,"McCann, B. T., & Bahl, M. (2016). The influence of competition from informal firms on new product development. Strategic Management Journal, 38(7), 1518–1535. Portico. https://doi.org/10.1002/smj.2585",influence of competition from informal firms on new product development,Management,other,9522.0,0.06,9266.0,0.07,-0.01,low,informal competition; new product develop-ment; attention-based view; emerging economies; compet-itive strategy,False,False,NOT_SIMULABLE,SIMULABLE,,B_calibrated_only,True,False,obscure,A niche management effect with near-identical original and replication effect sizes attracts little attention in either literature or public discourse.,obscure,"Niche management-strategy finding with tiny effect size, unlikely to be widely known enough to carry any replication narrative.",False,,calibrated full-pool rerun,obscure,confirmed,False
1355,10.1016/j.jesp.2012.11.012,"Zarkadi, T., & Schnall, S. (2013). “Black and White” thinking: Visual contrast polarizes moral judgment. Journal of Experimental Social Psychology, 49(3), 355–359. https://doi.org/10.1016/j.jesp.2012.11.012","Black-and-white priming, priming of a black-and-white visual pattern polarizes moral judgment",Social Psychology,social,111.0,0.2645751311064591,8602.0,0.0316227766016837,0.2329523545047753,mid,"Moral judgment, Morality, Embodiment, Metaphor, Visual contrast, Black and white",False,False,NOT_SIMULABLE,SIMULABLE,,B_calibrated_only,True,False,obscure,"This niche embodied-cognition finding never gained wide traction, and its failed replication is known only within specialist literature.",obscure,This is a niche embodied-cognition priming effect too specific and minor to have entered common discourse either way.,False,,calibrated full-pool rerun,obscure,confirmed,False
864,10.1037/0022-3514.95.2.293,"Risen, J. L., & Gilovich, T. (2008). Why people are reluctant to tempt fate. Journal of Personality and Social Psychology, 95(2), 293–307. https://doi.org/10.1037/0022-3514.95.2.293",Reluctance to tempt fate,Psychology,psych_general,120.0,0.1913950514033555,8000.0,0.0896376994958905,0.101757351907465,mid,"tempt fate, magical thinking, accessibility, negativity",False,False,SIMULABLE,SIMULABLE,SIMULABLE,A_dual_confirmed,True,False,obscure,A niche magical-thinking effect; neither the original nor its weaker replication has broad recognition outside specialist judgment-and-decision-making circles.,obscure,Niche magical-thinking effect lacking broad recognition; neither its finding nor its replication failure is widely known.,False,,calibrated full-pool rerun,obscure,confirmed,False
852,10.1093/analys/63.3.190,"Knobe, J. (2003). Intentional action and side effects in ordinary language. Analysis, 63(3), 190–194. https://doi.org/10.1093/analys/63.3.190",Harmful side-effects are more likely to be judged as having been brought about intentionally than helpful side effects,Psychology,psych_general,78.0,0.600556507185804,7982.0,0.658504607868518,-0.057948100682714,low,"intentional action, folk psychology, prediction, explanation, control, behaviour",False,False,SIMULABLE,SIMULABLE,SIMULABLE,A_dual_confirmed,True,False,original_dominates,Knobe effect is a textbook classic widely taught; the large confirming replication is barely known outside specialists.,original_dominates,"The Knobe effect is famous as a robust, celebrated finding; its large replication success isn't part of the common narrative.",False,,calibrated full-pool rerun,original_dominates,confirmed,False
863,10.1111/j.1468-0017.2006.00297.x,"HAUSER, M., CUSHMAN, F., YOUNG, L., KANG‐XING JIN, R., & MIKHAIL, J. (2007). A Dissociation Between Moral Judgments and Justifications. Mind &amp; Language, 22(1), 1–21. Portico. https://doi.org/10.1111/j.1468-0017.2006.00297.x",an act that harms other people is seen as more morally permissible if the act is a foreseen side effect rather than the means to the greater good,Social Psychology,social,2612.0,0.1902779639793305,7923.0,0.1240347345892084,0.066243229390122,mid,"double effect, moral judgments, justifications, moral dilemma",False,False,SIMULABLE,SIMULABLE,SIMULABLE,A_dual_confirmed,True,False,contested,"Doctrine of double effect is debated in philosophy/psychology, with Many Labs-type replications cited alongside continued defenses of the original effect.",contested,"Doctrine of double effect remains actively debated in moral psychology, with researchers still contesting its robustness, scope, and underlying mechanisms.",False,,calibrated full-pool rerun,contested,confirmed,False
871,10.1016/j.obhdp.2006.10.001,"Giessner, S. R., & Schubert, T. W. (2007). High in the hierarchy: How vertical location and judgments of leaders’ power are interrelated. Organizational Behavior and Human Decision Processes, 104(1), 30–44. https://doi.org/10.1016/j.obhdp.2006.10.001",Relating vertical position with power,Judgment and Decision Making,jdm,64.0,0.2638110893282788,7890.0,0.0149983127847122,0.2488127765435666,mid,"leadership, power, person perception, embodiment, metaphor",False,False,NOT_SIMULABLE,SIMULABLE,,B_calibrated_only,True,False,contested,"Power-posture embodiment findings circulate widely in popular/textbook accounts, while replication crisis critiques actively dispute their validity in literature.",failure_dominates,"Embodied-cognition/power-posture-style metaphor effects are now emblematic of the replication crisis, especially given the huge N=7890 null result.",True,,calibrated full-pool rerun,DISAGREE,confirmed,True
862,10.1126/science.7455683,"Tversky, A., & Kahneman, D. (1981). The Framing of Decisions and the Psychology of Choice. Science, 211(4481), 453–458. https://doi.org/10.1126/science.7455683",Effect of framing on decision making,Judgment and Decision Making,jdm,181.0,0.4138709243763865,7228.0,0.196116135138184,0.2177547892382025,mid,"decision problems, preference, perception, rational choice",False,False,SIMULABLE,SIMULABLE,INSUFFICIENT,excluded,False,True,contested,"Framing effects remain widely taught, but Many Labs replications sparked ongoing debate over their size and robustness.",original_dominates,Tversky/Kahneman framing effects are textbook staples; the weaker large-N replication is rarely part of popular awareness.,True,round2 veto: NOT_SIMULABLE/INSUFFICIENT,calibrated full-pool rerun,DISAGREE,excluded,True
880,10.1111/1467-9280.00334,"Rottenstreich, Y., & Hsee, C. K. (2001). Money, Kisses, and Electric Shocks: On the Affective Psychology of Risk. Psychological Science, 12(3), 185–190. https://doi.org/10.1111/1467-9280.00334",Whether to prefer an affectively attractive option (a kiss from a favorite movie star) or a financially attractive option ($50) depends on certainty,Social Psychology,social,40.0,0.3747586376266759,7218.0,-0.0399680383488715,0.3347905992778043,high,"prospect theory, affective, s-shaped, affect-rich, affect-poor, outcome",False,False,NOT_SIMULABLE,SIMULABLE,,B_calibrated_only,True,False,obscure,This niche affect-vs-money certainty effect and its large replication failure both remain largely unknown outside specialist decision-making research.,obscure,This specific affect-rich/affect-poor certainty effect study is too niche for either the finding or its replication failure to be widely known.,False,,calibrated full-pool rerun,obscure,confirmed,False
851,10.1037/0022-3514.83.5.1239,"Miyamoto, Y., & Kitayama, S. (2002). Cultural variation in correspondence bias: The critical role of attitude diagnosticity of socially constrained behavior. Journal of Personality and Social Psychology, 83(5), 1239–1248. https://doi.org/10.1037/0022-3514.83.5.1239",Correspondence bias (WEIRD samples),Psychology,psych_general,58.0,0.774154681281388,7197.0,0.673040840090995,0.101113841190393,mid,Many Labs 2,False,False,SIMULABLE,SIMULABLE,SIMULABLE,A_dual_confirmed,True,False,contested,"Many Labs 2 replicated correspondence bias fairly robustly, but debates persist about cross-cultural generalizability and WEIRD-sample limits.",original_dominates,"Correspondence bias remains taught as a robust, well-supported phenomenon; the small effect-size gap from Many Labs 2 rarely enters common discourse.",True,,calibrated full-pool rerun,DISAGREE,confirmed,True
870,10.1002/bdm.586,"Critcher, C. R., & Gilovich, T. (2007). Incidental environmental anchors. Journal of Behavioral Decision Making, 21(3), 241–251. Portico. https://doi.org/10.1002/bdm.586",Influence of incidental anchors on judgment,Judgment and Decision Making,jdm,207.0,0.1483404529302446,6826.0,0.0199960011996001,0.1283444517306444,mid,"basic anchoring, numeric priming, incidental anchoring, accessibility",False,False,SIMULABLE,SIMULABLE,INSUFFICIENT,excluded,False,True,contested,"Basic anchoring is textbook-canon, but incidental/numeric-priming anchoring is actively debated amid Many Labs-style null replications.",contested,"Basic anchoring is robust and famous, but ""incidental""/numeric-priming anchors specifically remain debated, with defenders and skeptics both active.",False,round2 veto: NOT_SIMULABLE/INSUFFICIENT,calibrated full-pool rerun,contested,excluded,False
868,10.1177/0956797611429579,"Bauer, M. A., Wilkie, J. E. B., Kim, J. K., & Bodenhausen, G. V. (2012). Cuing Consumerism. Psychological Science, 23(5), 517–523. https://doi.org/10.1177/0956797611429579",Effects of consumer cues on viewing other people as partners,Social Psychology,social,77.0,0.2561582384877227,6608.0,0.0598922907279467,0.196265947759776,mid,"consumerism, materialism, situationism, social engagement, well-being, personal values",False,False,SIMULABLE,SIMULABLE,SIMULABLE,A_dual_confirmed,True,False,obscure,"This niche Many Labs-style effect and its null replication remain known only within specialist replication/social-priming circles, not broader discourse.",obscure,"Niche materialism-cue priming study, too narrow and low-profile to have formed a widely shared default association either way.",False,,calibrated full-pool rerun,obscure,confirmed,False
859,10.1002/ejsp.2013,"Huang, Y., Tse, C., & Cho, K. W. (2014). Living in the north is not necessarily favorable: Different metaphoric associations between cardinal direction and valence in Hong Kong and in the United States. European Journal of Social Psychology, 44(4), 360–369. Portico. https://doi.org/10.1002/ejsp.2013",Cardinal direction and socioeconomic status (all participants),Social Psychology,social,180.0,0.3162277660168379,6591.0,0.196116135138184,0.1201116308786539,mid,"cardinal direction, valence, preference, cultural differences, metaphoric associations",False,False,SIMULABLE,SIMULABLE,INSUFFICIENT,excluded,False,True,obscure,This niche cardinal-direction/SES association lacks broad citation or media traction outside specialist replication-tracking circles.,obscure,Too niche and specific a finding to have entered common awareness as either a landmark result or a notorious replication failure.,False,round2 veto: NOT_SIMULABLE/INSUFFICIENT,calibrated full-pool rerun,obscure,excluded,False
874,10.1037/a0034462,"Kay, A. C., Laurin, K., Fitzsimons, G. M., & Landau, M. J. (2014). A functional basis for structure-seeking: Exposure to structure promotes willingness to engage in motivated action. Journal of Experimental Psychology: General, 143(2), 486–491. https://doi.org/10.1037/a0034462",Structure promotes goal pursuit,Experimental Philosophy,expphil,67.0,0.2425356250363329,6506.0,-0.0099995000374968,0.232536124998836,mid,"structure seeking, pattern perception, self-regulation, goal pursuit, compensatory control",False,False,SIMULABLE,SIMULABLE,SIMULABLE,A_dual_confirmed,True,False,obscure,"A narrow social-psych finding with no broad citation or public traction, despite the large replication showing no effect.",obscure,"Niche self-regulation/compensatory-control finding, too specific and low-profile for either ""classic"" or ""famous failed replication"" status.",False,,calibrated full-pool rerun,obscure,confirmed,False
725,10.1037/a0029288,"Caruso, E. M., Vohs, K. D., Baxter, B., & Waytz, A. (2013). Mere exposure to money increases endorsement of free-market systems and social inequality. Journal of Experimental Psychology: General, 142(2), 301–306. https://doi.org/10.1037/a0029288","The replication tested whether money priming increases system justification. It did not replicate: d = -0.02, p = .43, indicating differences from the original study.",Social Psychology,social,30.0,0.3713906763541036,6340.0,-0.0099995000374968,0.3613911763166068,high,"money, system justification, many labs, replication",False,False,SIMULABLE,SIMULABLE,SIMULABLE,A_dual_confirmed,True,False,contested,"Money priming remains cited in social psychology while Many Labs failures are widely known, keeping the effect actively debated.",obscure,"Money priming's link to system justification specifically is a niche sub-finding, overshadowed by broader priming replication debates, not independently well-known.",True,,calibrated full-pool rerun,DISAGREE,confirmed,True
726,10.1016/j.jesp.2010.05.014,"Husnu, S., & Crisp, R. J. (2010). Elaboration enhances the imagined contact effect. Journal of Experimental Social Psychology, 46(6), 943–950. https://doi.org/10.1016/j.jesp.2010.05.014","The replication tested whether imagining positive contact with an outgroup increases intentions to engage in future intergroup contact. It found a small but statistically significant effect: d = .13, p < .001​ML.web.Supplement (1)",Social Psychology,social,33.0,0.3950277506594153,6335.0,0.0648631210826801,0.3301646295767352,high,"imagined contact, future intentions, many labs, replication",False,False,SIMULABLE,SIMULABLE,SIMULABLE,A_dual_confirmed,True,False,original_dominates,Imagined-contact theory remains widely cited and taught; the Many Labs shrinkage to near-zero is known mainly to replication specialists.,obscure,"Imagined contact is a niche paradigm within intergroup contact research, too specialized for either replication narrative to be widely known.",True,,calibrated full-pool rerun,DISAGREE,confirmed,True
678,10.1017/s1930297500001170,"Oppenheimer, D. M., & Monin, B. (2009). The retrospective gambler’s fallacy: Unlikely events, constructing the past, and multiple universes. Judgment and Decision Making, 4(5), 326–334. https://doi.org/10.1017/s1930297500001170","Results showed no significant retrospective gambler’s fallacy effect, as the data violated the normality assumption. Effect size: d = 0.02, p = .27.",Social Psychology,social,80.0,0.3261363455467632,5979.0,0.0099995000374968,0.3161368455092663,high,"retrospective gambler’s fallacy, decision-making, hindsight bias",False,False,SIMULABLE,SIMULABLE,SIMULABLE,A_dual_confirmed,True,False,obscure,This niche retrospective gambler's fallacy finding and its failed replication both attract little attention outside decision-making specialists.,obscure,Retrospective gambler's fallacy is a niche decision-making effect too peripheral for either narrative to have become a default association.,False,,calibrated full-pool rerun,obscure,confirmed,False
669,10.1037/0022-3514.83.1.44,"Nosek, B. A., Banaji, M. R., & Greenwald, A. G. (2002). Math = male, me = female, therefore math ≠ me. Journal of Personality and Social Psychology, 83(1), 44–59. https://doi.org/10.1037/0022-3514.83.1.44",gender stereotypes and attitudes and identification with mathematics,Social Psychology,social,79.0,0.4507805712802584,5842.0,0.2561582384877227,0.1946223327925356,mid,"IAT, implicit attitudes, implicit bias, many labs, replication",False,False,NOT_SIMULABLE,NOT_SIMULABLE,,excluded,False,False,n/a (not simulable),,n/a (not simulable),,False,calibrated: DV not text-simulable,calibrated full-pool rerun,n/a,excluded,False
1834,10.1037/pst0000133,"Burlingame, G. M., Whitcomb, K. E., Woodland, S. C., Olsen, J. A., Beecher, M., & Gleave, R. (2018). The effects of relationship and progress feedback in group psychotherapy using the Group Questionnaire and Outcome Questionnaire–45: A randomized clinical trial. Psychotherapy, 55(2), 116–131. https://doi.org/10.1037/pst0000133","Group therapy participants had later ""not on track"" alerts than individual therapy participants",Clinical Psychology,other,374.0,0.223225049976951,5493.0,0.1319928073136246,0.0912322426633264,mid,"group psychotherapy, progress and relationship monitoring, feedback, Group Questionnaire—GQ, OQ-45",False,False,NOT_SIMULABLE,SIMULABLE,,B_calibrated_only,True,False,obscure,This narrow feedback-monitoring finding circulates only among progress-monitoring specialists; neither the original nor replication has broader recognition.,obscure,"Niche progress-monitoring subfinding in group therapy research, too specialized for either narrative to become a common default association.",False,,calibrated full-pool rerun,obscure,confirmed,False
876,10.1038/nclimate2093,"Zaval, L., Keenan, E. A., Johnson, E. J., & Weber, E. U. (2014). How warm days increase belief in global warming. Nature Climate Change, 4(2), 143–147. https://doi.org/10.1038/nclimate2093",Priming “heat” increases belief in global warming,Social Psychology,social,300.0,0.1531709544131907,4204.0,-0.0149983127847122,0.1381726416284785,mid,"climate change, global warming, judgements, belief, temperature",False,False,SIMULABLE,SIMULABLE,SIMULABLE,A_dual_confirmed,True,False,obscure,"This niche priming finding and its large null replication both circulate mainly within specialist literature, unnoticed by broader audiences.",obscure,"Too niche and low-powered originally to have entered common knowledge, unlike flagship replication-crisis cases.",False,,calibrated full-pool rerun,obscure,confirmed,False
1212,10.3389/fped.2019.00206,"Perez, M., Jaundoo, R., Hilton, K., Del Alamo, A., Gemayel, K., Klimas, N. G., Craddock, T. J. A., & Nathanson, L. (2019). Genetic Predisposition for Immune System, Hormone, and Metabolic Dysfunction in Myalgic Encephalomyelitis/Chronic Fatigue Syndrome: A Pilot Study. Frontiers in Pediatrics, 7. https://doi.org/10.3389/fped.2019.00206",LINC01171: Long non-coding RNA; potentially regulates immune and stress-related gene expression.,Human Genetics,other,383.0,0.4973154024369253,3826.0,-0.3754917780347986,0.1218236244021266,mid,"23andMe, Chronic fatigue syndrome, Genetic Predisposition, Myalgic encephalomyelitis, Single nuclear polymorphism",False,False,NOT_SIMULABLE,NOT_SIMULABLE,,excluded,False,False,n/a (not simulable),,n/a (not simulable),,False,calibrated: DV not text-simulable,calibrated full-pool rerun,n/a,excluded,False
964,10.1111/j.1467-9280.2008.02076.x,"Ranganath, K. A., & Nosek, B. A. (2008). Implicit Attitude Generalization Occurs Immediately; Explicit Attitude Generalization Takes Time. Psychological Science, 19(3), 249–254. https://doi.org/10.1111/j.1467-9280.2008.02076.x","Associative links (e.g., shared group membership) are sufficient for implicit attitude generalization, but deliberative logic (e.g., individual group members are not necessarily the same) can reduce explicit generalization by association.",Social Psychology,social,564.0,-0.001999996000012,3597.0,0.1044259300039955,-0.1024259340039835,low,"Adult, Association, Attitude, Decision Making, Feedback, Psychological, Female, Generalization, Response, Humans, Individuality, Interpersonal Relations, Judgment, Male, Mental Recall, Middle Aged, Personality Inventory, Social Behavior, Social Identification",False,False,NOT_SIMULABLE,NOT_SIMULABLE,,excluded,False,False,n/a (not simulable),,n/a (not simulable),,False,calibrated: DV not text-simulable,calibrated full-pool rerun,n/a,excluded,False
707,10.1027/1864-9335/a000147,"Szymkow, A., Chandler, J., IJzerman, H., Parzuchowski, M., & Wojciszke, B. (2013). Warmer Hearts, Warmer Rooms. Social Psychology, 44(2), 167–176. https://doi.org/10.1027/1864-9335/a000147",Replicated the original study testing if communal traits affect temperature perception. The replication failed to detect the effect.,Social Psychology,social,80.0,0.3950277506594153,3119.0,0.0049999375011718,0.3900278131582435,high,"communal traits, embodiment, temperature perception, social cognition",False,False,NOT_SIMULABLE,NOT_SIMULABLE,,excluded,False,False,n/a (not simulable),,n/a (not simulable),,False,calibrated: DV not text-simulable,calibrated full-pool rerun,n/a,excluded,False
721,10.1016/0010-0285(73)90033-9,"Tversky, A., & Kahneman, D. (1973). Availability: A heuristic for judging frequency and probability. Cognitive Psychology, 5(2), 207–232. https://doi.org/10.1016/0010-0285(73)90033-9","The replication tested whether individuals overestimate the frequency or likelihood of events that are more easily retrievable from memory, demonstrating the availability heuristic. For example, participants judged more frequent exposure to names of famous people compared to less famous individuals.",Judgment and Decision Making,jdm,152.0,0.3793532811354438,3088.0,0.0449545065814817,0.3343987745539621,high,"availability heuristic, frequency judgment, probability estimation, cognitive bias, decision-making",False,False,SIMULABLE,SIMULABLE,SIMULABLE,A_dual_confirmed,True,False,original_dominates,The availability heuristic remains a textbook staple; this specific large replication failure is niche and little-known outside replication circles.,original_dominates,"Availability heuristic is a textbook Kahneman/Tversky staple; its replication weakness is niche knowledge, not the common association.",False,,calibrated full-pool rerun,original_dominates,confirmed,False
722,10.1111/j.1467-9280.2006.01824.x,"Galinsky, A. D., Magee, J. C., Inesi, M. E., & Gruenfeld, D. H. (2006). Power and Perspectives Not Taken. Psychological Science, 17(12), 1068–1074. https://doi.org/10.1111/j.1467-9280.2006.01824.x",The replication tested whether individuals primed with high power are less likely to consider others' perspectives during communication tasks compared to individuals primed with low power.,Linguistics,cognitive,42.0,0.3592917377421468,2969.0,0.0149983127847122,0.3442934249574346,high,"power, perspective-taking, social cognition, communication",False,False,NOT_SIMULABLE,SIMULABLE,,B_calibrated_only,True,False,failure_dominates,This power-perspective-taking effect is widely cited in the power-posing/social-priming replication crisis as a textbook non-replication.,failure_dominates,"Power-priming perspective-taking effects are now a textbook example of the priming replication crisis, alongside social priming studies broadly.",False,,calibrated full-pool rerun,failure_dominates,confirmed,False
766,10.1073/pnas.1701916114,"Genschow, O., Rigoni, D., & Brass, M. (2017). Belief in free will affects causal attributions when judging others’ behavior. Proceedings of the National Academy of Sciences, 114(38), 10071–10076. https://doi.org/10.1073/pnas.1701916114","In six studies, we tested whether believing in free will is related to the correspondence bias—that is, people’s automatic tendency to overestimate the influence of internal as compared to external factors when interpreting others’ behavior. Overall, we demonstrate that believing in free will increases the correspondence bias and predicts prescribed punishment and reward behavior.",Social Psychology,social,504.0,0.0945741925264206,2822.0,0.068836329694423,0.0257378628319975,low,"free-will belief, interpersonal perception, correspondence bias",False,False,SIMULABLE,SIMULABLE,SIMULABLE,A_dual_confirmed,True,False,obscure,A niche free-will/correspondence-bias link with tiny effect sizes; neither the original nor its replication is widely known or discussed.,obscure,A niche free-will-belief/correspondence-bias link too small and specialized to have entered common knowledge either way.,False,,calibrated full-pool rerun,obscure,confirmed,False
771,10.1073/pnas.1616921114,"Chao, M. (2017). Demotivating incentives and motivation crowding out in charitable giving. Proceedings of the National Academy of Sciences, 114(28), 7301–7306. https://doi.org/10.1073/pnas.1616921114",This study tests for the effect of thank-you gifts during a nonprofit’s direct-mail fund-raising campaign and finds that gifts reduced donation rates in this campaign. A complementary online experiment confirms that thank-you gifts can reduce donation rates but only when the gift is visually salient and thus more likely to occupy the donor’s attention. Nonprofits should consider their donor’s psy-chological incentives carefully,Economics,jdm,519.0,0.101473500730337,2441.0,0.0519298382559978,0.0495436624743391,low,"motivation crowding out, charitable giving, multiattribute choice, attention, saliency",False,False,SIMULABLE,SIMULABLE,SIMULABLE,A_dual_confirmed,True,False,obscure,A niche field-experiment finding on gift saliency in fundraising; neither the effect nor its weaker replication has broad recognition.,obscure,A niche mail-fundraising/saliency effect too specific and low-profile to have formed a settled default narrative either way.,False,,calibrated full-pool rerun,obscure,confirmed,False
706,10.1111/j.1467-9280.2009.02426.x,"Jostmann, N. B., Lakens, D., & Schubert, T. W. (2009). Weight as an Embodiment of Importance. Psychological Science, 20(9), 1169–1174. https://doi.org/10.1111/j.1467-9280.2009.02426.x",Replicated the effect of clipboard weight on perceived importance. No significant differences were observed (p = .54).,Social Psychology,social,51.0,0.282945147243684,2374.0,0.0149983127847122,0.2679468344589717,high,"weight embodiment, importance judgments, many labs 3, replication",False,False,NOT_SIMULABLE,SIMULABLE,,B_calibrated_only,True,False,failure_dominates,"Many Labs 3's large null result is widely cited as a textbook embodiment-priming replication failure, overshadowing the small original study.",obscure,"Clipboard-weight/importance embodiment is too minor a study to have a widely shared association, unlike heavier-hitters (power poses, facial feedback).",True,,calibrated full-pool rerun,DISAGREE,confirmed,True
765,10.1073/pnas.1620542114,"Gheorghiu, A. I., Callan, M. J., & Skylark, W. J. (2017). Facial appearance affects science communication. Proceedings of the National Academy of Sciences, 114(23), 5970–5975. https://doi.org/10.1073/pnas.1620542114","The dissemination of scientific findings to the wider public is increasingly important to public opinion and policy. We show that this process is influenced by the facial appearance of the scientist. We identify the traits that engender interest in a scientist’s work and the perception that they do high quality work, and show that these face-based impressions influence both the selection and evaluation of science news.",Social Psychology,social,408.0,0.0995037190209989,2213.0,0.0723102088031185,0.0271935102178804,low,"science communication, impression formation, social cognition",False,False,SIMULABLE,SIMULABLE,SIMULABLE,A_dual_confirmed,True,False,obscure,A niche facial-impression finding with a tiny effect size; neither the original nor its replication attracted notable citation or public attention.,obscure,Niche facial-perception-of-scientists finding with tiny effect sizes; too peripheral to have formed a strong replication narrative either way.,False,,calibrated full-pool rerun,obscure,confirmed,False
74,10.1016/s2215-0366(21)00241-8,"Taipale, H., Solmi, M., Lähteenvuo, M., Tanskanen, A., Correll, C. U., & Tiihonen, J. (2021). Antipsychotic use and risk of breast cancer in women with schizophrenia: a nationwide nested case-control study in Finland. The Lancet Psychiatry, 8(10), 883–891. https://doi.org/10.1016/s2215-0366(21)00241-8","""Long-term exposure to prolactin-increasing, but not to prolactin sparing, antipsychotics is significantly associated with increased odds of breast cancer.""",Medicine,other,4196.0,0.121673296619676,2072.0,0.1056092279945524,0.0160640686251236,low,prolactin/hyperprolactinemia/schizoaffective disorder/bipolar disorder/psychotic disorder/psychiatry,False,False,NOT_SIMULABLE,NOT_SIMULABLE,,excluded,False,False,n/a (not simulable),,n/a (not simulable),,False,calibrated: DV not text-simulable,calibrated full-pool rerun,n/a,excluded,False
1873,10.1023/a:1007744326393,"FETHERSTONHAUGH, D., SLOVIC, P., JOHNSON, S., & FRIEDRICH, J. (1997). Insensitivity to the Value of Human Life: A Study of Psychophysical Numbing. Journal of Risk and Uncertainty, 14(3), 283–300. https://doi.org/10.1023/a:1007744326393",life-saving interventions would be valued more highly when the number of lives at risk was small than when the number at risk was large.,Psychology,psych_general,162.0,0.7414562912379874,1606.0,0.4919138057920608,0.2495424854459265,mid,"CORE, Judgment, Decision Making, JDM, Heuristics, Biases",False,False,NOT_SIMULABLE,SIMULABLE,,B_calibrated_only,True,False,contested,Scope-insensitivity/proportion dominance in valuing lives is widely taught yet actively debated amid mixed replications in JDM literature.,obscure,"This specific ""value life-saving less as scale rises"" framing isn't a widely-known named effect like other classic JDM biases (e.g., scope insensitivity has more general recognition).",True,,calibrated full-pool rerun,DISAGREE,confirmed,True
1294,10.1037/0033-2909.124.2.197,"DeNeve, K. M., & Cooper, H. (1998). The happy personality: A meta-analysis of 137 personality traits and subjective well-being. Psychological Bulletin, 124(2), 197–229. https://doi.org/10.1037/0033-2909.124.2.197",Subjective well-being is negatively correlated with negative emotionality.,Differential Psychology,personality,7869.0,-0.22,1559.0,-0.54,-0.32,low,"Big Five, life outcomes, metascience, personality traits, replication, open data, open materials, preregistered",False,False,SIMULABLE,SIMULABLE,SIMULABLE,A_dual_confirmed,True,False,obscure,"This is a routine, uncontested personality-correlate finding known mainly to specialists; neither version circulates widely.",obscure,A specific personality-wellbeing correlation statistic is too niche/technical to have entered common researcher lore either way.,False,,calibrated full-pool rerun,obscure,confirmed,False
1292,10.1037/0022-3514.82.1.112,"McCullough, M. E., Emmons, R. A., & Tsang, J.-A. (2002). The grateful disposition: A conceptual and empirical topography. Journal of Personality and Social Psychology, 82(1), 112–127. https://doi.org/10.1037/0022-3514.82.1.112",Gratitude is positively correlated with agreeableness.,Differential Psychology,personality,1228.0,0.41,1559.0,0.54,-0.13,low,"Big Five, life outcomes, metascience, personality traits, replication, open data, open materials, preregistered",False,False,SIMULABLE,SIMULABLE,SIMULABLE,A_dual_confirmed,True,False,obscure,A narrow trait-correlation finding with a stronger replication draws little attention beyond specialist personality-psychology literature.,obscure,"A trait-correlation finding this narrow lacks the fame needed for either a ""landmark result"" or ""failed replication"" narrative to form.",False,,calibrated full-pool rerun,obscure,confirmed,False
1300,10.1207/s15327795jra0303_2,"Clancy, S. M., & Dollinger, S. J. (1993). Identity, Self, and Personality: I. Identity Status and the Five-Factor Model of Personality. Journal of Research on Adolescence, 3(3), 227–245. https://doi.org/10.1207/s15327795jra0303_2",Identity achievement is positively correlated with conscientiousness.,Differential Psychology,personality,198.0,0.3,1550.0,0.25,0.0499999999999999,low,"Big Five, life outcomes, metascience, personality traits, replication, open data, open materials, preregistered",False,False,SIMULABLE,SIMULABLE,SIMULABLE,A_dual_confirmed,True,False,obscure,A niche personality-trait correlation with a small effect gap; neither the original nor replication has broad recognition outside specialist literature.,obscure,A niche identity-status/personality correlation lacks broad recognition; neither the finding nor its replication status is widely known.,False,,calibrated full-pool rerun,obscure,confirmed,False
1285,10.1111/1467-6494.t01-1-00094,"MacDonald, D. A. (2000). Spirituality: Description, Measurement, and Relation to the Five Factor Model of Personality. Journal of Personality, 68(1), 153–197. Portico. https://doi.org/10.1111/1467-6494.t01-1-00094",Religious beliefs and behavior are positively correlated with conscientiousness.,Differential Psychology,personality,595.0,0.21,1550.0,0.15,0.06,mid,"Big Five, life outcomes, metascience, personality traits, replication, open data, open materials, preregistered",False,False,SIMULABLE,SIMULABLE,SIMULABLE,A_dual_confirmed,True,False,obscure,This niche personality-religiosity correlation attracts little attention; neither the original finding nor its replication is widely discussed outside specialist journals.,obscure,"A niche personality-religiosity correlation too specific and low-profile to have formed any widely shared narrative, positive or negative.",False,,calibrated full-pool rerun,obscure,confirmed,False
1205,10.1037/0022-3514.83.5.1165,"Shiner, R. L., Masten, A. S., & Tellegen, A. (2002). A developmental perspective on personality in emerging adulthood: Childhood antecedents and concurrent adaptation. Journal of Personality and Social Psychology, 83(5), 1165–1177. https://doi.org/10.1037/0022-3514.83.5.1165",Antisocial behavior is positvely correlated with negative emotionality.,Differential Psychology,personality,187.0,-0.28,1550.0,0.07,0.21,mid,"Big Five, life outcomes, metascience, personality traits, replication, open data, open materials, preregistered",False,False,SIMULABLE,SIMULABLE,NOT_SIMULABLE,excluded,False,False,obscure,"This narrow personality-trait correlation and its replication are known only within specialist literature, with no broader public or contested discourse.",obscure,This is a niche personality-trait correlation without cultural notoriety; not a famous replication case like power posing.,False,round2 veto: NOT_SIMULABLE/INSUFFICIENT,calibrated full-pool rerun,obscure,excluded,False
1174,10.1016/j.paid.2010.07.033,"Breen, W. E., Kashdan, T. B., Lenser, M. L., & Fincham, F. D. (2010). Gratitude and forgiveness: Convergence and divergence on self-report and informant ratings. Personality and Individual Differences, 49(8), 932–937. https://doi.org/10.1016/j.paid.2010.07.033",Foregiveness is positively correlated with agreeableness.,Differential Psychology,personality,140.0,0.58,1550.0,0.57,0.01,low,"Big Five, life outcomes, metascience, personality traits, replication, open data, open materials, preregistered",False,False,SIMULABLE,SIMULABLE,SIMULABLE,A_dual_confirmed,True,False,obscure,"A trivial, near-identical replication of a routine trait correlation draws no attention outside specialist personality-psychology circles.",obscure,"A minor, unsurprising trait correlation too narrow and non-newsworthy to have formed any widely shared default association.",False,,calibrated full-pool rerun,obscure,confirmed,False
1207,wiebe_2004,"Wiebe, R. P. (2004). Delinquent behavior and the Five-Factor Model: Hiding in the adaptive landscape. Individual Differences Research, 2, 38-62.",Criminial behavior is negatively correlated with conscientiousness.,Differential Psychology,personality,197.0,-0.3,1550.0,-0.19,0.1099999999999999,mid,"Big Five, life outcomes, metascience, personality traits, replication, open data, open materials, preregistered",False,False,SIMULABLE,SIMULABLE,SIMULABLE,A_dual_confirmed,True,False,obscure,"This specific finding circulates only within personality-psychology specialist literature, unknown to broader science or public discourse.",original_dominates,The Big Five–crime link is textbook personality psychology; its replication attenuation isn't part of the field's common lore.,True,,calibrated full-pool rerun,DISAGREE,confirmed,True
1184,10.1037/0022-3514.84.2.411,"Paunonen, S. V. (2003). Big Five factors of personality and replicated predictions of behavior. Journal of Personality and Social Psychology, 84(2), 411–424. https://doi.org/10.1037/0022-3514.84.2.411",Attractiveness is positively correlated with extraversion.,Differential Psychology,personality,418.0,0.24,1550.0,0.33,-0.09,low,"Big Five, life outcomes, metascience, personality traits, replication, open data, open materials, preregistered",False,False,SIMULABLE,SIMULABLE,SIMULABLE,A_dual_confirmed,True,False,obscure,A minor personality-attractiveness correlate; niche finding with no notable public or textbook presence either way.,obscure,"A narrow personality-attractiveness correlation lacks the notoriety needed for either a ""classic finding"" or ""failed replication"" reputation to form.",False,,calibrated full-pool rerun,obscure,confirmed,False
1173,10.1037/0022-3514.84.4.871,"Thrash, T. M., & Elliot, A. J. (2003). Inspiration as a psychological construct. Journal of Personality and Social Psychology, 84(4), 871–889. https://doi.org/10.1037/0022-3514.84.4.871",Inspiration is positively correlated with open-mindedness.,Differential Psychology,personality,152.0,0.43,1514.0,0.35,0.08,mid,"Big Five, life outcomes, metascience, personality traits, replication, open data, open materials, preregistered",False,False,SIMULABLE,SIMULABLE,SIMULABLE,A_dual_confirmed,True,False,obscure,"A niche Big Five personality correlate with minor effect-size shrinkage, unlikely to be discussed outside specialist replication/metascience circles.",obscure,A narrow personality-trait correlation like this lacks the fame needed for either the finding or its replication status to be widely known.,False,,calibrated full-pool rerun,obscure,confirmed,False
1175,10.1111/1467-9280.00431,"Fredrickson, B. L., & Joiner, T. (2002). Positive Emotions Trigger Upward Spirals Toward Emotional Well-Being. Psychological Science, 13(2), 172–175. https://doi.org/10.1111/1467-9280.00431",Resilience is positively correlated with extraversion.,Differential Psychology,personality,138.0,0.19,1505.0,0.18,0.01,low,"Big Five, life outcomes, metascience, personality traits, replication, open data, open materials, preregistered",False,False,NOT_SIMULABLE,SIMULABLE,,B_calibrated_only,True,False,obscure,A minor trait-correlation finding with a near-identical replication attracts no notable citation or public discussion outside specialist literature.,obscure,"A minor personality-trait correlation, essentially replicating; too niche and unremarkable to have any default public association.",False,,calibrated full-pool rerun,obscure,confirmed,False
1289,10.1037/0022-3514.63.6.989,"Aspinwall, L. G., & Taylor, S. E. (1992). Modeling cognitive adaptation: A longitudinal investigation of the impact of individual differences and coping on college adjustment and performance. Journal of Personality and Social Psychology, 63(6), 989–1003. https://doi.org/10.1037/0022-3514.63.6.989",Coping is positively correlated with extraversion.,Differential Psychology,personality,672.0,0.19,1505.0,0.19,0.0,low,"Big Five, life outcomes, metascience, personality traits, replication, open data, open materials, preregistered",False,False,SIMULABLE,SIMULABLE,SIMULABLE,A_dual_confirmed,True,False,obscure,A minor trait-correlate finding with no gap between original and replication draws no attention outside specialist personality-psychology literature.,obscure,"A minor personality-correlate finding with no notable gap here is too niche to carry either a ""classic"" or ""failed"" reputation.",False,,calibrated full-pool rerun,obscure,confirmed,False
1200,10.1016/j.paid.2004.08.012,"Carlo, G., Okun, M. A., Knight, G. P., & de Guzman, M. R. T. (2005). The interplay of traits and motives on volunteering: agreeableness, extraversion and prosocial value motivation. Personality and Individual Differences, 38(6), 1293–1305. https://doi.org/10.1016/j.paid.2004.08.012",Volunteerism is positively correlated with extraversion.,Differential Psychology,personality,796.0,0.14,1504.0,0.2,-0.06,low,"Big Five, life outcomes, metascience, personality traits, replication, open data, open materials, preregistered",False,False,SIMULABLE,SIMULABLE,SIMULABLE,A_dual_confirmed,True,False,obscure,A minor Big Five trait-outcome correlation like this attracts little attention in either academic or popular discourse.,obscure,A niche personality-trait correlation with no notable cultural or scientific footprint beyond specialist replication literature.,False,,calibrated full-pool rerun,obscure,confirmed,False
1181,10.1037/0022-0167.40.4.518,"Gottfredson, G. D., Jones, E. M., & Holland, J. L. (1993). Personality and vocational interests: The relation of Holland’s six interest dimensions to five robust dimensions of personality. Journal of Counseling Psychology, 40(4), 518–524. https://doi.org/10.1037/0022-0167.40.4.518",Enterprising occupational interests are positvely correlated with extraversion.,Differential Psychology,personality,725.0,0.16,1503.0,0.18,-0.0199999999999999,low,"Big Five, life outcomes, metascience, personality traits, replication, open data, open materials, preregistered",False,False,SIMULABLE,SIMULABLE,SIMULABLE,A_dual_confirmed,True,False,obscure,"A minor, well-replicated trait-interest correlation with negligible gap draws little attention outside specialist personality research.",obscure,A niche personality-interest correlation of this specificity has no widespread default association among researchers either way.,False,,calibrated full-pool rerun,obscure,confirmed,False
1748,10.1017/xps.2017.21,"Ihme, T. A., & Tausendpfund, M. (2017). Gender Differences in Political Knowledge: Bringing Situation Back In. Journal of Experimental Political Science, 5(1), 39–55. https://doi.org/10.1017/xps.2017.21",The activation of the stereotype does not influences the participants’ results on a political knowledge test by itself,Political Psychology,social,368.0,0.1,1502.0,0.0,0.1,mid,"Political knowledge, gender gap, stereotype threat",False,False,NOT_SIMULABLE,SIMULABLE,,B_calibrated_only,True,False,obscure,A narrow null-ish stereotype-threat/political-knowledge finding with little effect size to begin with; neither version circulates beyond specialist literature.,obscure,"This is a niche, null-leaning finding on a specific sub-effect; too peripheral for either ""landmark"" or ""famous failure"" narrative.",False,,calibrated full-pool rerun,obscure,confirmed,False
2027,10.1126/science.1222426,"Shah, A. K., Mullainathan, S., & Shafir, E. (2012). Some Consequences of Having Too Little. Science, 338(6107), 682–685. https://doi.org/10.1126/science.1222426",Scarcity leads to over-borrowing.,Judgment and Decision Making,jdm,143.0,0.4227614320345148,1439.0,0.5170111222984453,-0.0942496902639304,low,,False,False,NOT_SIMULABLE,SIMULABLE,,B_calibrated_only,True,False,original_dominates,"The effect replicated strongly (larger r in a much bigger sample), so the original scarcity-borrowing claim remains the standard, uncontested account.",obscure,This effect is not a widely recognized landmark finding; it lacks the public profile needed for either narrative to dominate.,True,,calibrated full-pool rerun,DISAGREE,confirmed,True
2120,10.1177/0003122414558919,"O’Brien, T. L., & Noy, S. (2015). Traditional, Modern, and Post-Secular Perspectives on Science and Religion in the United States. American Sociological Review, 80(1), 92–115. https://doi.org/10.1177/0003122414558919",,sociology,other,1860.0,0.3513976834056392,1438.0,0.4128282610579601,-0.0614305776523209,low,,False,True,SIMULABLE,SIMULABLE,INSUFFICIENT,excluded,False,True,obscure,"No effect description or field-specific context is provided, so no meaningful memory pattern can be assessed.",obscure,"No effect description or keywords are given, so no identifiable finding exists for any default association to attach to.",False,round2 veto: NOT_SIMULABLE/INSUFFICIENT,calibrated full-pool rerun,obscure,excluded,False
1712,10.1037/0022-3514.94.1.116,"Shnabel, N., & Nadler, A. (2008). A needs-based model of reconciliation: Satisfying the differential emotional needs of victim and perpetrator as a key to promoting reconciliation. Journal of Personality and Social Psychology, 94(1), 116–132. https://doi.org/10.1037/0022-3514.94.1.116","After condition a message of acceptance was more effective in promoting reconciliation among perpetrators, whereas a message of empowerment was more effective in promoting reconciliation among victims",Social Psychology,social,94.0,0.2645751311064591,1376.0,0.09,0.174575131106459,mid,"Adaptation, Psychological, Adult, Analysis of Variance, Conflict (Psychology), Cooperative Behavior, Emotions, Female, Humans, Israel, Male, Models, Psychological, Negotiating, Power (Psychology), Role, Social Perception",False,False,NOT_SIMULABLE,SIMULABLE,,B_calibrated_only,True,False,obscure,A niche interaction effect from a single small study; neither the original finding nor its weak replication has broad recognition.,obscure,This narrow perpetrator/victim messaging finding is too niche to have entered common researcher lore either way.,False,,calibrated full-pool rerun,obscure,confirmed,False
720,10.1016/s0010-0277(99)00073-6,"Boroditsky, L. (2000). Metaphoric structuring: understanding time through spatial metaphors. Cognition, 75(1), 1–28. https://doi.org/10.1016/s0010-0277(99)00073-6","The replication tested whether using spatial metaphors to describe time affects reasoning about temporal sequences. For example, participants exposed to spatial frames of reference (e.g., “ahead,” “behind”) processed temporal questions differently, supporting the idea that spatial cognition structures temporal reasoning.",Cognitive Psychology,cognitive,56.0,0.3004465733948612,1335.0,0.1289152302546209,0.1715313431402403,mid,"spatial metaphors, time perception, cognitive linguistics, temporal reasoning, embodied cognition",False,False,NOT_SIMULABLE,SIMULABLE,,B_calibrated_only,True,False,contested,"Spatial-time metaphor effects remain widely cited in embodied cognition, but debates over weak replications persist actively in the literature.",obscure,"This specific spatial-metaphor-priming finding is too narrow and low-profile for either a ""classic"" or ""famous failed replication"" reputation to have formed.",True,,calibrated full-pool rerun,DISAGREE,confirmed,True
733,10.1093/jcr/ucz022,"Savary, J., & Dhar, R. (2019). The Uncertain Self: How Self-Concept Structure Affects Subscription Choice. Journal of Consumer Research, 46(5), 887–903. https://doi.org/10.1093/jcr/ucz022",Consumers with “low self-concept clarity” should be more motivated to keep their identities stable by retaining products that are relevant to their identities,Marketing,marketing,405.0,0.1337863762524802,1283.0,-0.0349785821756186,0.0988077940768616,mid,"Self-concept clarity, subscription services, self-signaling, retention choice, self-concept structure, identity signaling",False,False,SIMULABLE,SIMULABLE,SIMULABLE,A_dual_confirmed,True,False,obscure,A niche marketing subfield finding with small effect sizes; neither the original nor its replication has broader visibility outside specialists.,obscure,Niche marketing/self-signaling finding with small original effect; too peripheral to have generated a widely-known narrative either way.,False,,calibrated full-pool rerun,obscure,confirmed,False
232,10.1145/3105726.3106182,"Edwards, S. H., Kandru, N., & Rajagopal, M. B. M. (2017). Investigating Static Analysis Errors in Student Java Programs. Proceedings of the 2017 ACM Conference on International Computing Education Research, 65–73. https://doi.org/10.1145/3105726.3106182",relationship between overall grades and all static analysis errors,Education,other,3691.0,-0.27,1270.0,-0.53,-0.26,low,"Java; Web-CAT; static analysis; Checkstyle; PMD; coding style; formatting; documentation; coding standard, replication, style checker, error messages",False,False,NOT_SIMULABLE,SIMULABLE,,B_calibrated_only,True,False,obscure,This niche CS-education correlation study and its replication have little visibility outside specialist software-engineering-education circles.,obscure,Niche software-engineering-education correlational study; too specialized to have any widespread default association among researchers.,False,,calibrated full-pool rerun,obscure,confirmed,False
760,10.1073/pnas.1516868113,"John, L. K., Barasz, K., & Norton, M. I. (2016). Hiding personal information reveals the worst. Proceedings of the National Academy of Sciences, 113(4), 954–959. https://doi.org/10.1073/pnas.1516868113","Seven experiments explore people’s decisions to withhold or disclose personal information—and the wisdom of such decisions. Declining a request to disclose often makes a worse impression even than divulging unsavory personal information. Moreover, those who withhold fail to intuit this negative consequence: people withhold even when they would make a better impression by “coming clean.” In short, people should be aware not just of the risk of revealing, but the risk of hiding.",Judgment and Decision Making,jdm,142.0,0.1899761158124235,1224.0,0.0194962936194799,0.1704798221929436,mid,"disclosure, transparency, trust, policy making, privacy",False,False,NOT_SIMULABLE,SIMULABLE,,B_calibrated_only,True,False,obscure,"This is a niche JDM finding with a large gap but no evident broad citation, media coverage, or debate outside specialists.",obscure,A niche disclosure/impression-management finding with no widely-known original result or replication-failure narrative attached.,False,,calibrated full-pool rerun,obscure,confirmed,False
1188,10.1111/1467-6494.05028,"Robins, R. W., Caspi, A., & Moffitt, T. E. (2002). It’s Not Just Who You’re With, It’s Who You Are: Personality and Relationship Experiences Across Multiple Relationships. Journal of Personality, 70(6), 925–964. Portico. https://doi.org/10.1111/1467-6494.05028",Romantic abuse is positvely correlated with negative emotionality.,Differential Psychology,personality,712.0,0.25,1154.0,0.09,0.16,mid,"Big Five, life outcomes, metascience, personality traits, replication, open data, open materials, preregistered",False,False,NOT_SIMULABLE,SIMULABLE,,B_calibrated_only,True,False,obscure,"A niche personality-trait correlation like this circulates only within specialist replication/metascience literature, unnoticed elsewhere.",obscure,Too narrow and specialized a personality-outcome correlation to have entered common researcher lore either way.,False,,calibrated full-pool rerun,obscure,confirmed,False
940,10.1111/j.1467-9280.2008.02062.x,"Alter, A. L., & Oppenheimer, D. M. (2008). Effects of Fluency on Psychological Distance and Mental Construal (or Why New York Is a Large City, but New York Is a Civilized Jungle). Psychological Science, 19(2), 161–167. https://doi.org/10.1111/j.1467-9280.2008.02062.x","Effects of fluency on psychological distance and mental construal (or why New York is a large city, but New York is a civilized jungle), primed participants (conceptually fluent participants) preferred concrete descriptions of the prime later, moreso than conceptually disfluent participants",Social Psychology,social,236.0,0.13,1146.0,0.02,0.11,mid,"Adult, Distance Perception, Environment, Female, Humans, Male, Perception, Questionnaires, Visual Perception, Сonstrual level theory, distance perception, environment, questionnaires, fluency",False,False,SIMULABLE,SIMULABLE,SIMULABLE,A_dual_confirmed,True,False,obscure,A minor fluency/construal-level study with weak effects; neither the original nor its replication is widely cited outside specialist priming literature.,obscure,"This is a niche fluency/construal-level finding, too specific and low-profile for either a ""classic finding"" or ""failed replication"" narrative to dominate.",False,,calibrated full-pool rerun,obscure,confirmed,False
730,10.1093/jcr/ucaa019,"Etkin, J., & Memmi, S. A. (2020). Goal Conflict Encourages Work and Discourages Leisure. Journal of Consumer Research, 47(5), 716–736. https://doi.org/10.1093/jcr/ucaa019",People who are faced with a goal conflict increase the time spent on the book-browsing task when it is framed as work,Judgment and Decision Making,jdm,210.0,0.1414213562373095,1127.0,0.0479447993683982,0.0934765568689112,mid,"Goal Conflict, Time Allocation, Work/Leisure, Justification, Scarcity, Productivity",False,False,SIMULABLE,SIMULABLE,NOT_SIMULABLE,excluded,False,False,obscure,"A niche, small-effect JDM finding; neither the original nor its weak replication has notable circulation beyond specialist literature.",obscure,"This is a narrow, low-powered finding on a niche framing manipulation with no notable public footprint or recognition either way.",False,round2 veto: NOT_SIMULABLE/INSUFFICIENT,calibrated full-pool rerun,obscure,excluded,False
2125,10.1086/597030,"Nelson, L. D., Meyvis, T., & Galak, J. (2009). Enhancing the Television-Viewing Experience through Commercial Interruptions. Journal of Consumer Research, 36(2), 160–172. https://doi.org/10.1086/597030",,marketing/org behavior,marketing,102.0,0.2339298731256201,1125.0,-0.0723177564102935,0.1616121167153266,mid,,False,True,SIMULABLE,SIMULABLE,INSUFFICIENT,excluded,False,True,obscure,"No effect description or identifying details are provided, so neither account can plausibly have public currency.",obscure,"No effect description or keywords are given, so no identifiable finding exists for any association to have formed around.",False,round2 veto: NOT_SIMULABLE/INSUFFICIENT,calibrated full-pool rerun,obscure,excluded,False
2101,10.1002/per.758,"Vermeulen, N., Toussaint, J., & Luminet, O. (2010). The influence of Alexithymia and music on the Incidental Memory for Emotion Words. European Journal of Personality, 24(6), 551–568. https://doi.org/10.1002/per.758",,psychology,psych_general,107.0,0.2701851217221259,1096.0,0.0427286697416937,0.2274564519804321,mid,,False,True,SIMULABLE,SIMULABLE,INSUFFICIENT,excluded,False,True,obscure,"No effect description or identifying details are provided, so neither account can be assessed as having real currency.",obscure,"No effect name or description is given, so no recognizable finding exists for a default association to attach to.",False,round2 veto: NOT_SIMULABLE/INSUFFICIENT,calibrated full-pool rerun,obscure,excluded,False
1920,10.1037/0022-3514.90.4.543,"Kozak, M. N., Marsh, A. A., & Wegner, D. M. (2006). What do i think you’re doing? Action identification and mind attribution. Journal of Personality and Social Psychology, 90(4), 543–555. https://doi.org/10.1037/0022-3514.90.4.543",Action identification is positively correlated with mind attribution.,Psychology,psych_general,50.0,0.3,1086.0,0.08,0.2199999999999999,mid,"CORE, Judgment, Decision Making, JDM, Heuristics, Biases, mind attribution, dehumanization, mentalizing, mind perception, theory of mind",False,False,SIMULABLE,SIMULABLE,SIMULABLE,A_dual_confirmed,True,False,obscure,"This specific finding is a niche CORE-project replication result, unknown outside specialist judgment-and-decision-making circles.",obscure,"This is a niche, low-powered finding with no cultural footprint; neither the effect nor its replication failure is widely known.",False,,calibrated full-pool rerun,obscure,confirmed,False
1940,10.1111/1467-9280.00350,"Mellers, B., Hertwig, R., & Kahneman, D. (2001). Do Frequency Representations Eliminate Conjunction Effects? An Exercise in           Adversarial Collaboration. Psychological Science, 12(4), 269–275. https://doi.org/10.1111/1467-9280.00350",The frequency estimate for the “and” conjunction phrase will be higher than the phrase describing unlikely target alone.,Psychology,psych_general,108.0,0.282945147243684,1032.0,0.237962230135701,0.0449829171079829,low,"conjunction effect, frequency estimation, Linda problem, judgment and decision making, Heuristics, Biases",False,False,NOT_SIMULABLE,SIMULABLE,,B_calibrated_only,True,False,original_dominates,"The Linda/conjunction fallacy remains a textbook staple; this large, high-powered replication is barely known outside specialist meta-science circles.",original_dominates,The Linda/conjunction fallacy is a textbook heuristics-and-biases icon; its minor effect-size shrinkage in replication is not commonly discussed.,False,,calibrated full-pool rerun,original_dominates,confirmed,False
1995,10.1126/science.1215647,"Gervais, W. M., & Norenzayan, A. (2012). Analytic Thinking Promotes Religious Disbelief. Science, 336(6080), 493–496. https://doi.org/10.1126/science.1215647",Analytic Priming,Psychology,psych_general,57.0,0.2873478855663454,952.0,0.0349785821756186,0.2523693033907268,high,,False,False,SIMULABLE,SIMULABLE,SIMULABLE,A_dual_confirmed,True,False,failure_dominates,"Analytic priming (e.g., ""CRT priming"") is now widely cited in psychology as a textbook replication-crisis failure case.",failure_dominates,"Analytic priming (e.g., ""elevated diction"" cueing analytic thinking) is a textbook social-priming replication failure widely cited post-crisis.",False,,calibrated full-pool rerun,failure_dominates,confirmed,False
1199,10.1037/0022-3514.84.3.582,"Roberts, B. W., Caspi, A., & Moffitt, T. E. (2003). Work experiences and personality development in young adulthood. Journal of Personality and Social Psychology, 84(3), 582–593. https://doi.org/10.1037/0022-3514.84.3.582",Financial security is negatively correlated with negative emotionality.,Differential Psychology,personality,859.0,-0.22,944.0,-0.33,-0.11,low,"Big Five, life outcomes, metascience, personality traits, replication, open data, open materials, preregistered",False,False,SIMULABLE,SIMULABLE,INSUFFICIENT,excluded,False,True,obscure,"A narrow personality-trait correlation like this rarely gains public traction; replication actually matched or exceeded the original, so no controversy formed.",obscure,"A specific trait-outcome correlation like this is too niche to carry any widely shared reputation, positive or negative.",False,round2 veto: NOT_SIMULABLE/INSUFFICIENT,calibrated full-pool rerun,obscure,excluded,False
770,10.1073/pnas.1607330114,"Cheon, B. K., & Hong, Y.-Y. (2016). Mere experience of low subjective socioeconomic status stimulates appetite and food intake. Proceedings of the National Academy of Sciences, 114(1), 72–77. https://doi.org/10.1073/pnas.1607330114","We demonstrate here that the mere subjective experience of being lower in SES relative to others is alone sufficient to causally elicit behaviors that may risk obesity (e.g., preference, selection, and intake of greater calories), independent of actual economic deprivation or stress from being subordinated. Among social species, the physiological/psychological systems regulating hunger may have been adapted to be sensitive to perceived deprivation of critical social, material, and symbolic resources that underlie social class in addition to caloric deprivation.",Social Psychology,social,167.0,0.1632789797970707,925.0,-0.0269901638775733,0.1362888159194974,mid,"subjective socioeconomic status, social class, appetite, eating behavior, food preferences",False,False,NOT_SIMULABLE,NOT_SIMULABLE,,excluded,False,False,n/a (not simulable),,n/a (not simulable),,False,calibrated: DV not text-simulable,calibrated full-pool rerun,n/a,excluded,False
1386,10.1111/j.1467-9280.2006.01720.x,"Peters, E., Västfjäll, D., Slovic, P., Mertz, C. K., Mazzocco, K., & Dickert, S. (2006). Numeracy and Decision Making. Psychological Science, 17(5), 407–413. https://doi.org/10.1111/j.1467-9280.2006.01720.x",The less numerate show a stronger framing effect than the highly numerate.,Psychology,psych_general,100.0,0.3316624790355399,860.0,0.1,0.2316624790355399,mid,"CORE, Judgment, Decision Making, JDM, Heuristics, Biases",False,False,SIMULABLE,SIMULABLE,SIMULABLE,A_dual_confirmed,True,False,obscure,"This numeracy-framing moderation finding is a niche JDM result, largely unknown beyond specialist decision-making researchers.",obscure,This numeracy-moderated framing-effect finding is too niche in JDM literature to have a widely shared default association.,False,,calibrated full-pool rerun,obscure,confirmed,False
1942,10.1162/qjec.122.3.1067,"Niederle, M., & Vesterlund, L. (2007). Do Women Shy Away From Competition? Do Men Compete Too Much? The Quarterly Journal of Economics, 122(3), 1067–1101. https://doi.org/10.1162/qjec.122.3.1067",women shy away from competition and men embrace it,Economics,jdm,80.0,0.4063832390267015,854.0,0.2938348697567877,0.1125483692699138,mid,Competition; Gender difference; Experiments; China,False,False,SIMULABLE,SIMULABLE,NOT_SIMULABLE,excluded,False,False,original_dominates,"Niederle-Vesterling-style gender-competition effect remains a widely cited, textbook economics finding; large replications rarely enter public discourse.",original_dominates,This gender-competition finding is widely cited as robust; its weaker high-powered replication hasn't entered popular economics discourse.,False,round2 veto: NOT_SIMULABLE/INSUFFICIENT,calibrated full-pool rerun,original_dominates,excluded,False
1401,10.1006/jesp.1996.1314,"Malle, B. F., & Knobe, J. (1997). The Folk Concept of Intentionality. Journal of Experimental Social Psychology, 33(2), 101–121. https://doi.org/10.1006/jesp.1996.1314",people agree substantially in their judgments of intentionality,Psychology,psych_general,104.0,0.8,835.0,0.77,0.03,low,"CORE, Judgment, Decision Making, JDM, Heuristics, Biases",False,False,SIMULABLE,SIMULABLE,SIMULABLE,A_dual_confirmed,True,False,original_dominates,"The replication closely matched the original, so no notable ""failure"" narrative exists to compete with the well-established original finding.",obscure,"A minor, non-controversial consensus finding with negligible replication gap; too peripheral to carry either a ""classic"" or ""failed"" reputation.",True,,calibrated full-pool rerun,DISAGREE,confirmed,True
884,10.1023/a:1008184423824,"Klink, R. R. (2000). Creating Brand Names With Meaning: The Use of Sound Symbolism. Marketing Letters, 11(1), 5–20. https://doi.org/10.1023/a:1008184423824","Products with brand names containing front vowel sounds, as opposed to back vowel sounds, are perceived as: (j) friendlier",Marketing,marketing,171.0,0.245,823.0,0.252,-0.007,low,"brand name, sound symbolism, international marketing",True,False,NOT_SIMULABLE,SIMULABLE,,A0_calibrated_mandated,True,False,obscure,"This niche sound-symbolism finding, despite replicating well, has minimal visibility beyond specialist marketing/psycholinguistics circles.",obscure,"A niche sound-symbolism marketing finding, too specific and low-profile to carry any widely shared reputation, positive or negative.",False,,"calibrated prompt, A0 anchor-calibration test batch",obscure,confirmed,False
1347,10.1177/1948550617720269,"Glikson, E., Cheshin, A., & Kleef, G. A. van. (2017). The Dark Side of a Smiley. Social Psychological and Personality Science, 9(5), 614–625. https://doi.org/10.1177/1948550617720269",Including a smiling emoticon reduced the perceived competence of the candidate.,Social Psychology,social,85.0,0.3387194682727416,823.0,0.1093404791528976,0.229378989119844,mid,"smiley, emoticon, computer-mediated communication, impression formation, warmth, competence,",False,False,SIMULABLE,SIMULABLE,SIMULABLE,A_dual_confirmed,True,False,contested,The emoticon-competence effect (Glikson et al.) is still cited in HR/CMC research while replication debates over effect size persist in the literature.,obscure,Too niche a finding to have entered general awareness beyond specialists tracking emoticon/impression-formation research.,True,,calibrated full-pool rerun,DISAGREE,confirmed,True
930,10.1093/jcr/ucv049,"Jiang, Y., Gorn, G. J., Galli, M., & Chattopadhyay, A. (2015). Does Your Company Have the Right Logo? How and Why Circular- and Angular-Logo Shapes Influence Brand Attribute Judgments. Journal of Consumer Research, 42(5), 709–726. https://doi.org/10.1093/jcr/ucv049",Attitude: logoshape vs control,Marketing,marketing,109.0,0.1122853879250882,823.0,0.0316227766016837,0.0806626113234044,mid,"visual marketing, brand logo design, shape, product visualization, mental imagery, working memory",False,False,SIMULABLE,SIMULABLE,SIMULABLE,A_dual_confirmed,True,False,obscure,"A niche, low-effect-size logo-shape finding with tiny original sample has no broad recognition or citation battle either way.",obscure,"A niche logo-shape marketing effect with small samples; too peripheral for either ""landmark finding"" or ""famous failure"" narratives to form.",False,,calibrated full-pool rerun,obscure,confirmed,False
761,10.1073/pnas.1706913114,"Hofstetter, R., Rüppell, R., & John, L. K. (2017). Temporary sharing prompts unrestrained disclosures that leave lasting negative impressions. Proceedings of the National Academy of Sciences, 114(45), 11902–11907. https://doi.org/10.1073/pnas.1706913114","Relative to traditional, offline forms of communication, there is an enhanced permanence to digital sharing. Digital disclosures can come back to haunt, making it challenging for people to manage the impressions they make upon others. Nine studies show that, paradoxically, these challenges can be exacerbated by temporary-sharing technologies. Temporary sharing reduces pri-vacy concerns, in turn increasing disclosure of potentially com-promising information (in the form of uninhibited selfies).",Judgment and Decision Making,jdm,323.0,0.1710431685516175,820.0,0.1637590605842314,0.0072841079673861,low,"disclosure, privacy, self-presentation, impression formation, social media",False,False,NOT_SIMULABLE,SIMULABLE,,B_calibrated_only,True,False,obscure,Small-effect JDM finding on ephemeral-sharing paradox has negligible replication gap and no broader recognition in either direction.,obscure,"Niche JDM finding on digital disclosure permanence; too specific and low-profile to carry any widely shared reputation, replicating or not.",False,,calibrated full-pool rerun,obscure,confirmed,False
1186,10.1111/1467-6494.00102,"Watson, D., Hubbard, B., & Wiese, D. (2000). General Traits of Personality and Affectivity as Predictors of Satisfaction in Intimate Relationships: Evidence from Self‐ and Partner‐Ratings. Journal of Personality, 68(3), 413–449. Portico. https://doi.org/10.1111/1467-6494.00102",Romantic satisfaction is negatively correlated with negative emotionality.,Differential Psychology,personality,210.0,-0.32,795.0,-0.23,0.09,mid,"Big Five, life outcomes, metascience, personality traits, replication, open data, open materials, preregistered",False,False,SIMULABLE,SIMULABLE,SIMULABLE,A_dual_confirmed,True,False,obscure,A narrow personality-trait correlation with modest replication gap; neither version has broad recognition beyond specialist literature.,obscure,"This is a niche personality-trait correlation, not a famous named finding; neither its result nor replication history has entered general awareness.",False,,calibrated full-pool rerun,obscure,confirmed,False
1407,10.1002/(sici)1099-0771(200001/03)13:1<1::aid-bdm333>3.0.co;2-s,"Finucane, M. L., Alhakami, A., Slovic, P., & Johnson, S. M. (2000). The affect heuristic in judgments of risks and benefits. Journal of Behavioral Decision Making, 13(1), 1–17. https://doi.org/10.1002/(sici)1099-0771(200001/03)13:1<1::aid-bdm333>3.0.co;2-s",increasing benefits leads people to judge its risks as lower,Psychology,psych_general,219.0,-0.75,776.0,-0.87,-0.12,low,"CORE, Judgment, Decision Making, JDM, Heuristics, Biases",False,False,NOT_SIMULABLE,SIMULABLE,,B_calibrated_only,True,False,original_dominates,"The affect heuristic (risk-benefit inverse correlation) remains a textbook JDM finding; replication strengthened rather than weakened it, so no controversy exists.",original_dominates,"The risk-benefit inverse relationship (affect heuristic) is a well-known robust finding; replication strengthened it, so no failure narrative exists.",False,,calibrated full-pool rerun,original_dominates,confirmed,False
1959,10.1093/jcr/ucz031,"Park, H., Lalwani, A. K., & Silvera, D. H. (2019). The Impact of Resource Scarcity on Price-Quality Judgments. Journal of Consumer Research, 46(6), 1110–1124. https://doi.org/10.1093/jcr/ucz031",Scarcity decreases consumers’ tendency to use price to judge product quality.,Marketing,marketing,149.0,0.2236067977499789,773.0,0.0399680383488715,0.1836387594011073,mid,"scarcity, resource, price-quality judgments, price-quality perception, categorization, desire for abundance",False,False,SIMULABLE,SIMULABLE,SIMULABLE,A_dual_confirmed,True,False,obscure,This niche marketing finding lacks broad citation or public awareness; neither the original nor its replication has gained notable traction.,obscure,Niche marketing lab finding on scarcity and price-quality judgment; too specific to have entered general researcher awareness either way.,False,,calibrated full-pool rerun,obscure,confirmed,False
1193,10.1037/0033-2909.129.6.914,"Thoresen, C. J., Kaplan, S. A., Barsky, A. P., Warren, C. R., & de Chermont, K. (2003). The Affective Underpinnings of Job Perceptions and Attitudes: A Meta-Analytic Review and Integration. Psychological Bulletin, 129(6), 914–945. https://doi.org/10.1037/0033-2909.129.6.914",Occupational commitment is negatively correlated with negative emotionality.,Differential Psychology,personality,713.0,-0.19,748.0,-0.26,-0.07,low,"Big Five, life outcomes, metascience, personality traits, replication, open data, open materials, preregistered",False,False,SIMULABLE,SIMULABLE,SIMULABLE,A_dual_confirmed,True,False,obscure,A narrow personality-trait correlation with a stronger replication is unlikely to attract attention outside specialist literature.,obscure,"A narrow personality-trait correlation like this lacks the fame needed for either a ""classic finding"" or ""failed replication"" reputation to form.",False,,calibrated full-pool rerun,obscure,confirmed,False
1203,10.1037/0021-9010.85.5.751,"Judge, T. A., & Bono, J. E. (2000). Five-factor model of personality and transformational leadership. Journal of Applied Psychology, 85(5), 751–765. https://doi.org/10.1037/0021-9010.85.5.751",Leadership is positively correlated with agreeableness.,Differential Psychology,personality,169.0,0.27,747.0,0.28,-0.01,low,"Big Five, life outcomes, metascience, personality traits, replication, open data, open materials, preregistered",False,False,NOT_SIMULABLE,SIMULABLE,,B_calibrated_only,True,False,obscure,A narrow personality-trait correlation with near-identical replication generates no notable narrative in either specialist or public discourse.,obscure,"This specific trait-leadership correlation is too narrow/niche a finding to carry any common cultural or field-wide ""replicated""/""failed"" narrative.",False,,calibrated full-pool rerun,obscure,confirmed,False
748,10.1177/0146167215610520,"Cheung, B. Y., & Heine, S. J. (2015). The Double-Edged Sword of Genetic Accounts of Criminality. Personality and Social Psychology Bulletin, 41(12), 1723–1738. https://doi.org/10.1177/0146167215610520",effect of condition on causal locus,Social Psychology,social,298.0,0.282842712474619,743.0,0.282842712474619,0.0,low,"genetic essentialism, attribution theory, legal decision making, psychological essentialism",False,False,NOT_SIMULABLE,SIMULABLE,,B_calibrated_only,True,False,obscure,"Effect sizes match exactly with no gap, and this narrow topic lacks broader scientific or public visibility either way.",obscure,"Niche, narrowly-specified effect with no gap and low profile; too peripheral to have generated either a ""classic finding"" or ""failed replication"" reputation.",False,,calibrated full-pool rerun,obscure,confirmed,False
1406,10.1037/a0027407,"Carter, T. J., & Gilovich, T. (2012). I am what I do, not what I have: The differential centrality of experiential and material purchases to the self. Journal of Personality and Social Psychology, 102(6), 1304–1317. https://doi.org/10.1037/a0027407",Knowledge of one’s experiential purchases is perceived as providing greater insight into one’s true self than knowledge of one’s material purchases.,Psychology,psych_general,121.0,0.1823885229561945,743.0,0.3090860723375581,-0.1266975493813635,low,"CORE, Judgment, Decision Making, JDM, Heuristics, Biases",False,False,SIMULABLE,SIMULABLE,SIMULABLE,A_dual_confirmed,True,False,obscure,A niche JDM sub-finding with no mainstream cultural or textbook traction; replication actually strengthened it but drew little notice.,obscure,"A niche experiential-vs-material purchases sub-finding within JDM literature, too specific to have formed any widely shared default association.",False,,calibrated full-pool rerun,obscure,confirmed,False
1069,10.1037/mot0000097,"Thürmer, J. L., & McCrea, S. M. (2018). Beyond motivated reasoning: Hostile reactions to critical comments from the outgroup. Motivation Science, 4(4), 333–346. https://doi.org/10.1037/mot0000097",We investigated the hypothesis that group members would reject outgroup criticism (as compared to the same criticism from the ingroup) using costly punishment,Social Psychology,social,135.0,0.1747682049139026,740.0,0.1685534209463124,0.0062147839675901,low,"intergroup sensitivity effect, intergroup criticism, behavior, costly punishment,",False,False,NOT_SIMULABLE,NOT_SIMULABLE,,excluded,False,False,n/a (not simulable),,n/a (not simulable),,False,calibrated: DV not text-simulable,calibrated full-pool rerun,n/a,excluded,False
736,10.1093/jcr/ucaa006,"VanBergen, N., Irmak, C., & Sevilla, J. (2020). Product Entitativity: How the Presence of Product Replicates Increases Perceived and Actual Product Efficacy. Journal of Consumer Research, 47(2), 192–214. https://doi.org/10.1093/jcr/ucaa006",Presenting multiple product replicates as a group (vs. presenting a single item) increases product efficacy perceptions,Marketing,marketing,87.0,0.2121320343559642,702.0,0.0499376169438922,0.162194417412072,mid,"Entitativity, product quantity, perceived efficacy",False,False,SIMULABLE,SIMULABLE,SIMULABLE,A_dual_confirmed,True,False,obscure,A niche marketing/psychology effect with small original samples; neither the finding nor its replication has broad recognition or debate.,obscure,Niche marketing/entitativity effect with small original sample; not widely known enough for either narrative to dominate.,False,,calibrated full-pool rerun,obscure,confirmed,False
1874,10.1037/a0025883,"Gray, K., Knobe, J., Sheskin, M., Bloom, P., & Barrett, L. F. (2011). More than a body: Mind perception and the nature of objectification. Journal of Personality and Social Psychology, 101(6), 1207–1220. https://doi.org/10.1037/a0025883",Perceived agency in Sexual Condition being lower than Clothed Condition,Psychology,psych_general,66.0,-0.282945147243684,673.0,-0.196116135138184,0.0868290121055,mid,"CORE, Judgment, Decision Making, JDM, Heuristics, Biases, morality, dehumanization, pornography, dualism, sexism",False,False,NOT_SIMULABLE,SIMULABLE,,B_calibrated_only,True,False,obscure,"This narrow objectification/dehumanization sub-finding circulates only within specialist JDM literature, with neither version broadly known elsewhere.",obscure,"A niche objectification/dehumanization sub-finding, too specific and low-profile for either ""classic finding"" or ""failed replication"" narratives to dominate.",False,,calibrated full-pool rerun,obscure,confirmed,False
1509,10.1075/arcl.7.07gri,"Gries, S. Th., & Wulff, S. (2009). Psycholinguistic and corpus-linguistic evidence for L2 constructions. Annual Review of Cognitive Linguistics, 7, 163–186. Portico. https://doi.org/10.1075/arcl.7.07gri","When the verb in the target is distinctive for the to-construction as opposed to the ing-construction, this hugely increases the odds of another to-construction by a factor (preterit verb in Spanish replication)",Linguistics,cognitive,94.0,0.9903771278865148,611.0,0.88,0.1103771278865148,mid,"Tense-aspect acquisition, spanish as a second language, preterit and imperfect, learner corpus research, complementation, to, V-ing, constructions, patterns, second/foreign language learning, corpora, collostructions, experiments, priming, acceptability judgments",False,False,NOT_SIMULABLE,SIMULABLE,,B_calibrated_only,True,False,obscure,This is a narrow corpus-linguistics collocation finding with no broad citation footprint or public awareness of either result.,obscure,Highly technical corpus-linguistics finding on construction priming; too niche outside specialist syntax/acquisition circles for any common narrative to form.,False,,calibrated full-pool rerun,obscure,confirmed,False
1228,10.1002/jcpy.1028,"Lee, S., Baumgartner, H., & Winterich, K. P. (2018). Did They Earn It? Observing Unearned Luxury Consumption Decreases Brand Attitude When Observers Value Fairness. Journal of Consumer Psychology, 28(3), 412–436. Portico. https://doi.org/10.1002/jcpy.1028","Unearned luxury consumption will lead to lower brand attitude than earned luxury consumption when consumers' fairness concerns are salient, but less so when fairness concerns are not salient (effect of consumption resources)",Marketing,marketing,251.0,0.170293863659264,604.0,0.1183215956619923,0.0519722679972717,mid,"moral values, fairness, luxury consumption, consumption resources, brand attitude",False,False,NOT_SIMULABLE,SIMULABLE,,B_calibrated_only,True,False,obscure,A niche marketing interaction effect with modest effect sizes; neither the original nor its replication has broad recognition beyond specialist journals.,obscure,"This is a niche interaction effect in a specific marketing study, too specific and peripheral for any broad default association to exist.",False,,calibrated full-pool rerun,obscure,confirmed,False
1264,10.1177/0956797615625640,"Chou, E. Y., Parmar, B. L., & Galinsky, A. D. (2016). Economic Insecurity Increases Physical Pain. Psychological Science, 27(4), 443–454. https://doi.org/10.1177/0956797615625640",Recalling an instance in which one felt economically scarce causes an increase in reported physical pain,Marketing,marketing,231.0,0.1531709544131907,603.0,0.210196709523022,-0.0570257551098313,low,"economic insecurity, pain, sense of control",False,False,SIMULABLE,SIMULABLE,SIMULABLE,A_dual_confirmed,True,False,obscure,"A niche marketing-psychology finding with a stronger, non-controversial replication; neither version has broad recognition outside specialists.",obscure,Niche marketing-psych finding on scarcity and pain; too specific and low-profile to carry any common replication narrative.,False,,calibrated full-pool rerun,obscure,confirmed,False
1419,10.1177/0022243718813544,"Jami, A. (2019). Having Control Over and Above Situations: The Influence of Elevated Viewpoints on Risk Taking. Journal of Marketing Research, 56(2), 230–244. https://doi.org/10.1177/0022243718813544","Physically elevated viewpoints lead to an illusory sense of control, which increases individuals’ risk-taking behavior.",Marketing,marketing,203.0,0.170293863659264,603.0,0.0099995000374968,0.1602943636217671,mid,"elevation, illusory control, risk taking, vertical position, viewpoint",False,False,NOT_SIMULABLE,SIMULABLE,,B_calibrated_only,True,False,obscure,A niche marketing priming effect; neither the original nor its replication has gained notable attention beyond specialist literature.,obscure,"A niche marketing priming effect too specific and low-profile for either ""classic finding"" or ""failed replication"" narrative to dominate.",False,,calibrated full-pool rerun,obscure,confirmed,False
629,10.1126/science.1189993,"Ackerman, J. M., Nocera, C. C., & Bargh, J. A. (2010). Incidental Haptic Sensations Influence Social Judgments and Decisions. Science, 328(5986), 1712–1715. https://doi.org/10.1126/science.1189993",Incidental Haptic Sensations Influence Social Judgments and Decisions,Social Psychology,social,54.0,0.26111568302638,599.0,0.063,0.19811568302638,mid,"Social Science Replication Project, Science, Nature, Human Behavior",False,False,NOT_SIMULABLE,SIMULABLE,,B_calibrated_only,True,False,failure_dominates,"This ""embodied cognition"" priming effect became a textbook replication-crisis example, now mainly cited as a cautionary non-replication.",failure_dominates,"""Warmth/heavy = trustworthy"" priming study is a textbook cited replication-crisis casualty from the Social Sciences Replication Project.",False,,calibrated full-pool rerun,failure_dominates,confirmed,False
1826,10.1016/j.poetic.2015.07.001,"Black, J. E., & Barnes, J. L. (2015). The effects of reading material on social and non-social cognition. Poetics, 52, 32–43. https://doi.org/10.1016/j.poetic.2015.07.001",The effects of reading material on transportation,Cognitive Psychology,cognitive,60.0,0.3261363455467632,594.0,0.0099995000374968,0.3161368455092663,high,"Fiction , Cognitive ability , Theory of mind",False,False,SIMULABLE,SIMULABLE,SIMULABLE,A_dual_confirmed,True,False,obscure,This niche narrative-transportation effect and its replication failure are rarely discussed outside specialist cognitive psychology circles.,obscure,"Niche narrative-transportation finding, too specialized in cognitive psychology to have a widely shared default association either way.",False,,calibrated full-pool rerun,obscure,confirmed,False
1884,10.1093/jcr/ucz028,"Huang, F., Wong, V. C., & Wan, E. W. (2019). The Influence of Product Anthropomorphism on Comparative Judgment. Journal of Consumer Research. https://doi.org/10.1093/jcr/ucz028",Consumers will be more likely to use a holistic process (vs. an attribute-by-attribute comparison) to judge anthropomorphized products.,Marketing,marketing,101.0,0.6708203932499369,584.0,0.0499376169438922,0.6208827763060447,high,"anthropomorphism, comparative judgment, absolute strategy, dimension-by-dimension strategy",False,False,SIMULABLE,SIMULABLE,SIMULABLE,A_dual_confirmed,True,False,obscure,This niche marketing/anthropomorphism finding and its replication failure are known only within specialist consumer-behavior circles.,obscure,"A niche marketing/anthropomorphism finding, too specific and low-profile for either a ""classic effect"" or ""famous failure"" narrative to have formed.",False,,calibrated full-pool rerun,obscure,confirmed,False
1747,10.1037/0096-3445.136.2.289,"Van Boven, L., & Ashworth, L. (2007). Looking forward, looking back: Anticipation is more evocative than retrospection. Journal of Experimental Psychology: General, 136(2), 289–300. https://doi.org/10.1037/0096-3445.136.2.289","Simply adopting a future or past temporal perspective, independent of people’s actual temporal relation to an emotional event, is sufficient to produce more intense emotion during anticipation than during retrospection (hypothetical future ski vacation)",Cognitive Psychology,cognitive,95.0,0.0698291276999138,564.0,-0.0049999375011718,0.064829190198742,mid,"Affective forecasting, anticipation, emotion, memory, simulation",True,False,SIMULABLE,SIMULABLE,SIMULABLE,A_dual_confirmed_A0,True,False,obscure,This narrow effect on hypothetical temporal framing shows minimal citation traction; neither the original nor its null replication is widely discussed.,obscure,"A niche, low-power finding on temporal framing of emotion; too specific and marginal to have entered common researcher lore either way.",False,,"calibrated prompt, A0 anchor-calibration test batch",obscure,confirmed,False
1928,10.1177/0956797614563108,"Kupor, D. M., Laurin, K., & Levav, J. (2015). Anticipating Divine Protection? Reminders of God Can Increase Nonmoral Risk Taking. Psychological Science, 26(4), 374–384. https://doi.org/10.1177/0956797614563108",Implicitly priming God using the scrambled-sentence paradigm increases self-reported risk taking,Social Psychology,social,61.0,0.2758634886606276,556.0,0.0698291276999138,0.2060343609607137,mid,"risk taking, God, religion, risk tolerance",False,False,SIMULABLE,SIMULABLE,SIMULABLE,A_dual_confirmed,True,False,obscure,"A niche priming-effect finding, mostly known within replication-crisis social psychology circles, not broader public or scientific discourse.",obscure,"Niche priming study; unlike ego-depletion or power-posing, it never entered general awareness as either finding or replication failure.",False,,calibrated full-pool rerun,obscure,confirmed,False
1814,10.1037/a0023527,"Bargh, J. A., & Shalev, I. (2012). The substitutability of physical and social warmth in daily life. Emotion, 12(1), 154–162. https://doi.org/10.1037/a0023527",People lacking social warmth compensate through physical warmth in the form of hot showers/baths,Social Psychology,social,51.0,0.57,553.0,0.08,0.4899999999999999,high,"unconscious, self-regulation, embodiment, warmth",True,False,NOT_SIMULABLE,SIMULABLE,,A0_calibrated_mandated,True,False,contested,"This embodied-cognition warmth finding is a textbook replication-crisis example, cited both as classic evidence and as a cautionary failure.",failure_dominates,Embodied-warmth/loneliness-showers finding is a textbook cited casualty of the social priming replication crisis.,True,,"calibrated prompt, A0 anchor-calibration test batch",DISAGREE,confirmed,True
2116,10.1016/j.evolhumbehav.2010.05.002,"Navarrete, C. D., McDonald, M. M., Mott, M. L., Cesario, J., & Sapolsky, R. (2010). Fertility and race perception predict voter preference for Barack Obama. Evolution and Human Behavior, 31(6), 394–399. https://doi.org/10.1016/j.evolhumbehav.2010.05.002",,psychology,psych_general,62.0,0.28,545.0,-0.112,0.168,mid,,False,True,SIMULABLE,SIMULABLE,INSUFFICIENT,excluded,False,True,obscure,"No effect description or identifying details are provided, so neither account can plausibly have real currency.",obscure,"No effect description or keywords are given, so there is no identifiable finding for any default association to attach to.",False,round2 veto: NOT_SIMULABLE/INSUFFICIENT,calibrated full-pool rerun,obscure,excluded,False
1728,10.1111/j.1467-9280.2007.01961.x,"Valdesolo, P., & DeSteno, D. (2007). Moral Hypocrisy. Psychological Science, 18(8), 689–690. https://doi.org/10.1111/j.1467-9280.2007.01961.x",Individuals perceived their own transgressions to be less objectionable than the same transgression enacted by another person (without altruists in the sample of replication study),Social Psychology,social,74.0,0.4852716953798207,540.0,0.0,0.4852716953798207,high,"Hypocrisy, Morality, Groups, Identity, Minimal groups, Partisanship",True,False,NOT_SIMULABLE,SIMULABLE,,A0_calibrated_mandated,True,False,obscure,This niche hypocrisy sub-finding and its null replication are rarely discussed outside specialist morality-judgment researchers.,obscure,Too niche a sub-finding (specific hypocrisy/moral-transgression paradigm) to have entered common lore either as landmark or as failed-replication poster child.,False,,"calibrated prompt, A0 anchor-calibration test batch",obscure,confirmed,False
1911,10.1037/0021-843x.115.4.798,"Kosson, D. S., Lorenz, A. R., & Newman, J. P. (2006). Effects of comorbid psychopathy on criminal offending and emotion processing in male offenders with antisocial personality disorder. Journal of Abnormal Psychology, 115(4), 798–806. https://doi.org/10.1037/0021-843x.115.4.798",ASPD-only diagnosis predicts greater criminal versatility than controls.,Social Psychology,social,390.0,0.3219027332387024,529.0,0.2055172342864138,0.1163854989522885,mid,"psychopathy, antisocial personality disorder, criminal behavior, personality disorder, cognition",False,False,NOT_SIMULABLE,NOT_SIMULABLE,,unresolved_uncalibrated_reject,False,False,n/a (not simulable),,n/a (not simulable),,False,calibrated: DV not text-simulable,calibrated compressed prompt (finish pass),n/a,excluded,False
716,10.1016/j.jesp.2011.11.012,"DeVoe, S. E., & House, J. (2012). Time, money, and happiness: How does putting a price on time affect our ability to smell the roses? Journal of Experimental Social Psychology, 48(2), 466–474. https://doi.org/10.1016/j.jesp.2011.11.012",we investigate how the impatience that results from placing a price on time impairs individuals' ability to derive happiness from pleasurable experiences.,Social Psychology,social,145.0,0.2190890230020664,520.0,0.0316227766016837,0.1874662464003826,mid,"Time, Money, Impatience, Happiness",False,False,SIMULABLE,NOT_SIMULABLE,SIMULABLE,A_dual_confirmed,False,True,original_dominates,"The ""putting a price on time"" DeVoe/Pfeffer-style finding is widely cited in psych/behavioral-econ circles; its weak replication remains largely unknown outside specialists.",failure_dominates,"This is the ""putting a price on time undermines savoring"" study, widely cited in the replication-crisis canon of weak social psych effects.",True,,calibrated compressed prompt (finish pass),DISAGREE,review_admitted,True
1642,10.1007/s11199-011-0036-z,"Lane, K. A., Goh, J. X., & Driver-Linn, E. (2011). Implicit Science Stereotypes Mediate the Relationship between Gender and Academic Participation. Sex Roles, 66(3–4), 220–234. https://doi.org/10.1007/s11199-011-0036-z",plans to pursue humanities,Gender Stereotypes,other,165.0,0.2,514.0,0.0866726058667905,0.1133273941332094,mid,implicit association test; implicit stereotypes; gender-science stereotype; gender; stereotypes,False,False,NOT_SIMULABLE,NOT_SIMULABLE,,unresolved_uncalibrated_reject,False,False,n/a (not simulable),,n/a (not simulable),,False,calibrated: DV not text-simulable,calibrated compressed prompt (finish pass),n/a,excluded,False
1100,10.1111/j.1468-0017.2010.01398.x,"BEEBE, J. R., & BUCKWALTER, W. (2010). The Epistemic Side-Effect Effect. Mind &amp; Language, 25(4), 474–498. https://doi.org/10.1111/j.1468-0017.2010.01398.x",epistemic side-effect,Experimental Philosophy,expphil,749.0,0.3470088817920543,514.0,0.3133774542039018,0.0336314275881524,low,experimental philosophy,False,False,SIMULABLE,NOT_SIMULABLE,SIMULABLE,A_dual_confirmed,False,True,contested,The epistemic side-effect (Knobe-style) effect is widely discussed with active debate over its robustness and interpretation in x-phi literature.,obscure,Effect and field too niche/generic-labeled for either a discovery or failure narrative to be widely recognized.,True,,calibrated compressed prompt (finish pass),DISAGREE,review_admitted,True
1198,10.1111/j.1744-6570.1999.tb00174.x,"Judge, T. A., Higgins, C. A., Thoresen, C. J., & Barrick, M. R. (1999). THE BIG FIVE PERSONALITY TRAITS, GENERAL MENTAL ABILITY, AND CAREER SUCCESS ACROSS THE LIFE SPAN. Personnel Psychology, 52(3), 621–652. Portico. https://doi.org/10.1111/j.1744-6570.1999.tb00174.x",Intrinsic success is negatively correlated with negative emotionality.,Differential Psychology,personality,194.0,-0.26,512.0,-0.32,-0.06,low,"Big Five, life outcomes, metascience, personality traits, replication, open data, open materials, preregistered",False,False,NOT_SIMULABLE,NOT_SIMULABLE,,unresolved_uncalibrated_reject,False,False,n/a (not simulable),,n/a (not simulable),,False,calibrated: DV not text-simulable,calibrated compressed prompt (finish pass),n/a,excluded,False
1222,10.1509/jppm.16.157,"Cook, L. A., & Sadeghein, R. (2018). Effects of Perceived Scarcity on Financial Decision Making. Journal of Public Policy &amp; Marketing, 37(1), 68–87. https://doi.org/10.1509/jppm.16.157","Unfavorable consumer perceptions and behavioral outcomes will be highest when the triple scarcity effect occurs (i.e., no liquidity, limited lending options, and perceived consequences of loss).",Marketing,marketing,199.0,0.1264911064067351,507.0,0.1378404875209022,-0.011349381114167,low,"resource scarcity, triple scarcity effect, payday loans, lending, financial well-being, Credit, Decision",False,False,NOT_SIMULABLE,NOT_SIMULABLE,,unresolved_uncalibrated_reject,False,False,n/a (not simulable),,n/a (not simulable),,False,calibrated: DV not text-simulable,calibrated compressed prompt (finish pass),n/a,excluded,False
762,10.1073/pnas.1516047113,"Hoffman, K. M., Trawalter, S., Axt, J. R., & Oliver, M. N. (2016). Racial bias in pain assessment and treatment recommendations, and false beliefs about biological differences between blacks and whites. Proceedings of the National Academy of Sciences, 113(16), 4296–4301. https://doi.org/10.1073/pnas.1516047113","The present work examines beliefs associated with racial bias in pain management, a critical health care domain with well-docu-mented racial disparities. Specifically, this work reveals that a substantial number of white laypeople and medical students and residents hold false beliefs about biological differences between blacks and whites and demonstrates that these beliefs predict racial bias in pain perception and treatment recommendation accuracy. It also provides the first evidence that racial bias in pain perception is associated with racial bias in pain treatment rec-ommendations.",Social Psychology,social,92.0,0.2236067977499789,503.0,0.0459514091001746,0.1776553886498043,mid,"racial bias, pain perception, health care disparities, pain treatment",False,False,NOT_SIMULABLE,NOT_SIMULABLE,,unresolved_uncalibrated_reject,False,False,n/a (not simulable),,n/a (not simulable),,False,calibrated: DV not text-simulable,calibrated compressed prompt (finish pass),n/a,excluded,False
1986,10.1016/j.cognition.2014.08.006,"Swami, V., Voracek, M., Stieger, S., Tran, U. S., & Furnham, A. (2014). Analytic thinking reduces belief in conspiracy theories. Cognition, 133(3), 572–585. https://doi.org/10.1016/j.cognition.2014.08.006",Priming analytic thinking using the scrambled sentence task reduces belief in conspiracy theories,Cognitive psychology,cognitive,140.0,0.1675954939338689,488.0,0.0549170007571354,0.1126784931767335,mid,"analytic thinking, priming, conspiracy theory",False,False,SIMULABLE,NOT_SIMULABLE,SIMULABLE,A_dual_confirmed,False,True,contested,Analytic-thinking priming effects on conspiracy belief remain debated amid broader priming replication crisis controversies in psychology.,obscure,A niche sub-finding within the broader (contested) analytic-thinking/priming literature; too specific to have its own default association.,True,,calibrated compressed prompt (finish pass),DISAGREE,review_admitted,True
1503,10.1002/acp.1376,"Garry, M., French, L., Kinzett, T., & Mori, K. (2007). Eyewitness memory following discussion: using the MORI technique with a Western sample. Applied Cognitive Psychology, 22(4), 431–439. Portico. https://doi.org/10.1002/acp.1376",Discussion affect memory for an ostensibly shared event,Cognitive Psychology,cognitive,40.0,0.4852716953798207,486.0,0.7937253933193772,-0.3084536979395564,low,"Co-witness suggestibility effect, memory conformity, eyewitness memory, post- event conversation, multi-lab replication project.",False,False,NOT_SIMULABLE,NOT_SIMULABLE,,unresolved_uncalibrated_reject,False,False,n/a (not simulable),,n/a (not simulable),,False,calibrated: DV not text-simulable,calibrated compressed prompt (finish pass),n/a,excluded,False
1802,10.1177/0956797611432497,"Banerjee, P., Chatterjee, P., & Sinha, J. (2012). Is It Light or Dark? Recalling Moral Behavior Changes Perception of Brightness. Psychological Science, 23(4), 407–409. https://doi.org/10.1177/0956797611432497",Recalling unethical deeds darkens perceived room brightness,Psychology,psych_general,74.0,0.3047757271037837,482.0,0.024992191160203,0.2797835359435807,high,"morality, light, grounded cognition, embodiment",True,False,NOT_SIMULABLE,SIMULABLE,,A0_calibrated_mandated,True,False,failure_dominates,"This ""Macbeth effect"" study became a textbook replication-crisis cautionary tale, now cited more for its failure than original finding.",failure_dominates,"The ""Macbeth effect"" is a textbook cited example of the replication crisis in embodied-cognition/social-priming psychology.",False,,"calibrated prompt, A0 anchor-calibration test batch",failure_dominates,confirmed,False
1308,10.1037/0278-6133.3.5.431,"Weinstein, N. D. (1984). Why it won’t happen to me: Perceptions of risk factors and susceptibility. Health Psychology, 3(5), 431–457. https://doi.org/10.1037/0278-6133.3.5.431",people perceive their risk of experiencing a negative health/safety hazard as less likely than their counterparts,Psychology,psych_general,136.0,-0.3511234415883917,480.0,-0.196116135138184,0.1550073064502077,mid,"optimism bias, bias, judgment and decision making, comparative risk judgement, risk perceptions",False,False,SIMULABLE,NOT_SIMULABLE,SIMULABLE,A_dual_confirmed,False,True,original_dominates,Optimism bias in comparative risk remains a textbook staple; the weaker large-N replication is known mainly to specialists.,original_dominates,"Optimism bias is a textbook, widely-cited phenomenon; its replication attenuation is niche knowledge, not part of common perception.",False,,calibrated compressed prompt (finish pass),original_dominates,review_admitted,False
265,10.1038/s41586-022-04452-3,"Shah, A. K., & LaForest, M. (2022). Knowledge about others reduces one’s own sense of anonymity. Nature, 603(7900), 297–301. https://doi.org/10.1038/s41586-022-04452-3",H2: Participants in the information condition will report significantly higher responses to how well they believe they know their ‘partner’. (entire sample),Social Psychology,social,462.0,0.3387194682727416,475.0,0.3592917377421468,-0.0205722694694052,low,"Social ties, Self-perception, Self-concept, Social interactions",False,False,SIMULABLE,NOT_SIMULABLE,SIMULABLE,A_dual_confirmed,False,True,obscure,"A specific, narrow sub-hypothesis with a successful replication—no notable effect size gap to drive attention or controversy.",obscure,"This is a niche, specific hypothesis with no widely known finding or replication narrative attached to it.",False,,calibrated compressed prompt (finish pass),obscure,review_admitted,False
2041,10.1037/xge0000466,"Rich, A. S., & Gureckis, T. M. (2018). The limits of learning: Exploration, generalization, and the development of learning traps. Journal of Experimental Psychology: General, 147(11), 1553–1570. https://doi.org/10.1037/xge0000466",,psychology,psych_general,95.0,0.2862272990263421,474.0,0.2207916087077677,0.0654356903185744,mid,,False,True,SIMULABLE,NOT_SIMULABLE,INSUFFICIENT,excluded,False,True,obscure,"No effect description or identifying details are provided, so neither narrative can be assessed as having any public currency.",obscure,"No effect description or identifying keywords are given, so no default association can be formed at all.",False,calibrated: DV not text-simulable,calibrated compressed prompt (finish pass),obscure,excluded,False
1226,10.1093/jcr/ucx066,"Monga, A., May, F., & Bagchi, R. (2017). Eliciting Time versus Money: Time Scarcity Underlies Asymmetric Wage Rates. Journal of Consumer Research, 44(4), 833–852. https://doi.org/10.1093/jcr/ucx066","By manipulating the timing of an activity, the Time-Elicit (TEL) procedure of stating the maximum amount of hours required for a task should be more sensitive to a change in time scarcity, because time of money required for a task). Analogously, the TEL procedure should be more sensitive to a change in the timing of the activity. That is, distant activities scarcity receives a higher weight in TEL vs. Money-Elicit (MEL) procedure - stating the minimum amount should yield lower wage rates, particularly in the TEL (vs. MEL) procedure, which should diminish the wage rate asymmetry (effect of timing)",Marketing,marketing,179.0,0.1675954939338689,467.0,0.013998628201651,0.1535968657322179,mid,"time, money, scarcity, time-money tradeoffs, wage rates, procedural invariance",False,False,SIMULABLE,NOT_SIMULABLE,SIMULABLE,A_dual_confirmed,False,True,obscure,A niche marketing procedural-invariance finding with weak effect and small samples has no notable presence in mainstream or specialist discourse.,obscure,"This is a niche procedural-elicitation effect in a narrow marketing subliterature, too obscure for either ""famous finding"" or ""famous failure"" status.",False,,calibrated compressed prompt (finish pass),obscure,review_admitted,False
1275,10.1038/oby.2005.12,"Wansink, B., Painter, J. E., & North, J. (2005). Bottomless Bowls: Why Visual Cues of Portion Size May Influence Intake**. Obesity Research, 13(1), 93–100. Portico. https://doi.org/10.1038/oby.2005.12",The extent to which participants believed they monitored their consumption.,Developmental Psychology,other,54.0,0.0846945914398115,464.0,0.0489412812167179,0.0357533102230935,low,"portion size, consumption norms, food in-take, consumption volume, external cues",False,False,NOT_SIMULABLE,NOT_SIMULABLE,,unresolved_uncalibrated_reject,False,False,n/a (not simulable),,n/a (not simulable),,False,calibrated: DV not text-simulable,calibrated compressed prompt (finish pass),n/a,excluded,False
1422,10.1038/ng1808,"Amundadottir, L. T., Sulem, P., Gudmundsson, J., Helgason, A., Baker, A., Agnarsson, B. A., Sigurdsson, A., Benediktsdottir, K. R., Cazier, J.-B., Sainz, J., Jakobsdottir, M., Kostic, J., Magnusdottir, D. N., Ghosh, S., Agnarsson, K., Birgisdottir, B., Le Roux, L., Olafsdottir, A., Blondal, T., … Stefansson, K. (2006). A common variant associated with prostate cancer in European and African populations. Nature Genetics, 38(6), 652–658. https://doi.org/10.1038/ng1808",Among European Americans allele A of SNP rs1447295 was significantly associated with prostate cancer,Medicine,other,705.0,0.1383676983843393,463.0,-0.0512968164957424,0.0870708818885969,mid,"Tobago prostate survey, afro-caribbean men, germline variations",False,False,NOT_SIMULABLE,NOT_SIMULABLE,,unresolved_uncalibrated_reject,False,False,n/a (not simulable),,n/a (not simulable),,False,calibrated: DV not text-simulable,calibrated compressed prompt (finish pass),n/a,excluded,False
768,10.1073/pnas.1508932113,"Vacharkulksemsuk, T., Reit, E., Khambatta, P., Eastwick, P. W., Finkel, E. J., & Carney, D. R. (2016). Dominant, open nonverbal displays are attractive at zero-acquaintance. Proceedings of the National Academy of Sciences, 113(15), 4009–4014. https://doi.org/10.1073/pnas.1508932113","Dominant, open nonverbal displays are attractive at zero-acquaintance",Social Psychology,social,426.0,0.6587176477377352,450.0,0.4378390033806127,0.2208786443571224,mid,"attraction, postural expansiveness, mate selection, nonverbal behavior, romantic relationships",False,False,SIMULABLE,NOT_SIMULABLE,NOT_SIMULABLE,excluded,False,True,contested,"Postural expansiveness/attraction findings are widely cited in evolutionary/nonverbal literature, but replication debates keep effect size disputes active.",obscure,"This specific finding is too niche/specialized to have a widely shared default association among researchers, unlike famous replication cases.",True,calibrated: DV not text-simulable,calibrated compressed prompt (finish pass),DISAGREE,excluded,True
1068,10.1177/0146167216684132,"Vaughn, L. A. (2017). Foundational Tests of the Need-Support Model. Personality and Social Psychology Bulletin, 43(3), 313–328. https://doi.org/10.1177/0146167216684132",Participants reported higher need satisfaction in experiences of pursuing hopes than in experiences of pursuing duties (need for autonomy),Social Psychology,social,601.0,0.3872324843550917,446.0,0.3420448416682698,0.0451876426868218,low,"motivation, regulatory focus theory, self-determination theory, psychological needs, need support",False,False,SIMULABLE,NOT_SIMULABLE,SIMULABLE,A_dual_confirmed,False,True,obscure,"A minor specific finding within regulatory focus/SDT literature, with a close replication result unlikely to attract broader attention.",obscure,This is a niche regulatory-focus/SDT finding with a small effect gap; too specific to have entered common disciplinary lore.,False,,calibrated compressed prompt (finish pass),obscure,review_admitted,False
651,10.1111/j.1467-9280.2008.02227.x,"Schnall, S., Benton, J., & Harvey, S. (2008). With a Clean Conscience. Psychological Science, 19(12), 1219–1222. https://doi.org/10.1111/j.1467-9280.2008.02227.x",cleanliness priming effect (scrambled…,Social Psychology,social,40.0,0.3,440.0,0.1,0.1999999999999999,mid,"priming, moral judgment, response effort, replication, cleanliness",False,False,SIMULABLE,NOT_SIMULABLE,SIMULABLE,A_dual_confirmed,False,True,failure_dominates,"Cleanliness priming is now widely cited in psychology as a textbook replication-crisis casualty, overshadowing the original finding.",failure_dominates,"Cleanliness priming is a textbook replication-crisis example, commonly cited alongside other failed priming studies.",False,,calibrated compressed prompt (finish pass),failure_dominates,review_admitted,False
1617,10.1037/pspa0000032,"Hoorens, V., & Bruckmüller, S. (2015). Less is more? Think again! A cognitive fluency-based more–less asymmetry in comparative communication. Journal of Personality and Social Psychology, 109(5), 753–766. https://doi.org/10.1037/pspa0000032",more-less asymmetry in agreement with comparative statements-male female,Social Psychology,social,320.0,0.6782329983125268,433.0,0.4819187497721559,0.1963142485403708,mid,"social comparison, framing, fluency, meta-cognition, social judgment, verbal communication",False,False,SIMULABLE,SIMULABLE,SIMULABLE,A_dual_confirmed,True,False,obscure,This niche comparative-framing effect lacks broad citation or public awareness; both original and replication remain confined to specialist literature.,obscure,This is a niche framing/fluency effect lacking the notoriety of canonical replication-crisis cases; most researchers would have no default association at all.,False,,calibrated compressed prompt (finish pass),obscure,confirmed,False
1838,10.1111/j.1467-9280.2008.02159.x,"Caruso, E. M., Gilbert, D. T., & Wilson, T. D. (2008). A Wrinkle in Time. Psychological Science, 19(8), 796–801. https://doi.org/10.1111/j.1467-9280.2008.02159.x",Temporal location on monetary judgement,Psychology,psych_general,121.0,0.2008236202156156,423.0,0.0149983127847122,0.1858253074309034,mid,"CORE, Judgment, Decision Making, JDM, Heuristics, Biases",False,False,NOT_SIMULABLE,NOT_SIMULABLE,,unresolved_uncalibrated_reject,False,False,n/a (not simulable),,n/a (not simulable),,False,calibrated: DV not text-simulable,calibrated compressed prompt (finish pass),n/a,excluded,False
1837,10.1037/a0020757,"Caruso, E. M. (2010). When the future feels worse than the past: A temporal inconsistency in moral judgment. Journal of Experimental Psychology: General, 139(4), 610–624. https://doi.org/10.1037/a0020757",Temporal location on moral judgement,Psychology,psych_general,116.0,0.210196709523022,423.0,0.0648631210826801,0.1453335884403419,mid,"CORE, Judgment, Decision Making, JDM, Heuristics, Biases",False,False,NOT_SIMULABLE,NOT_SIMULABLE,,unresolved_uncalibrated_reject,False,False,n/a (not simulable),,n/a (not simulable),,False,calibrated: DV not text-simulable,calibrated compressed prompt (finish pass),n/a,excluded,False
1123,10.1017/epi.2013.23,"Beebe, J. R., & Shea, J. (2013). GETTIERIZED KNOBE EFFECTS. Episteme, 10(3), 219–240. https://doi.org/10.1017/epi.2013.23","People are more likely to attribute knowledge in familiar Gettier cases when the would-be knowers are performing actions that are negative in some way (e.g. harmful, blameworthy, norm-violating) than when they are performing positive or neutral actions",Experimental Philosophy,expphil,376.0,0.18,418.0,0.5144957554275266,-0.3344957554275266,low,knobe effects,False,False,NOT_SIMULABLE,NOT_SIMULABLE,,unresolved_uncalibrated_reject,False,False,n/a (not simulable),,n/a (not simulable),,False,calibrated: DV not text-simulable,calibrated compressed prompt (finish pass),n/a,excluded,False
1864,10.1086/661890,"Dubois, D., Rucker, D. D., & Galinsky, A. D. (2011). Retracted: Super Size Me: Product Size as a Signal of Status. Journal of Consumer Research, 38(6), 1047–1062. https://doi.org/10.1086/661890",Consumers view larger products as higher status.,Marketing,marketing,183.0,0.4819187497721559,415.0,-0.0499376169438922,0.4319811328282636,high,"Priming, signalling",False,False,NOT_SIMULABLE,NOT_SIMULABLE,,unresolved_uncalibrated_reject,False,False,n/a (not simulable),,n/a (not simulable),,False,calibrated: DV not text-simulable,calibrated compressed prompt (finish pass),n/a,excluded,False
902,10.1093/jcr/ucv048,"Roux, C., Goldsmith, K., & Bonezzi, A. (2015). On the Psychology of Scarcity: When Reminders of Resource Scarcity Promote Selfish (and Generous) Behavior. Journal of Consumer Research, ucv048. https://doi.org/10.1093/jcr/ucv048","When scarcity is salient, pro-self individuals will engage in even more selfish behavior compared to prosocial individuals. The difference between proself individual’s behavior and prosocial individual’s behavior is attenuated when scarcity is not salient.",Marketing,marketing,157.0,0.1732050807568877,414.0,0.0316227766016837,0.1415823041552039,mid,"resource scarcity, competitive orientation, welfare advancement, selfish, generous",False,False,SIMULABLE,NOT_SIMULABLE,SIMULABLE,A_dual_confirmed,False,True,obscure,"A narrow interaction effect in marketing on scarcity and social value orientation, with no significant broader scientific or public recognition.",obscure,Niche marketing interaction effect on scarcity and social value orientation; too specific and low-profile for either narrative to dominate.,False,,calibrated compressed prompt (finish pass),obscure,review_admitted,False
647,10.1126/science.1253932,"Gneezy, U., Keenan, E. A., & Gneezy, A. (2014). Avoiding overhead aversion in charity. Science, 346(6209), 632–635. https://doi.org/10.1126/science.1253932",Avoiding overhead aversion in charity,Judgment and Decision Making,jdm,178.0,-0.2518837939965942,407.0,0.182,0.0698837939965942,mid,"Social Science Replication Project, Science, Nature, Human Behavior",False,False,SIMULABLE,NOT_SIMULABLE,SIMULABLE,A_dual_confirmed,False,True,obscure,A niche JDM finding with modest effect sizes; neither the original nor its replication has broad recognition outside specialist replication-project circles.,obscure,"Too niche a JDM finding for either ""classic result"" or ""failed replication"" narrative to have taken hold broadly.",False,,calibrated compressed prompt (finish pass),obscure,review_admitted,False
202,10.1037/0021-9010.77.4.419,"Simonson, I., & Staw, B. M. (1992). Deescalation strategies: A comparison of techniques for reducing commitment to losing courses of action. Journal of Applied Psychology, 77(4), 419–426. https://doi.org/10.1037/0021-9010.77.4.419","Whether holding decision makers accountable for the decision process decreases escalating commitment, while accountability for the decision outcomes increases it.",Judgment and Decision Making,jdm,60.0,0.2864687833096973,404.0,-0.0199960011996001,0.2664727821100971,high,"escalation of commitment, process accountability, outcome accountability,",False,False,NOT_SIMULABLE,NOT_SIMULABLE,,unresolved_uncalibrated_reject,False,False,n/a (not simulable),,n/a (not simulable),,False,calibrated: DV not text-simulable,calibrated compressed prompt (finish pass),n/a,excluded,False
1085,10.3389/fpsyg.2014.01276,"Huang, J. L. (2014). Does cleanliness influence moral judgments? Response effort moderates the effect of cleanliness priming on moral judgments. Frontiers in Psychology, 5. https://doi.org/10.3389/fpsyg.2014.01276",Cleanliness condition in the low response effort group significantly influenced the moral judgements averaged across all vignettes,Social Psychology,social,218.0,-0.1434993104669943,387.0,0.0617568943169517,0.0817424161500425,mid,"Priming, moral judgment, response effort, replication, cleanliness",False,False,SIMULABLE,SIMULABLE,SIMULABLE,A_dual_confirmed,True,False,failure_dominates,"This fits the broader ""cleanliness primes moral judgment"" (Macbeth effect) literature, which is now widely cited as a replication-crisis cautionary tale.",failure_dominates,"Cleanliness/moral-judgment priming is a flagship replication-crisis example, widely known as failing to replicate in social priming research.",False,,calibrated compressed prompt (finish pass),failure_dominates,confirmed,False
433,10.1177/0956797614563958,"Shah, A. K., Shafir, E., & Mullainathan, S. (2015). Scarcity Frames Value. Psychological Science, 26(4), 402–412. https://doi.org/10.1177/0956797614563958",There is an interaction between income and context,Psychology,psych_general,577.0,0.1,387.0,0.1543352768716105,-0.0543352768716105,low,"Context effects, judgment and decision making, scarcity, open data, open materials",False,False,NOT_SIMULABLE,NOT_SIMULABLE,,unresolved_uncalibrated_reject,False,False,n/a (not simulable),,n/a (not simulable),,False,calibrated: DV not text-simulable,calibrated compressed prompt (finish pass),n/a,excluded,False
1130,10.1007/s13164-013-0162-3,"Grau, C., & Pury, C. L. S. (2013). Attitudes Towards Reference and Replaceability. Review of Philosophy and Psychology, 5(2), 155–168. https://doi.org/10.1007/s13164-013-0162-3",Individuals with Kripkean intuitions were indeed more likely to value loved ones (and other persons and things) as irreplaceable,Experimental Philosophy,expphil,162.0,0.2,387.0,0.0975327668000896,0.1024672331999103,mid,"replaceability, attitude towards refernce",False,False,SIMULABLE,NOT_SIMULABLE,SIMULABLE,A_dual_confirmed,False,True,obscure,This niche experimental-philosophy finding on reference intuitions and irreplaceability has minimal citation or public visibility either way.,obscure,Niche experimental-philosophy finding on Kripkean reference intuitions is too specialized for either narrative to have become a common default association.,False,,calibrated compressed prompt (finish pass),obscure,review_admitted,False
1265,10.1086/691462,"Ward, A. F., Duke, K., Gneezy, A., & Bos, M. W. (2017). Brain Drain: The Mere Presence of One’s Own Smartphone Reduces Available Cognitive Capacity. Journal of the Association for Consumer Research, 2(2), 140–154. https://doi.org/10.1086/691462","The mere presence of one’s own smartphone may occupy limited-capacity cognitive resources, thereby leaving fewer resources available for other tasks and undercutting cognitive performance",Marketing,marketing,275.0,0.161245154965971,383.0,0.0316227766016837,0.1296223783642872,mid,"brain drain, smartphones, smartphone dependence, cognitive costs, cognitive capacity, cognitive performance",False,False,NOT_SIMULABLE,SIMULABLE,,unresolved_uncalibrated_reject,True,True,contested,"The ""brain drain"" smartphone effect remains widely cited in media/psychology while replication concerns are actively debated among researchers.",original_dominates,"The ""brain drain"" smartphone effect is widely cited as established; its weak replication is not part of common knowledge.",True,,calibrated compressed prompt (finish pass),DISAGREE,confirmed,True
2152,10.1016/j.jesp.2018.08.007,"Axt, J. R., Moran, T., & Bar-Anan, Y. (2018). Simultaneous ingroup and outgroup favoritism in implicit social cognition. Journal of Experimental Social Psychology, 79, 275–289. https://doi.org/10.1016/j.jesp.2018.08.007",,psychology,psych_general,1607.0,0.21973522748503,372.0,0.2498700355623394,-0.0301348080773093,low,,False,True,SIMULABLE,NOT_SIMULABLE,INSUFFICIENT,excluded,False,True,obscure,"No effect description or field context is provided, so neither narrative can plausibly have broad currency to assess.",obscure,"No effect description or keywords are given, so there's nothing identifiable for any default association to have formed around.",False,calibrated: DV not text-simulable,calibrated compressed prompt (finish pass),obscure,excluded,False
712,10.1126/science.1239918,"Kidd, D. C., & Castano, E. (2013). Reading Literary Fiction Improves Theory of Mind. Science, 342(6156), 377–380. https://doi.org/10.1126/science.1239918",Reading literature can led to better performance on tests of affective theory of mind and and cognitive theory of mind,Social Psychology,social,356.0,0.1,370.0,0.0049999375011718,0.0950000624988281,mid,"Condition, Literary Fiction Versus Popular fiction Versus No Reading",False,False,SIMULABLE,NOT_SIMULABLE,UNPARSED,excluded,False,True,contested,"The Kidd & Castano literary-fiction/ToM effect remains widely cited and taught, but replication failures are actively debated in the literature.",failure_dominates,Kidd & Castano's literary-fiction/theory-of-mind study is widely cited as an ego-depletion-era replication casualty in psychology.,True,calibrated: DV not text-simulable,calibrated compressed prompt (finish pass),DISAGREE,excluded,True
2036,10.1016/j.obhdp.2017.01.005,"Lu, J. G., Akinola, M., & Mason, M. F. (2017). “Switching On” creativity: Task switching can increase creativity by reducing cognitive fixation. Organizational Behavior and Human Decision Processes, 139, 63–75. https://doi.org/10.1016/j.obhdp.2017.01.005",,marketing/org behavior,marketing,79.0,0.2275117824234189,364.0,0.104740431210964,0.1227713512124548,mid,,False,True,NOT_SIMULABLE,SIMULABLE,,unresolved_uncalibrated_reject,True,True,obscure,"No effect description or identifying details are provided, and generic small-N marketing findings rarely gain lasting recognition either way.",obscure,"No effect description or identifying keywords are given, so no default public association could plausibly exist.",False,,calibrated compressed prompt (finish pass),obscure,confirmed,False
1738,10.1111/j.1468-0017.2011.01428.x,"SARKISSIAN, H., PARK, J., TIEN, D., WRIGHT, J. C., & KNOBE, J. (2011). Folk Moral Relativism. Mind &amp; Language, 26(4), 482–505. https://doi.org/10.1111/j.1468-0017.2011.01428.x","When people are encouraged to think about ever more distant forms of life, they come to have ever more relativist intuitions",Experimental Philosophy,expphil,223.0,0.4,363.0,0.3162277660168379,0.083772233983162,mid,"Metaethics, folk morality, moral relativism",False,False,NOT_SIMULABLE,NOT_SIMULABLE,,unresolved_uncalibrated_reject,False,False,n/a (not simulable),,n/a (not simulable),,False,calibrated: DV not text-simulable,calibrated compressed prompt (finish pass),n/a,excluded,False
2033,10.1016/j.obhdp.2014.04.002,"Ritov, I., & Zamir, E. (2014). Affirmative action and other group tradeoff policies: Identifiability of those adversely affected. Organizational Behavior and Human Decision Processes, 125(1), 50–60. https://doi.org/10.1016/j.obhdp.2014.04.002",,marketing/org behavior,marketing,109.0,0.3279346597346419,358.0,0.1785860665497925,0.1493485931848494,mid,,False,True,SIMULABLE,SIMULABLE,INSUFFICIENT,excluded,False,False,obscure,"No effect description or identifiable study is provided, so neither account can have any real currency or traceable discourse.",obscure,"No effect description or keywords are given, and the field is too niche for either narrative to be widely recognized.",False,round2 veto: NOT_SIMULABLE/INSUFFICIENT,calibrated compressed prompt (finish pass),obscure,excluded,False
575,10.1177/0956797616685771,"Jordan, J. J., Sommers, R., Bloom, P., & Rand, D. G. (2017). Why Do We Hate Hypocrites? Evidence for a Theory of False Signaling. Psychological Science, 28(3), 356–368. https://doi.org/10.1177/0956797616685771",,Social Psychology,social,451.0,-0.1289152302546209,338.0,0.0408210494968334,0.0880941807577875,mid,,False,True,SIMULABLE,SIMULABLE,INSUFFICIENT,excluded,False,False,obscure,"No effect description or identifying keywords are provided, so neither account has any traceable public currency.",obscure,"No effect description or identifying keywords are given, so no default association can exist for a researcher to recall.",False,round2 veto: NOT_SIMULABLE/INSUFFICIENT,calibrated compressed prompt (finish pass),obscure,excluded,False
1350,10.1016/j.jesp.2009.05.003,"Nathan DeWall, C., & Bushman, B. J. (2009). Hot under the collar in a lukewarm environment: Words associated with hot temperature increase aggressive thoughts and hostile perceptions. Journal of Experimental Social Psychology, 45(4), 1045–1047. https://doi.org/10.1016/j.jesp.2009.05.003",Heat-Priming is associated with increased hostile perceptions,Social Psychology,social,72.0,0.3004465733948612,331.0,0.0,0.3004465733948612,high,,False,False,SIMULABLE,NOT_SIMULABLE,SIMULABLE,A_dual_confirmed,False,True,obscure,This narrow heat-priming/hostility finding lacks broad recognition; neither the original nor its null replication circulates outside specialist literature.,obscure,"This specific ""heat-priming/hostile perceptions"" effect is too niche to have entered common lore either way.",False,,calibrated compressed prompt (finish pass),obscure,review_admitted,False
1169,10.1016/j.cognition.2014.09.006,"Duke, A. A., & Bègue, L. (2015). The drunk utilitarian: Blood alcohol concentration predicts utilitarian responses in moral dilemmas. Cognition, 134, 121–127. https://doi.org/10.1016/j.cognition.2014.09.006",drunk utilitarian(placebo control condition),Social Psychology,social,60.0,0.29,329.0,0.412310562561766,-0.122310562561766,low,"utilitarianism, Utilitarian, moral dilemma, moral judgment, alcohol intoxication, alcohol, CNI model, dual-process model",False,False,SIMULABLE,NOT_SIMULABLE,NOT_SIMULABLE,excluded,False,True,obscure,"This niche alcohol-and-moral-judgment finding, even with a stronger replication, has negligible visibility beyond specialist dual-process moral psychology circles.",obscure,"Niche alcohol-and-moral-judgment finding lacks the broad recognition needed for either a ""classic"" or ""failed"" narrative to form.",False,calibrated: DV not text-simulable,calibrated compressed prompt (finish pass),obscure,excluded,False
142,10.1016/j.obhdp.2018.10.004,"Fath, S., & Kay, A. C. (2018). “If hierarchical, then corrupt”: Exploring people’s tendency to associate hierarchy with corruption in organizations. Organizational Behavior and Human Decision Processes, 149, 145–164. https://doi.org/10.1016/j.obhdp.2018.10.004","""We find that people expect more corruption to manifest among the employees of relatively more hierarchical organizations""",Organizational Psychology,org,405.0,0.2049390153191919,321.0,0.282842712474619,-0.077903697155427,low,Corruption/Hierarchy/Organisational Design/Organisational Structure,False,False,SIMULABLE,SIMULABLE,SIMULABLE,A_dual_confirmed,True,False,obscure,"A niche organizational-psychology finding with a replication that actually strengthened it, drawing little attention either way.",obscure,Niche organizational psychology finding on hierarchy-corruption perceptions; too specialized to have formed a widely shared default association either way.,False,,calibrated compressed prompt (finish pass),obscure,confirmed,False
611,10.1257/aer.101.2.470,"Abeler, J., Falk, A., Goette, L., & Huffman, D. (2011). Reference Points and Effort Provision. American Economic Review, 101(2), 470–492. https://doi.org/10.1257/aer.101.2.470","If expected earnings are high, subjects work longer and earn more money than if expectations are low",Economics,jdm,120.0,0.181121010050024,318.0,0.0786658035117328,0.1024552065382912,mid,"reference points, effort provision",False,False,NOT_SIMULABLE,NOT_SIMULABLE,,unresolved_uncalibrated_reject,False,False,n/a (not simulable),,n/a (not simulable),,False,calibrated: DV not text-simulable,calibrated compressed prompt (finish pass),n/a,excluded,False
1111,10.1111/j.1551-6709.2011.01210.x,"Paxton, J. M., Ungar, L., & Greene, J. D. (2011). Reflection and Reasoning in Moral Judgment. Cognitive Science, 36(1), 163–177. Portico. https://doi.org/10.1111/j.1551-6709.2011.01210.x",individuals who reflected more on the CRT made more utilitarian judgments,Experimental Philosophy,expphil,92.0,0.39,316.0,0.08,0.31,high,"Dual-process model, Moral decision making, Moral judgment, Moral psychology, Moral reasoning, Morality, Reflection, Social intuitionist model",False,False,SIMULABLE,NOT_SIMULABLE,SIMULABLE,A_dual_confirmed,False,True,contested,"The CRT-utilitarianism link is a well-known dual-process finding still cited, but replication failures and debate persist actively in the literature.",obscure,"A niche CRT-utilitarianism correlation known mainly to specialists in dual-process moral psychology, not a widely recognized landmark finding either way.",True,,calibrated compressed prompt (finish pass),DISAGREE,review_admitted,True
1783,10.1016/j.paid.2009.11.002,"Zettler, I., & Hilbig, B. E. (2010). Attitudes of the selfless: Explaining political orientation with altruism. Personality and Individual Differences, 48(3), 338–342. https://doi.org/10.1016/j.paid.2009.11.002",Emotionality is not associated with the political orientation,Political Psychology,social,137.0,-0.01,312.0,-0.14,-0.13,low,"altruism, political orientation, voting, voting behavior, HEXACO",False,False,NOT_SIMULABLE,NOT_SIMULABLE,,unresolved_uncalibrated_reject,False,False,n/a (not simulable),,n/a (not simulable),,False,calibrated: DV not text-simulable,calibrated compressed prompt (finish pass),n/a,excluded,False
1309,10.1111/j.1467-9280.2006.01704.x,"Epley, N., & Gilovich, T. (2006). The Anchoring-and-Adjustment Heuristic. Psychological Science, 17(4), 311–318. https://doi.org/10.1111/j.1467-9280.2006.01704.x",anchoring effect,Cognitive Psychology,cognitive,81.0,0.237962230135701,301.0,0.05,0.187962230135701,mid,"anchoring effect, self-generated, experimenter-provided, replication, anchoring and adjustment",False,False,SIMULABLE,NOT_SIMULABLE,INSUFFICIENT,excluded,False,True,original_dominates,Anchoring remains a textbook heuristic staple; this specific self-generated-anchor replication failure is known mainly to specialists.,original_dominates,"Anchoring is a textbook, widely-cited heuristic; this specific self-generated-anchor replication nuance is not part of its common association.",False,calibrated: DV not text-simulable,calibrated compressed prompt (finish pass),original_dominates,excluded,False
388,10.1037/a0028216,"Read, D., & Scholten, M. (2012). Tradeoffs between sequences: Weighing accumulated outcomes against outcome-adjusted delays. Journal of Experimental Psychology: Learning, Memory, and Cognition, 38(6), 1675–1688. https://doi.org/10.1037/a0028216",Explicitly stating zero outcomes increases patience,Cognitive Psychology,cognitive,277.0,0.3605551275463989,292.0,0.0774596669241483,0.2830954606222506,high,"Intertemporal choice, discounting, tradeoffs, sequences",False,False,NOT_SIMULABLE,NOT_SIMULABLE,,unresolved_uncalibrated_reject,False,False,n/a (not simulable),,n/a (not simulable),,False,calibrated: DV not text-simulable,calibrated compressed prompt (finish pass),n/a,excluded,False
578,10.1177/0146167215580776,"Belding, J. N., Naufel, K. Z., & Fujita, K. (2015). Using High-Level Construal and Perceptions of Changeability to Promote Self-Change Over Self-Protection Motives in Response to Negative Feedback. Personality and Social Psychology Bulletin, 41(6), 822–838. https://doi.org/10.1177/0146167215580776",Promoting self-change over self-protection motives in response to negative feedback using high-level construal and perceptions and changeability,Social Psychology,social,327.0,0.2148617826751197,292.0,0.0275352394719747,0.187326543203145,mid,"construal level theory, perceived changeability, defensive information processing, self-threat, self-change, health communication",False,False,SIMULABLE,NOT_SIMULABLE,SIMULABLE,A_dual_confirmed,False,True,obscure,This narrow construal-level/self-threat effect has little visibility in either social psychology textbooks or popular science coverage.,obscure,"This is a narrow, specific construal-level manipulation study, too niche to have entered common knowledge either way.",False,,calibrated compressed prompt (finish pass),obscure,review_admitted,False
633,10.1126/science.1186799,"Lee, S. W. S., & Schwarz, N. (2010). Washing Away Postdecisional Dissonance. Science, 328(5979), 709–709. https://doi.org/10.1126/science.1186799",postdecisional dissonance,Social Psychology,social,40.0,0.3992791974689155,286.0,-0.046,0.3532791974689155,high,"Social Science Replication Project, Science, Nature, Human Behavior",False,False,NOT_SIMULABLE,NOT_SIMULABLE,,unresolved_uncalibrated_reject,False,False,n/a (not simulable),,n/a (not simulable),,False,calibrated: DV not text-simulable,calibrated compressed prompt (finish pass),n/a,excluded,False
1443,10.1016/s0272-6963(97)00033-8,"Collins, R. S., Cordon, C., & Julien, D. (1998). An empirical test of the rigid flexibility model. Journal of Operations Management, 16(2–3), 133–146. Portico. https://doi.org/10.1016/s0272-6963(97)00033-8",The variable in the regression model of simplicity over customer delivery time is relatively low in the total sample size,Management,other,485.0,0.3361547262794322,285.0,0.2846049894151541,0.051549736864278,mid,"Rigid flexibility, manufacturing practice, empirical test, operations improvement, regression analysis, empirical research",False,False,NOT_SIMULABLE,NOT_SIMULABLE,,unresolved_uncalibrated_reject,False,False,n/a (not simulable),,n/a (not simulable),,False,calibrated: DV not text-simulable,calibrated compressed prompt (finish pass),n/a,excluded,False
1012,10.1037/0022-3514.95.2.420,"Lemay, E. P., & Clark, M. S. (2008). “Walking on eggshells”: How expressing relationship insecurities perpetuates them. Journal of Personality and Social Psychology, 95(2), 420–441. https://doi.org/10.1037/0022-3514.95.2.420","Participants perceived the confederate’s expressions of happiness as less authentic when they were told, after the interaction, that the confederate had been informed beforehand that participants were especially vulnerable to rejection",Social Psychology,social,186.0,0.1732050807568877,280.0,0.0316227766016837,0.1415823041552039,mid,"Close relationships, egocentrism, relationship security, acceptance, emotion expression, expression-based authenticity doubts, vulnerability",False,False,NOT_SIMULABLE,NOT_SIMULABLE,,unresolved_uncalibrated_reject,False,False,n/a (not simulable),,n/a (not simulable),,False,calibrated: DV not text-simulable,calibrated compressed prompt (finish pass),n/a,excluded,False
1793,10.2196/jmir.2551,"Irwin, B. C., Feltz, D. L., & Kerr, N. L. (2013). Silence is Golden: Effect of Encouragement in Motivating the Weak Link in an Online Exercise Video Game. Journal of Medical Internet Research, 15(6), e104. https://doi.org/10.2196/jmir.2551",Participants in the no-encouragement condition reported that their partner was significantly more capable than those in the encouragement condition,Social Psychology,social,80.0,0.3605551275463989,280.0,0.1788854381999831,0.1816696893464157,mid,"Köhler effect, motivation, exercise, health, virtual",False,False,SIMULABLE,NOT_SIMULABLE,SIMULABLE,A_dual_confirmed,False,True,obscure,"This narrow finding is a minor sub-effect within Köhler-effect exercise research, unlikely to be tracked or debated outside that specialty.",obscure,"A minor sub-finding on partner-capability perception within Köhler effect research, too niche for either narrative to dominate.",False,,calibrated compressed prompt (finish pass),obscure,review_admitted,False
1092,10.1111/j.1475-4975.2007.00150.x,"LIVENGOOD, J., & MACHERY, E. (2007). The Folk Probably Don’t Think What You Think They Think: Experiments on Causation by Absence. Midwest Studies in Philosophy, 31(1), 107–127. https://doi.org/10.1111/j.1475-4975.2007.00150.x","People do deny some sentences that assert that an absence caused an event. However, people sometimes agree significantly more with sentences asserting that an event e occurred because an absence a obtained than with sentences asserting that a caused the occurrence of e.",Experimental Philosophy,expphil,95.0,0.210196709523022,272.0,0.2740859796379346,-0.0638892701149125,low,causation by absence,False,False,SIMULABLE,SIMULABLE,SIMULABLE,A_dual_confirmed,True,False,obscure,This niche experimental philosophy result on causation-by-absence attitudes has minimal citation traction beyond specialist causal cognition circles.,obscure,"A niche experimental-philosophy finding on causation-by-absence wording effects, too specialized to have entered general researcher awareness either way.",False,,calibrated compressed prompt (finish pass),obscure,confirmed,False
623,10.1257/aer.101.4.1211,"Charness, G., & Dufwenberg, M. (2011). Participation. American Economic Review, 101(4), 1211–1237. https://doi.org/10.1257/aer.101.4.1211",Whether communication achieves beneficial social outcomes in a hidden-information context depends crucially on whether low-talent agents can participate in a Pareto-improving outcome.,Economics,jdm,162.0,0.4184018907267371,264.0,0.409699799389544,0.0087020913371931,low,"communication, collaboration, participation",False,False,NOT_SIMULABLE,NOT_SIMULABLE,,unresolved_uncalibrated_reject,False,False,n/a (not simulable),,n/a (not simulable),,False,calibrated: DV not text-simulable,calibrated compressed prompt (finish pass),n/a,excluded,False
2135,10.1093/jcr/ucx109,"Netemeyer, R. G., Warmath, D., Fernandes, D., & Lynch, J. G. (2017). How Am I Doing? Perceived Financial Well-Being, Its Potential Antecedents, and Its Relation to Overall Well-Being. Journal of Consumer Research, 45(1), 68–89. https://doi.org/10.1093/jcr/ucx109",,marketing/org behavior,marketing,106.0,0.2596034887040906,262.0,0.2177413273386129,0.0418621613654777,low,,False,True,NOT_SIMULABLE,SIMULABLE,,unresolved_uncalibrated_reject,True,True,obscure,"No identifiable effect description or keywords are provided, so no meaningful public or scientific memory can be assessed.",obscure,"No effect description or identifying keywords are given, and the small gap between similar correlations suggests no famous replication failure narrative.",False,,calibrated compressed prompt (finish pass),obscure,confirmed,False
497,10.1016/j.ecresq.2019.10.004,"Zangger, C., & Widmer, J. (2020). Choosing what is best for one’s children? Experimental evidence on parents’ responsiveness to childcare subsidies and their preferences for different childcare arrangements. Early Childhood Research Quarterly, 51, 110–123. https://doi.org/10.1016/j.ecresq.2019.10.004",Social status (ISEI) does not moderate the effect of subsidies on childcare preference.,Economics,jdm,540.0,0.0,250.0,0.0,0.0,low,"Childcare, Preferences, Choice experiment, Subsidies, Families",False,False,NOT_SIMULABLE,NOT_SIMULABLE,,unresolved_uncalibrated_reject,False,False,n/a (not simulable),,n/a (not simulable),,False,calibrated: DV not text-simulable,calibrated compressed prompt (finish pass),n/a,excluded,False
1418,10.1038/s41598-018-31129-7,"Nicholls, M. E. R., Churches, O., & Loetscher, T. (2018). Perception of an ambiguous figure is affected by own-age social biases. Scientific Reports, 8(1). https://doi.org/10.1038/s41598-018-31129-7","Observer’s own age biases subconscious perception of an ambiguous face, causing age estimates to align with the observer’s age group",Social Psychology,social,393.0,0.1895028721427156,246.0,0.228768026856,-0.0392651547132844,low,"Own-age biases, Face perception, Ambiguous figure, Social in-group, Subconscious processing",False,False,SIMULABLE,NOT_SIMULABLE,NOT_SIMULABLE,excluded,False,True,obscure,This niche own-age perceptual bias finding is neither widely cited as established nor known as a failed replication.,obscure,"This is a niche, low-effect-size finding not widely known enough for either a ""classic finding"" or ""failed replication"" narrative to dominate.",False,calibrated: DV not text-simulable,calibrated compressed prompt (finish pass),obscure,excluded,False
1877,10.1177/0146167210386238,"Hansen, J., & Wänke, M. (2010). Truth From Language and Truth From Fit: The Impact of Linguistic Concreteness and Level of Construal on Subjective Truth. Personality and Social Psychology Bulletin, 36(11), 1576–1588. https://doi.org/10.1177/0146167210386238",Concretely worded statements are judged to be more likely to be true than abstract equivalents,Social/cognitive psychology,social,46.0,0.1507570534951567,246.0,0.0364757107043679,0.1142813427907887,mid,"truth judgements, truth effect , concreteness, language , Registered Report",False,False,SIMULABLE,NOT_SIMULABLE,SIMULABLE,A_dual_confirmed,False,True,obscure,A niche concreteness-truth effect with a small original and null-ish Registered Report replication draws little attention beyond specialist literature.,obscure,This concreteness-truth link is too niche and low-profile to have formed any widely shared default association among researchers.,False,,calibrated compressed prompt (finish pass),obscure,review_admitted,False
643,10.1126/science.1211180,"Balafoutas, L., & Sutter, M. (2012). Affirmative Action Policies Promote Women and Do Not Harm Efficiency in the Laboratory. Science, 335(6068), 579–582. https://doi.org/10.1126/science.1211180",Affirmative action policies promote women and do not harm effciency,Social Psychology,social,72.0,0.3030833382230801,243.0,0.146,0.1570833382230801,mid,"Social Science Replication Project, Science, Nature, Human Behavior",False,False,NOT_SIMULABLE,NOT_SIMULABLE,,unresolved_uncalibrated_reject,False,False,n/a (not simulable),,n/a (not simulable),,False,calibrated: DV not text-simulable,calibrated compressed prompt (finish pass),n/a,excluded,False
973,10.1037/0278-7393.34.3.514,"Schmidt, J. R., & Besner, D. (2008). The Stroop effect: Why proportion congruent has nothing to do with congruency and everything to do with contingency. Journal of Experimental Psychology: Learning, Memory, and Cognition, 34(3), 514–523. https://doi.org/10.1037/0278-7393.34.3.514","Stroop effect is larger for words that are presented mostly in congruent colours (e.g., BLUE presented 75% of the time in blue), and smaller for words that are presented mostly in a given incongruent colour (e.g., YELLOW presented 75% of the time in orange).",Cognitive Psychology,cognitive,95.0,0.1949358868961792,242.0,0.1264761304966854,0.0684597563994938,mid,"Attention, Color Perception, Conflict (Psychology), Cues, Discrimination Learning, Humans, Mental Recall, Probability Learning, Reaction Time, Reading, Semantics",False,False,NOT_SIMULABLE,NOT_SIMULABLE,,unresolved_uncalibrated_reject,False,False,n/a (not simulable),,n/a (not simulable),,False,calibrated: DV not text-simulable,calibrated compressed prompt (finish pass),n/a,excluded,False
652,10.1037/0022-3514.77.2.221,"Kruger, J. (1999). Lake Wobegon be gone! The “below-average effect” and the egocentric nature of comparative ability judgments. Journal of Personality and Social Psychology, 77(2), 221–232. https://doi.org/10.1037/0022-3514.77.2.221",people tend to perceive themselves as above average when considering easy abilities; using a mouse,Psychology,psych_general,37.0,-0.96,240.0,-0.85,0.1099999999999999,mid,"CORE, Judgment, Decision Making, JDM, Heuristics, Biases",False,False,NOT_SIMULABLE,NOT_SIMULABLE,,unresolved_uncalibrated_reject,False,False,n/a (not simulable),,n/a (not simulable),,False,calibrated: DV not text-simulable,calibrated compressed prompt (finish pass),n/a,excluded,False
671,10.1037/a0027598,"Slepian, M. L., Masicampo, E. J., Toosi, N. R., & Ambady, N. (2012). The physical burdens of secrecy. Journal of Experimental Psychology: General, 141(4), 619–624. https://doi.org/10.1037/a0027598","the larger the secret, the steeper a hill seemed (replication sample 1)",Social Psychology,social,40.0,0.52,240.0,0.06,0.46,high,"secrets, embodiment, metaphor, perception, action",True,False,NOT_SIMULABLE,SIMULABLE,,A0_calibrated_mandated,True,False,failure_dominates,"This ""secrets are burdens"" hill-slant study is now widely cited in psychology as a textbook embodied-cognition replication failure.",failure_dominates,This embodied-cognition hill-slant effect is a textbook cited example of a famous social psychology finding that collapsed under replication.,False,,"calibrated prompt, A0 anchor-calibration test batch",failure_dominates,confirmed,False
659,10.1037/0096-3445.136.2.241,"Schmeichel, B. J. (2007). Attention control, memory updating, and emotion regulation temporarily reduce the capacity for executive control. Journal of Experimental Psychology: General, 136(2), 241–255. https://doi.org/10.1037/0096-3445.136.2.241","Controlling the focus of visual attention undermines performance on subsequent tests of working memory span, reverse digit span, and response inhibition.",Cognitive Psychology,cognitive,141.0,0.2055172342864138,235.0,-0.1483404529302446,0.0571767813561691,mid,"emotion regulation, executive control, limited resources, self-regulation, working memory",False,False,NOT_SIMULABLE,NOT_SIMULABLE,,unresolved_uncalibrated_reject,False,False,n/a (not simulable),,n/a (not simulable),,False,calibrated: DV not text-simulable,calibrated compressed prompt (finish pass),n/a,excluded,False
100,10.1016/j.jarmac.2021.08.001,"Blank, H., Panday, A., Edwards, R., Skopicz-Radkiewicz, E., Gibson, V., & Reddy, V. (2022). Double misinformation: Effects on eyewitness remembering. Journal of Applied Research in Memory and Cognition, 11(1), 97–105. https://doi.org/10.1016/j.jarmac.2021.08.001",misinformatio aviability correlates with misinformation endorsement,Cognitive Psychology,cognitive,96.0,-0.69,229.0,-0.385,0.3049999999999999,high,"discrepancy detection, eyewitness memory, misinformation availability, misinformation effect",False,False,NOT_SIMULABLE,SIMULABLE,,unresolved_uncalibrated_reject,True,True,obscure,This narrow discrepancy-detection metric within misinformation-effect research lacks broad recognition beyond specialist eyewitness-memory literature.,obscure,"This is a narrow, low-profile parameter within misinformation-effect research, too peripheral to have generated either a famous-finding or famous-failure reputation.",False,,calibrated compressed prompt (finish pass),obscure,confirmed,False
96,10.1016/j.learninstruc.2018.04.006,"Pérez, A., Potocki, A., Stadtler, M., Macedo-Rouet, M., Paul, J., Salmerón, L., & Rouet, J.-F. (2018). Fostering teenagers’ assessment of information reliability: Effects of a classroom intervention focused on critical source dimensions. Learning and Instruction, 58, 53–64. https://doi.org/10.1016/j.learninstruc.2018.04.006",,Education,other,137.0,-0.251242162819184,229.0,0.0432398724283031,0.2080022903908809,mid,"Near ransfer task, group",False,True,SIMULABLE,NOT_SIMULABLE,INSUFFICIENT,excluded,False,True,obscure,"A narrow, poorly-described near-transfer effect with small samples has no visible footprint in mainstream or specialist discourse.",obscure,No named or notable effect is identified; the vague field/keyword tags describe no recognizable finding with any public association.,False,calibrated: DV not text-simulable,calibrated compressed prompt (finish pass),obscure,excluded,False
599,10.1111/j.1467-9280.2007.01909.x,"Birch, S. A. J., & Bloom, P. (2007). The Curse of Knowledge in Reasoning About False Beliefs. Psychological Science, 18(5), 382–386. https://doi.org/10.1111/j.1467-9280.2007.01909.x",curse of knowledge,Cognitive Psychology,cognitive,155.0,0.229690252383138,225.0,0.0460392097390624,0.1836510426440755,mid,"curse of knowledge, false belief, social cognition, reasoning",False,False,SIMULABLE,NOT_SIMULABLE,INSUFFICIENT,excluded,False,True,original_dominates,"Curse of knowledge remains a widely taught, cited concept in psychology/economics; this specific weak replication is largely unknown outside specialists.",original_dominates,Curse of knowledge is widely cited as a robust cognitive bias; its weaker replication is little known outside specialist circles.,False,calibrated: DV not text-simulable,calibrated compressed prompt (finish pass),original_dominates,excluded,False
785,10.1080/02699931.2016.1273201,"Young, S. G., Thorstenson, C. A., & Pazda, A. D. (2016). Facial redness, expression, and masculinity influence perceptions of anger and health. Cognition and Emotion, 32(1), 49–60. https://doi.org/10.1080/02699931.2016.1273201",Facial redness increases perceived anger,Social Psychology,social,40.0,0.3316624790355399,218.0,0.0995037190209989,0.232158760014541,mid,"facial redness, demand characteristics, emotion perception, emotion recognition",False,False,SIMULABLE,NOT_SIMULABLE,SIMULABLE,A_dual_confirmed,False,True,obscure,A niche facial-perception finding with no notable public or scientific footprint; neither the original nor its weak replication is widely cited.,obscure,"Too niche a finding to have built either a ""classic result"" or ""failed replication"" reputation among general researchers.",False,,calibrated compressed prompt (finish pass),obscure,review_admitted,False
758,10.1073/pnas.1805327115,"Klein, N., & O’Brien, E. (2018). People use less information than they think to make up their minds. Proceedings of the National Academy of Sciences, 115(52), 13222–13227. https://doi.org/10.1073/pnas.1805327115","People do not fully appreciate this immediacy of judgment, in-stead assuming that they and others will consider more infor- mation before forming conclusions than they and others actually do. This discrepancy in perceived versus actual information use reveals a general psychological bias that bears particular rele-vance in today’s information age.",Judgment and Decision Making,jdm,207.0,0.5869675714609309,214.0,0.5695945778086944,0.0173729936522365,low,"tipping point, change, self-insight, judgment, information processing",False,False,SIMULABLE,SIMULABLE,SIMULABLE,A_dual_confirmed,True,False,obscure,Niche JDM finding on self-insight into judgment immediacy with minimal citation footprint and no notable replication gap to spark discourse.,obscure,"This is a niche, minimally-known finding with no widely shared name or narrative, so no default association has formed.",False,,calibrated compressed prompt (finish pass),obscure,confirmed,False
392,10.1016/j.jesp.2018.05.006,"Reis, H. T., Lee, K. Y., O’Keefe, S. D., & Clark, M. S. (2018). Perceived partner responsiveness promotes intellectual humility. Journal of Experimental Social Psychology, 79, 21–33. https://doi.org/10.1016/j.jesp.2018.05.006",Responsive conditions increase global focus,Social Psychology,social,350.0,0.1833387858340378,208.0,-0.0960537978895377,0.0872849879445,mid,"Intellectual Humility, Self-Serving Bias, Perceived Partner Responsiveness, Interpersonal Affirmation, global-local visual processing task, self-affirmation",False,False,NOT_SIMULABLE,NOT_SIMULABLE,,unresolved_uncalibrated_reject,False,False,n/a (not simulable),,n/a (not simulable),,False,calibrated: DV not text-simulable,calibrated compressed prompt (finish pass),n/a,excluded,False
1963,10.1037/a0020092,"Piff, P. K., Kraus, M. W., Côté, S., Cheng, B. H., & Keltner, D. (2010). Having less, giving more: The influence of social class on prosocial behavior. Journal of Personality and Social Psychology, 99(5), 771–784. https://doi.org/10.1037/a0020092",,,other,81.0,0.2561582384877227,200.0,-0.1771529983152651,0.0790052401724575,mid,,False,True,SIMULABLE,NOT_SIMULABLE,INSUFFICIENT,excluded,False,True,obscure,"No identifying details are given, so this effect cannot have meaningful currency in any record.",obscure,"No description, field, or keywords are given, so no specific effect can be identified or associated with either narrative.",False,calibrated: DV not text-simulable,calibrated compressed prompt (finish pass),obscure,excluded,False
1138,10.1016/j.cognition.2015.01.013,"Kominsky, J. F., Phillips, J., Gerstenberg, T., Lagnado, D., & Knobe, J. (2015). Causal superseding. Cognition, 137, 196–209. https://doi.org/10.1016/j.cognition.2015.01.013","norm violations also affect the causality attributed to other agents, a phenomenon we refer to as ‘‘causal superseding.’’",Experimental Philosophy,expphil,60.0,0.2731961693233893,200.0,0.2785244502458322,-0.0053282809224428,low,"Causal reasoning, Counterfactuals, Morality, Superseding",False,False,NOT_SIMULABLE,SIMULABLE,,unresolved_uncalibrated_reject,True,True,obscure,"A niche experimental-philosophy effect with near-identical replication, but neither version has drawn broad citation or public attention.",obscure,"A niche x-phi effect with no replication failure narrative; original and replication agree, and it's too peripheral for wide recognition.",False,,calibrated compressed prompt (finish pass),obscure,confirmed,False
1835,10.1177/0956797610383437,"Carney, D. R., Cuddy, A. J. C., & Yap, A. J. (2010). Power Posing. Psychological Science, 21(10), 1363–1368. https://doi.org/10.1177/0956797610383437",Power posing decreases cortisol levels,Social Psychology,social,40.0,0.43,200.0,-0.0782592438176975,0.3517407561823025,high,"cortisol, embodiment, hormones, neuroendocrinology, nonverbal behavior, power, risk taking, testosterone",False,False,NOT_SIMULABLE,NOT_SIMULABLE,,unresolved_uncalibrated_reject,False,False,n/a (not simulable),,n/a (not simulable),,False,calibrated: DV not text-simulable,calibrated compressed prompt (finish pass),n/a,excluded,False
533,10.1086/511799,"Correll, S. J., Benard, S., & Paik, I. (2007). Getting a Job: Is There a Motherhood Penalty? American Journal of Sociology, 112(5), 1297–1339. https://doi.org/10.1086/511799",Mothers were judged as significantly less competent,Psychology,psych_general,94.0,0.3909112646207652,198.0,0.0354409589117305,0.3554703057090347,high,"Motherhood penalty, workplace discrimination, wage gap, competence bias, hiring bias",False,False,SIMULABLE,NOT_SIMULABLE,SIMULABLE,A_dual_confirmed,False,True,original_dominates,The motherhood penalty/competence bias finding remains widely cited in discrimination and wage-gap literature; this specific weak replication is barely known.,original_dominates,The motherhood penalty/competence bias finding is widely cited in discrimination discourse; its replication failure remains largely unknown outside specialists.,False,,calibrated compressed prompt (finish pass),original_dominates,review_admitted,False
1655,10.1057/s41599-019-0279-9,"Roozenbeek, J., & van der Linden, S. (2019). Fake news game confers psychological resistance against online misinformation. Palgrave Communications, 5(1). https://doi.org/10.1057/s41599-019-0279-9",Fake news game confers psychological resistance against online misinformation,Experimental Philosophy,expphil,13564.0,0.5196152422706632,197.0,0.282842712474619,0.2367725297960442,mid,"fake news, misinformation, inoculation theory, online game, media literacy, prebunking, psychological resistance",False,False,SIMULABLE,NOT_SIMULABLE,SIMULABLE,A_dual_confirmed,False,True,original_dominates,"The ""Bad News"" inoculation game remains widely cited/taught as prebunking success; its smaller replication is little known outside specialists.",obscure,"A niche prebunking-game finding too specific and recent to have formed a widely shared ""classic"" narrative either way.",True,,calibrated compressed prompt (finish pass),DISAGREE,review_admitted,True
455,10.1037/xge0000738,"Stavrova, O., Ehlebracht, D., & Vohs, K. D. (2020). Victims, perpetrators, or both? The vicious cycle of disrespect and cynical beliefs about human nature. Journal of Experimental Psychology: General, 149(9), 1736–1754. https://doi.org/10.1037/xge0000738",Participants exposed to a disrespect condition reported higher levels of cynicism,Social Psychology,social,223.0,0.196116135138184,194.0,0.0727480939540752,0.1233680411841087,mid,"Bidirectional effects, cynicism, disrespect, hostility",False,False,SIMULABLE,NOT_SIMULABLE,SIMULABLE,A_dual_confirmed,False,True,obscure,"A narrow, small-effect social-psychology finding with modest N; neither the original nor its replication has entered broader scientific or public awareness.",obscure,"This is a narrow, low-profile finding lacking the fame needed for either a ""classic"" or ""failed replication"" reputation.",False,,calibrated compressed prompt (finish pass),obscure,review_admitted,False
1513,10.1177/1948550609360261,"Carter, N. L., & Mark Weber, J. (2010). Not Pollyannas. Social Psychological and Personality Science, 1(3), 274–279. https://doi.org/10.1177/1948550609360261",generalized trust predicts deception detection accuracy,Social Psychology,social,29.0,0.49,193.0,-0.02,0.47,high,"trust, lie detection, signal detection theory, bias, deception",False,False,SIMULABLE,NOT_SIMULABLE,NOT_SIMULABLE,excluded,False,True,obscure,This niche trust–lie-detection correlation and its null replication both remain largely unnoticed outside specialist deception-research circles.,obscure,Niche trust–lie-detection correlation lacks broad recognition; too specialized for either the finding or its failure to be a default association.,False,calibrated: DV not text-simulable,calibrated compressed prompt (finish pass),obscure,excluded,False
579,10.1287/orsc.2021.1456,"Kacperczyk, O., & Younkin, P. (2022). A Founding Penalty: Evidence from an Audit Study on Gender, Entrepreneurship, and Future Employment. Organization Science, 33(2), 716–745. https://doi.org/10.1287/orsc.2021.1456","A founding penalty: evidence from an audit study on gender, entrepreneurship, and future employment",Economics,jdm,413.0,0.1003645657555172,188.0,-0.0636988626424997,0.0366657031130175,low,"entrepreneurship, gender inequality, field study",False,False,NOT_SIMULABLE,NOT_SIMULABLE,,unresolved_uncalibrated_reject,False,False,n/a (not simulable),,n/a (not simulable),,False,calibrated: DV not text-simulable,calibrated compressed prompt (finish pass),n/a,excluded,False
1687,10.1037/h0055756,"Asch, S. E. (1946). Forming impressions of personality. The Journal of Abnormal and Social Psychology, 41(3), 258–290. https://doi.org/10.1037/h0055756","including ""warm"" vs ""cold"" in a list of character qualities leads to assumptions of different secondary character qualitties",Social Psychology,social,166.0,0.2526843663561895,183.0,-0.2207329263621315,0.031951439994058,low,"first impressions, personality",True,False,SIMULABLE,SIMULABLE,SIMULABLE,A_dual_confirmed_A0,True,False,original_dominates,Asch's warm-cold central traits study remains a classic textbook staple; the weak/negative replication is barely known outside specialists.,failure_dominates,"Asch's warm/cold trait study is a textbook classic now widely cited as an example of weak, non-replicating impression-formation research.",True,,"calibrated prompt, A0 anchor-calibration test batch",DISAGREE,confirmed,True
287,10.1111/psyp.12132,"Meyer, A., Riesel, A., & Proudfit, G. H. (2013). Reliability of the<scp>ERN</scp>across multiple tasks as a function of increasing errors. Psychophysiology, 50(12), 1220–1225. Portico. https://doi.org/10.1111/psyp.12132",Flanker Task,Cognitive Psychology,cognitive,43.0,0.3470088817920543,182.0,0.1579905011066728,0.1890183806853814,mid,"Anxiety, Individual differences, EEG/ERP, Psychometrics, Error-related negativity, Error processing",False,False,NOT_SIMULABLE,NOT_SIMULABLE,,unresolved_uncalibrated_reject,False,False,n/a (not simulable),,n/a (not simulable),,False,calibrated: DV not text-simulable,calibrated compressed prompt (finish pass),n/a,excluded,False
1022,10.1037/0022-3514.94.4.672,"Stanovich, K. E., & West, R. F. (2008). On the relative independence of thinking biases and cognitive ability. Journal of Personality and Social Psychology, 94(4), 672–695. https://doi.org/10.1037/0022-3514.94.4.672",Participants who answered correctly were more often of higher cognitive ability (measured via SAT scores),Social Psychology,social,375.0,0.2393359268518111,177.0,0.0747899482416342,0.1645459786101769,mid,"Thinking biases, heuristics and biases, intelligence, cognitive ability",False,False,SIMULABLE,NOT_SIMULABLE,NOT_SIMULABLE,excluded,False,True,obscure,This narrow individual-differences correlation in heuristics research draws little citation or public attention either way.,obscure,A niche correlational finding on cognitive ability and heuristics tasks is too specific to have entered common discourse.,False,calibrated: DV not text-simulable,calibrated compressed prompt (finish pass),obscure,excluded,False
947,10.1111/j.1467-9280.2008.02089.x,"Armor, D. A., Massey, C., & Sackett, A. M. (2008). Prescribed Optimism: Is It Right to Be Wrong About the Future? Psychological Science, 19(4), 329–331. https://doi.org/10.1111/j.1467-9280.2008.02089.x",Participants are most likely to recommend optimisitic predictions,Social Psychology,social,125.0,0.4216440631699864,177.0,0.5081488619782859,-0.0865047988082994,low,"Affect, Attitude, Coercion, Forecasting, Humans, Time Perception, predictions",False,False,SIMULABLE,NOT_SIMULABLE,SIMULABLE,A_dual_confirmed,False,True,obscure,This niche forecasting-optimism effect and its replication show no evidence of broad recognition beyond a narrow specialty.,obscure,"Niche finding on optimistic prediction recommendations lacks broad recognition, and replication here actually strengthened, not weakened, the effect.",False,,calibrated compressed prompt (finish pass),obscure,review_admitted,False
952,10.1111/j.1467-9280.2008.02077.x,"Masicampo, E. J., & Baumeister, R. F. (2008). Toward a Physiology of Dual-Process Reasoning and Judgment: Lemonade, Willpower, and Expensive Rule-Based Analysis. Psychological Science, 19(3), 255–260. https://doi.org/10.1111/j.1467-9280.2008.02077.x","The attraction effect was larger in the depletion with placebo group than among participants in the other three groups (depletion with sugar, no depletion with sugar, no depletion with placebo)",Social Psychology,social,115.0,0.2121320343559642,166.0,0.0447213595499957,0.1674106748059684,mid,"Adult, Association, Attention [physiology], Beverages, Blood Glucose [metabolism], Brain [physiology], Female, Humans, Inhibition (Psychology), Interpersonal Relations, Intuition [physiology], Judgment [physiology], Logic, Male, Motivation, Physical Exertion [physiology], Problem Solving [physiology], Set (Psychology)",False,False,NOT_SIMULABLE,NOT_SIMULABLE,,unresolved_uncalibrated_reject,False,False,n/a (not simulable),,n/a (not simulable),,False,calibrated: DV not text-simulable,calibrated compressed prompt (finish pass),n/a,excluded,False
32,10.1016/j.obhdp.2004.12.002,"Mussweiler, T., & Englich, B. (2005). Subliminal anchoring: Judgmental consequences and underlying mechanisms. Organizational Behavior and Human Decision Processes, 98(2), 133–143. https://doi.org/10.1016/j.obhdp.2004.12.002","Subliminally presented numerical anchors influence judgment, causing estimates to shift toward the anchor values without participants being consciously aware of the anchors.",Social Psychology,social,41.0,0.31,165.0,-0.0737982163483143,0.2362017836516856,mid,Anchoring; Heuristics; Comparison; Selective accessibility; Assimilation,False,False,SIMULABLE,NOT_SIMULABLE,NOT_SIMULABLE,excluded,False,True,obscure,Subliminal anchoring is a niche finding rarely taught or cited widely; its replication failure is known mostly to specialists.,obscure,"Subliminal anchoring is a niche variant of standard anchoring; too peripheral for either a ""classic finding"" or ""failed replication"" narrative to dominate.",False,calibrated: DV not text-simulable,calibrated compressed prompt (finish pass),obscure,excluded,False
2054,10.1037/pspa0000093,"Bhattacharjee, A., Dana, J., & Baron, J. (2017). Anti-profit beliefs: How people neglect the societal benefits of profit. Journal of Personality and Social Psychology, 113(5), 671–696. https://doi.org/10.1037/pspa0000093",,psychology,psych_general,198.0,0.1675954939338689,163.0,0.1860999769017632,-0.0185044829678943,low,,False,True,SIMULABLE,SIMULABLE,INSUFFICIENT,excluded,False,False,obscure,"With no effect description or field detail provided and a negligible gap, there's no basis for a specific claim.",obscure,"No effect description or keywords are given, and the replication gap is negligible, so no identifiable default association can exist.",False,round2 veto: NOT_SIMULABLE/INSUFFICIENT,calibrated compressed prompt (finish pass),obscure,excluded,False
1351,10.1016/j.cognition.2009.02.001,"Greene, J. D., Cushman, F. A., Stewart, L. E., Lowenberg, K., Nystrom, L. E., & Cohen, J. D. (2009). Pushing moral buttons: The interaction between personal force and intention in moral judgment. Cognition, 111(3), 364–371. https://doi.org/10.1016/j.cognition.2009.02.001",Sacrificing one life to save five using personal force is less morally acceptable than doing so without personal force,Cognitive Psychology,cognitive,419.0,0.196116135138184,160.0,-0.1819131996109811,0.0142029355272028,low,"moral dilemmas, moral acceptability, personal force, physical contact,",False,False,SIMULABLE,NOT_SIMULABLE,SIMULABLE,A_dual_confirmed,False,True,original_dominates,The personal-force effect on trolley-style dilemmas remains a textbook moral psychology finding; this niche replication is barely cited.,original_dominates,"The footbridge-vs-switch ""personal force"" distinction is a textbook trolley-problem finding; its replication issues aren't widely known.",False,,calibrated compressed prompt (finish pass),original_dominates,review_admitted,False
1529,10.1177/0956797611402514,"Helzer, E. G., & Pizarro, D. A. (2011). Dirty Liberals! Psychological Science, 22(4), 517–522. https://doi.org/10.1177/0956797611402514",Individuals in a public setting who were given a reminder of physical cleansing reported being more politically conservative than did individuals who were not given such a reminder (R2).,Political Psychology,social,52.0,0.4065622681231995,160.0,-0.029986509105671,0.3765757590175285,high,"morality, social cognition, priming",False,False,SIMULABLE,NOT_SIMULABLE,SIMULABLE,A_dual_confirmed,False,True,failure_dominates,"This cleanliness-conservatism priming study is now a textbook replication-crisis example, widely cited as a cautionary failed social-priming finding.",obscure,"A niche cleansing-priming political conservatism study; too peripheral for either ""classic finding"" or ""failed replication"" narrative to dominate.",True,,calibrated compressed prompt (finish pass),DISAGREE,review_admitted,True
445,10.1177/0956797616662271,"Sloman, S. A., & Rabb, N. (2016). Your Understanding Is My Understanding. Psychological Science, 27(11), 1451–1460. https://doi.org/10.1177/0956797616662271",Participants' ratings of understanding differ significantly across conditions,Cognitive Psychology,cognitive,106.0,0.2258317958127242,158.0,0.2426594321265917,-0.0168276363138674,low,"Cognitive processes, knowledge level, judgment, monitoring, open data, open materials",False,False,SIMULABLE,NOT_SIMULABLE,SIMULABLE,A_dual_confirmed,False,True,obscure,"Near-identical effect sizes with no notable gap suggest a minor, non-controversial finding lacking broad recognition either way.",obscure,"Generic, unnamed effect with tiny effect sizes and no distinguishing framing; too nondescript to have entered common disciplinary memory.",False,,calibrated compressed prompt (finish pass),obscure,review_admitted,False
942,10.1111/j.1467-9280.2008.02078.x,"Eitam, B., Hassin, R. R., & Schul, Y. (2008). Nonconscious Goal Pursuit in Novel Environments. Psychological Science, 19(3), 261–267. https://doi.org/10.1111/j.1467-9280.2008.02078.x",goal primed participants learned more than participants in the control group,Social Psychology,social,86.0,0.2195121951219512,158.0,-0.1044259300039955,0.1150862651179557,mid,"Achievement, Awareness, Cues, Goals, Humans, Mental Recall, Motivation, Orientation, Pattern Recognition, Visual, Problem Solving, Reaction Time, Serial Learning, Social Environment, Unconscious (Psychology), Verbal Learning",False,False,NOT_SIMULABLE,NOT_SIMULABLE,,unresolved_uncalibrated_reject,False,False,n/a (not simulable),,n/a (not simulable),,False,calibrated: DV not text-simulable,calibrated compressed prompt (finish pass),n/a,excluded,False
340,10.1037/xge0000064,"O’Brien, E. (2015). Mapping out past and future minds: The perceived trajectory of rationality versus emotionality over time. Journal of Experimental Psychology: General, 144(3), 624–638. https://doi.org/10.1037/xge0000064",,Social Psychology,social,224.0,0.2,148.0,0.0632455532033675,0.1367544467966324,mid,Study 4,False,True,SIMULABLE,SIMULABLE,INSUFFICIENT,excluded,False,False,obscure,No identifiable effect or description exists to assess; insufficient information to place it in any circulating narrative.,obscure,"No effect name or description is given, just a generic labeled sub-study, so no shared default association can exist.",False,round2 veto: NOT_SIMULABLE/INSUFFICIENT,calibrated compressed prompt (finish pass),obscure,excluded,False
1070,10.3758/s13414-020-02150-8,"Ulrich, R., Prislan, L., & Miller, J. (2020). A bimodal extension of the Eriksen flanker task. Attention, Perception, &amp; Psychophysics, 83(2), 790–799. https://doi.org/10.3758/s13414-020-02150-8","For auditory flankers, correct responses are significantly faster in the perceptual-congruent condition than in the response-congruent and incongruent conditions, with no difference in response times between the latter two conditions.",Cognitive Psychology,cognitive,34.0,0.7549834435270749,147.0,0.6082762530298219,0.146707190497253,mid,"Flanker task, congruency, bimodal, interference effect, facilitation effect, bimodal stimulation, conflict tasks, Eriksen flanker task, auditory flankers",False,False,NOT_SIMULABLE,NOT_SIMULABLE,,unresolved_uncalibrated_reject,False,False,n/a (not simulable),,n/a (not simulable),,False,calibrated: DV not text-simulable,calibrated compressed prompt (finish pass),n/a,excluded,False
560,10.1037/a0031047,"Gray, K., Ward, A. F., & Norton, M. I. (2014). Paying it forward: Generalized reciprocity and the limits of generosity. Journal of Experimental Psychology: General, 143(1), 247–254. https://doi.org/10.1037/a0031047",generalized reciprocity and the limits of generosity,Social Psychology,social,165.0,0.2029198624820486,145.0,-0.0434114459582012,0.1595084165238474,mid,"morality, gratitude, evolution, victims, altruism",False,False,SIMULABLE,SIMULABLE,INSUFFICIENT,excluded,False,False,obscure,This niche effect and its replication both lack broad citation or public recognition beyond specialist gratitude/reciprocity researchers.,obscure,"This is a narrow, low-profile finding lacking the fame needed for either a ""classic result"" or ""failed replication"" reputation to form.",False,round2 veto: NOT_SIMULABLE/INSUFFICIENT,calibrated compressed prompt (finish pass),obscure,excluded,False
944,10.1111/j.1467-9280.2008.02092.x,"Farris, C., Treat, T. A., Viken, R. J., & McFall, R. M. (2008). Perceptual Mechanisms That Characterize Gender Differences in Decoding Women’s Sexual Intent. Psychological Science, 19(4), 348–354. https://doi.org/10.1111/j.1467-9280.2008.02092.x","male participants were less sensitive to the distinction between friendliness and sexual interest than women, suggesting that gender differences are due to perceptual insensitivity in men",Social Psychology,social,280.0,0.5099019513592785,144.0,0.0894427190999915,0.4204592322592869,high,"Adult, Decision Making, Female, Humans, Intention, Male, Models, Psychological, Pilot Projects, Sex Factors, Sexual Behavior, Social Perception",False,False,SIMULABLE,NOT_SIMULABLE,NOT_SIMULABLE,excluded,False,True,original_dominates,"The ""men misread friendliness as sexual interest"" claim remains widely cited/taught; this specific weak replication is little known outside specialists.",obscure,"A niche specific finding within sexual-perception misjudgment research, too narrow to have entered common discourse either way.",True,calibrated: DV not text-simulable,calibrated compressed prompt (finish pass),DISAGREE,excluded,True
1692,10.1007/s11002-014-9295-0,"Dogerlioglu-Demir, K., & Koçaş, C. (2014). Seemingly incidental anchoring: the effect of incidental environmental anchors on consumers’ willingness to pay. Marketing Letters, 26(4), 607–618. https://doi.org/10.1007/s11002-014-9295-0",numerical anchoring in business name increases price estimations,Cognitive Psychology,cognitive,58.0,0.2606658522907645,144.0,0.0549170007571354,0.2057488515336291,mid,anchoring; bias; judgment; consumer price estimations,False,False,NOT_SIMULABLE,SIMULABLE,,unresolved_uncalibrated_reject,True,True,obscure,This niche business-name-anchoring finding is barely cited; neither the original nor its replication has notable traction beyond specialists.,obscure,"This is a niche applied-anchoring study; anchoring generally is famous, but this specific business-name effect never entered common discourse.",False,,calibrated compressed prompt (finish pass),obscure,confirmed,False
414,10.1177/0956797614558718,"Schaerer, M., Swaab, R. I., & Galinsky, A. D. (2014). Anchors Weigh More Than Power. Psychological Science, 26(2), 170–181. https://doi.org/10.1177/0956797614558718",Negotiators with a weak BATNA made significantly lower first offers than those with no alternative,Social Psychology,social,288.0,0.3552177606235726,143.0,0.4347447051746519,-0.0795269445510793,low,"Negotiation, power, alternatives, first offer, anchoring, negotiator focus",False,False,NOT_SIMULABLE,NOT_SIMULABLE,,unresolved_uncalibrated_reject,False,False,n/a (not simulable),,n/a (not simulable),,False,calibrated: DV not text-simulable,calibrated compressed prompt (finish pass),n/a,excluded,False
1030,10.1037/0022-3514.94.3.382,"Fischer, P., Greitemeyer, T., & Frey, D. (2008). Self-regulation and selective exposure: The impact of depleted self-regulation resources on confirmatory information processing. Journal of Personality and Social Psychology, 94(3), 382–395. https://doi.org/10.1037/0022-3514.94.3.382",Reduced self regulation resources are associated with increased biases in confirmatory information processing,Social Psychology,social,85.0,0.3,140.0,0.1,0.1999999999999999,mid,"Self-regulation, depletion of self-regulation resources, confirmatory information processing, selective exposure, decision making, ego, internal-external control, , motivation, self concept",False,False,SIMULABLE,NOT_SIMULABLE,SIMULABLE,A_dual_confirmed,False,True,obscure,"This narrow ego-depletion/confirmation-bias finding is largely unknown outside specialist literature, with neither version widely cited.",obscure,"This is a niche ego-depletion/selective-exposure finding, too specific and peripheral for either narrative to have become a default association.",False,,calibrated compressed prompt (finish pass),obscure,review_admitted,False
1701,10.1111/j.1467-9280.2008.02072.x,"Crosby, J. R., Monin, B., & Richardson, D. (2008). Where Do We Look During Potentially Offensive Behavior? Psychological Science, 19(3), 226–228. https://doi.org/10.1111/j.1467-9280.2008.02072.x","When a White man made a potentially offensive comment in the presence of a Black man, participants would look at the Black man for a longer period of time if he could hear the comment than if he could not",Social Psychology,social,25.0,0.4242640687119285,140.0,0.15,0.2742640687119285,high,"African Continental Ancestry Group, Association, Attention, European Continental Ancestry Group, Eye Movements, Fixation, Ocular, Interpersonal Relations, Orientation, Prejudice, Social Identification, social referencing, association hypothesis, offensive comment",False,False,NOT_SIMULABLE,NOT_SIMULABLE,,unresolved_uncalibrated_reject,False,False,n/a (not simulable),,n/a (not simulable),,False,calibrated: DV not text-simulable,calibrated compressed prompt (finish pass),n/a,excluded,False
847,10.1002/soej.12223,"Chowdhury, S. M., Jeon, J. Y., & Saha, B. (2017). Gender Differences in the Giving and Taking Variants of the Dictator Game. Southern Economic Journal, 84(2), 474–483. Portico. https://doi.org/10.1002/soej.12223",,Economics,jdm,140.0,-0.0154981383979307,137.0,0.2008236202156156,-0.1853254818176849,low,"dictator game, gender differences",False,True,SIMULABLE,NOT_SIMULABLE,INSUFFICIENT,excluded,False,True,obscure,A minor gender-difference finding in dictator games with reversed sign; too niche to be widely cited or debated.,obscure,A minor gender-difference correlation in dictator games is too niche to carry any widely shared narrative either way.,False,calibrated: DV not text-simulable,calibrated compressed prompt (finish pass),obscure,excluded,False
1517,10.1073/pnas.1908369116,"Soroka, S., Fournier, P., & Nir, L. (2019). Cross-national evidence of a negativity bias in psychophysiological reactions to news. Proceedings of the National Academy of Sciences, 116(38), 18888–18892. https://doi.org/10.1073/pnas.1908369116",Negative News Increases Arousal and Negative Affect,Communication Science,other,132.0,0.38,136.0,0.35,0.03,low,"news, negativity bias, arousal, affect, psychophysiology, replication",False,False,NOT_SIMULABLE,NOT_SIMULABLE,,unresolved_uncalibrated_reject,False,False,n/a (not simulable),,n/a (not simulable),,False,calibrated: DV not text-simulable,calibrated compressed prompt (finish pass),n/a,excluded,False
1018,10.1037/0022-3514.94.3.495,"Exline, J. J., Baumeister, R. F., Zell, A. L., Kraft, A. J., & Witvliet, C. V. O. (2008). Not so innocent: Does seeing one’s own capability for wrongdoing predict forgiveness? Journal of Personality and Social Psychology, 94(3), 495–515. https://doi.org/10.1037/0022-3514.94.3.495","When not primed with capability– empathy items, men reported more vengefulness than women, but when capability– empathy items preceded the TRIM, men’s vengefulness scores were significantly reduced",Social Psychology,social,45.0,0.2449489742783178,135.0,0.0316227766016837,0.213326197676634,mid,"Forgiveness, vengefulness, humility, empathy, gender",False,False,NOT_SIMULABLE,NOT_SIMULABLE,,unresolved_uncalibrated_reject,False,False,n/a (not simulable),,n/a (not simulable),,False,calibrated: DV not text-simulable,calibrated compressed prompt (finish pass),n/a,excluded,False
769,10.1073/pnas.1606574113,"Cooney, G., Gilbert, D. T., & Wilson, T. D. (2016). When fairness matters less than we expect. Proceedings of the National Academy of Sciences, 113(40), 11168–11171. https://doi.org/10.1073/pnas.1606574113","in a series of experiments, we show that those to whom resources are allocated often care less about fairness than those who allocate the resources expect them to. This “allocator’s illusion” results from the fact that fairness seems more important before an allocation is made (when al-locators are choosing a procedure) than afterward (when re-ceivers are reacting to the procedure that allocators chose).",Social Psychology,social,120.0,0.565685424949238,132.0,0.1211020870614431,0.4445833378877948,high,"fairness, affective forecasting, decision-making",True,False,SIMULABLE,SIMULABLE,SIMULABLE,A_dual_confirmed_A0,True,False,obscure,"This niche ""allocator's illusion"" fairness-forecasting effect has little citation traction, with neither the original nor its replication broadly discussed.",obscure,"A niche ""allocator's illusion"" fairness-forecasting effect too specific and low-profile for either narrative to be widely known.",False,,"calibrated prompt, A0 anchor-calibration test batch",obscure,confirmed,False
597,10.1177/0956797611428079,"Livingston, R. W., Rosette, A. S., & Washington, E. F. (2012). Can an Agentic Black Woman Get Ahead? The Impact of Race and Interpersonal Dominance on Perceptions of Female Leaders. Psychological Science, 23(4), 354–358. https://doi.org/10.1177/0956797611428079",impact of race and interpersonal dominance on perceptions of female leaders,Social Psychology,social,84.0,0.3605551275463989,131.0,0.0559926047538562,0.3045625227925427,high,"prejudice, racial and ethnic attitudes and relations",False,False,SIMULABLE,NOT_SIMULABLE,INSUFFICIENT,excluded,False,True,obscure,A narrow social-psychology finding with no broad citation traction; neither the original nor its replication is widely known outside specialists.,obscure,Too specific and low-profile a finding to have entered common knowledge as either a landmark result or a famous failed replication.,False,calibrated: DV not text-simulable,calibrated compressed prompt (finish pass),obscure,excluded,False
1523,10.1016/j.actpsy.2019.04.006,"Gladwin, T. E., & Figner, B. (2019). Trial-to-trial carryover effects on spatial attentional bias. Acta Psychologica, 196, 51–55. https://doi.org/10.1016/j.actpsy.2019.04.006",Dependence of the bias on the current trial on the location of probe stimuli on the previous trial.,Cognitive Psychology,cognitive,144.0,0.6244997998398398,131.0,0.5744562646538028,0.0500435351860369,mid,"Carryover, Visual probe, Colour, Threat, Attentional bias, Spatial attention",False,False,SIMULABLE,NOT_SIMULABLE,NOT_SIMULABLE,excluded,False,True,obscure,This methodological carryover effect is a narrow technical detail known only within attentional-bias-task methodology specialists.,obscure,"This is a niche methodological/carryover effect within attentional-bias probe research, too specific to have any common public association.",False,calibrated: DV not text-simulable,calibrated compressed prompt (finish pass),obscure,excluded,False
374,10.1177/0956797615612202,"Porter, S. C., Rheinschmidt-Same, M., & Richeson, J. A. (2015). Inferring Identity From Language. Psychological Science, 27(1), 94–102. https://doi.org/10.1177/0956797615612202",Participants who received favorable information about Peter perceived him as more likely to act helpfully,Social Psychology,social,145.0,0.2696299255199709,128.0,0.4559605246071199,-0.186330599087149,low,"Social cognition, social perception, attitudes, intergroup dynamics, language, open data",False,False,SIMULABLE,NOT_SIMULABLE,SIMULABLE,A_dual_confirmed,False,True,obscure,"This appears to be a minor, non-famous social cognition study; replication effect is stronger, not weaker, so little public discourse exists.",obscure,"This is a generic, low-profile vignette finding with no distinctive name or notoriety driving a shared cultural association.",False,,calibrated compressed prompt (finish pass),obscure,review_admitted,False
614,10.1257/aer.102.2.720,"Fudenberg, D., Rand, D. G., & Dreber, A. (2012). Slow to Anger and Fast to Forgive: Cooperation in an Uncertain World. American Economic Review, 102(2), 720–749. https://doi.org/10.1257/aer.102.2.720",Subjects cooperate more when game has cooperative equilibria - and benefit from being lenient and forgiving to some extent,Economics,jdm,124.0,-0.3378045997473434,128.0,0.33,0.0078045997473433,low,"prisoner's dilemma, cooperation, forgiveness",False,False,NOT_SIMULABLE,NOT_SIMULABLE,,unresolved_uncalibrated_reject,False,False,n/a (not simulable),,n/a (not simulable),,False,calibrated: DV not text-simulable,calibrated compressed prompt (finish pass),n/a,excluded,False
592,10.1177/0956797615572231,"Lewis, N. A., & Oyserman, D. (2015). When Does the Future Begin? Time Metrics Matter, Connecting Present and Future Selves. Psychological Science, 26(6), 816–825. https://doi.org/10.1177/0956797615572231","Time metrics matter, connecting present and future selves",Social Psychology,social,122.0,0.2453942104433814,126.0,0.0932319909870657,0.1521622194563157,mid,"motivation, future, judgment, time, situated cognition, open materials",False,False,NOT_SIMULABLE,NOT_SIMULABLE,,unresolved_uncalibrated_reject,False,False,n/a (not simulable),,n/a (not simulable),,False,calibrated: DV not text-simulable,calibrated compressed prompt (finish pass),n/a,excluded,False
967,10.1111/j.1467-9280.2008.02084.x,"Williams, L. E., & Bargh, J. A. (2008). Keeping One’s Distance. Psychological Science, 19(3), 302–308. https://doi.org/10.1111/j.1467-9280.2008.02084.x","When people are primed with a sense of spatial distance, rather than closeness, they report weaker bonds to their siblings, parents, and hometown",Social Psychology,social,84.0,0.3316624790355399,125.0,0.0,0.3316624790355399,high,"Adult, Affect, Cues, Culture, Dangerous Behavior, Energy Intake, Female, Food Habits [psychology], Humans, Judgment, Male, Object Attachment, Personal Space, Reading, Self-Assessment, Social Facilitation, Social Perception, Violence [psychology]",False,False,SIMULABLE,NOT_SIMULABLE,SIMULABLE,A_dual_confirmed,False,True,obscure,A niche priming study with no evident cultural or scientific footprint; neither the original claim nor its failure is widely known.,obscure,This niche spatial-priming/family-bonds effect never entered common discourse enough to be remembered as either a classic finding or a famous failure.,False,,calibrated compressed prompt (finish pass),obscure,review_admitted,False
415,10.1177/0956797615573516,"Scopelliti, I., Loewenstein, G., & Vosgerau, J. (2015). You Call It “Self-Exuberance”; I Call It “Bragging.” Psychological Science, 26(6), 903–914. https://doi.org/10.1177/0956797615573516",Condition does not independently affect emotional ratings,Social Psychology,social,154.0,0.2252948577076705,124.0,-0.0290052304815362,0.1962896272261342,mid,"Social interaction, emotions, interpersonal relationships, judgment, social behavior, open data, open materials",False,False,SIMULABLE,SIMULABLE,SIMULABLE,A_dual_confirmed,True,False,obscure,"A null/small effect on a specific interaction study, this narrow finding has no wide recognition in either direction.",obscure,"This reads as a niche, non-headline finding from a broad social-behavior dataset, lacking the fame needed for either narrative to stick.",False,,calibrated compressed prompt (finish pass),obscure,confirmed,False
1973,10.1177/0956797609359908,"Savani, K., Markus, H. R., Naidu, N. V. R., Kumar, S., & Berlia, N. (2010). What Counts as a Choice? Psychological Science, 21(3), 391–398. https://doi.org/10.1177/0956797609359908",,Social Psychology,social,128.0,0.122535769104656,122.0,-0.0149983127847122,0.1075374563199438,mid,"Choice, construal, action identification, culture, India",False,True,NOT_SIMULABLE,NOT_SIMULABLE,,unresolved_uncalibrated_reject,False,False,n/a (not simulable),,n/a (not simulable),,False,calibrated: DV not text-simulable,calibrated compressed prompt (finish pass),n/a,excluded,False
1352,10.1037/0096-3445.135.4.641,"Wakslak, C. J., Trope, Y., Liberman, N., & Alony, R. (2006). Seeing the forest when entry is unlikely: Probability and the mental representation of events. Journal of Experimental Psychology: General, 135(4), 641–653. https://doi.org/10.1037/0096-3445.135.4.641",Low likehood have effect on abstract construal (Trial 2),Social Psychology,social,34.0,0.5196152422706632,120.0,0.0316227766016837,0.4879924656689794,high,"probability, likehood, construal level theory, psychological distance, abstract",True,False,NOT_SIMULABLE,SIMULABLE,,A0_calibrated_mandated,True,False,obscure,This narrow sub-effect within construal-level theory shows no evidence of wide recognition or debate outside specialist replication literature.,obscure,"This is a narrow, low-profile CLT sub-finding with tiny original N; too peripheral to have generated any widespread default association.",False,,"calibrated prompt, A0 anchor-calibration test batch",obscure,confirmed,False
555,10.1016/j.jesp.2020.104019,"García-Castro, J. D., Rodríguez-Bailón, R., & Willis, G. B. (2020). Perceiving economic inequality in everyday life decreases tolerance to inequality. Journal of Experimental Social Psychology, 90, 104019. https://doi.org/10.1016/j.jesp.2020.104019",Perceiving economic inequality in everyday life decreases tolerance to inequality (PEIEL condition),Social Psychology,social,372.0,0.1191452206184306,118.0,0.0492116440921325,0.069933576526298,mid,"economic inequality, everyday life, perceived inequality, tolerance to inequality, attitudes toward redistribution",False,False,SIMULABLE,NOT_SIMULABLE,SIMULABLE,A_dual_confirmed,False,True,obscure,"This narrow, small-effect finding is niche within social psychology and unlikely known outside specialist inequality-attitudes researchers.",obscure,"A niche small-effect finding on perceived inequality exposure lacks the fame needed for either a landmark or ""failed replication"" narrative to form.",False,,calibrated compressed prompt (finish pass),obscure,review_admitted,False
953,10.1037/0278-7393.34.1.243,"Marsh, J. E., Vachon, F., & Jones, D. M. (2008). When does between-sequence phonological similarity promote irrelevant sound disruption? Journal of Experimental Psychology: Learning, Memory, and Cognition, 34(1), 243–248. https://doi.org/10.1037/0278-7393.34.1.243","Free recall, but not serial recall, of lists of phonologically related to-be-remembered items are disrupted by an irrelevant sound stream (end rhymes) sharing similar phonological content",Cognitive Psychology,cognitive,48.0,0.2516338517649507,118.0,0.1183215956619923,0.1333122561029584,mid,"Attention, Humans, Mental Recall, Phonetics, Psychoacoustics, Semantics, Serial Learning, Speech Perception, Verbal Learning",False,False,NOT_SIMULABLE,NOT_SIMULABLE,,unresolved_uncalibrated_reject,False,False,n/a (not simulable),,n/a (not simulable),,False,calibrated: DV not text-simulable,calibrated compressed prompt (finish pass),n/a,excluded,False
1590,10.1016/j.paid.2012.04.036,"Dewhurst, S. A., Anderson, R. J., Cotter, G., Crust, L., & Clough, P. J. (2012). Identifying the cognitive basis of mental toughness: Evidence from the directed forgetting paradigm. Personality and Individual Differences, 53(5), 587–590. https://doi.org/10.1016/j.paid.2012.04.036",Higher scores on the MTQ48 commitment subscale predicted better recall of a second word list after instructions to forget the first list.,Cognitive Psychology,cognitive,60.0,0.458257569495584,118.0,0.27,0.1882575694955839,mid,"cognitive inhibition, directed forgetting, mental toughness",False,False,SIMULABLE,NOT_SIMULABLE,NOT_SIMULABLE,excluded,False,True,obscure,A niche mental-toughness/directed-forgetting correlation; neither the original nor its weaker replication has notable traction outside specialist literature.,obscure,A niche mental-toughness/directed-forgetting correlation too specific and low-profile to have any common association attached to it.,False,calibrated: DV not text-simulable,calibrated compressed prompt (finish pass),obscure,excluded,False
1541,10.1016/j.jesp.2008.03.012,"Eyal, T., Liberman, N., & Trope, Y. (2008). Judging near and distant virtue and vice. Journal of Experimental Social Psychology, 44(4), 1204–1209. https://doi.org/10.1016/j.jesp.2008.03.012",people judge immoral acts as more offensive and moral acts as more virtuous when the acts are psychologically distant than near (replication of original study 2 (only Serbian sample; not pooled sample)),Social Psychology,social,58.0,0.38,116.0,0.0316227766016837,0.3483772233983162,high,"psychological distance, moral judgment, construal level theory",False,False,SIMULABLE,SIMULABLE,SIMULABLE,A_dual_confirmed,True,False,obscure,This narrow construal-level moral-judgment effect and its failed replication attract little attention outside specialist replication literature.,obscure,"This is a niche sub-finding from construal-level theory research, too specific and low-profile for either narrative to dominate general awareness.",False,,calibrated compressed prompt (finish pass),obscure,confirmed,False
536,10.1177/0956797614527113,"Craig, M. A., & Richeson, J. A. (2014). On the Precipice of a “Majority-Minority” America. Psychological Science, 25(6), 1189–1197. https://doi.org/10.1177/0956797614527113",Participants in the status-threat condition supported conservative positions more than did participants in the control condition,Social Psychology,social,170.0,0.282842712474619,114.0,0.1339940393167983,0.1488486731578207,mid,"Political conservatism, conservative shift, demographic changes",False,False,SIMULABLE,NOT_SIMULABLE,SIMULABLE,A_dual_confirmed,False,True,contested,"The ""racial shift"" status-threat/conservatism literature remains actively debated, with both supportive citations and replication critiques circulating.",obscure,"This narrow status-threat/conservative-shift finding lacks the widespread recognition needed for either a ""classic finding"" or ""famous failure"" narrative to dominate.",True,,calibrated compressed prompt (finish pass),DISAGREE,review_admitted,True
757,10.1073/pnas.1519401113,"Williams, K. E. G., Sng, O., & Neuberg, S. L. (2015). Ecology-driven stereotypes override race stereotypes. Proceedings of the National Academy of Sciences, 113(2), 310–315. https://doi.org/10.1073/pnas.1519401113","In a series of studies, we demonstrate that (i) individuals possess ecology-driven stereotypes; (ii) these stereotypes are not derivative of race stereotypes; and (iii) the application of race stereotypes to targets is greatly diminished when more immediate cues to home ecology are present.",Social Psychology,social,96.0,0.4294252041422496,112.0,0.2965343858669296,0.13289081827532,mid,"race stereotypes, life history theory, stereotype content, ecology, affordance management",False,False,NOT_SIMULABLE,NOT_SIMULABLE,,unresolved_uncalibrated_reject,False,False,n/a (not simulable),,n/a (not simulable),,False,calibrated: DV not text-simulable,calibrated compressed prompt (finish pass),n/a,excluded,False
1968,10.1037/a0034352,"Reinhard, M.-A., Greifeneder, R., & Scharmach, M. (2013). Unconscious processes improve lie detection. Journal of Personality and Social Psychology, 105(5), 721–739. https://doi.org/10.1037/a0034352","People are typically poor at telling apart truthful and deceptive statements. Based on the Unconscious Thought Theory, it has been suggested that poor lie detection arises from the intrinsic limitations of conscious thinking and can be improved by facilitating the contribution of unconscious thought (UT).",Judgment and Decision Making,jdm,66.0,0.3464101615137754,110.0,0.0447213595499957,0.3016888019637797,high,"lie detection, deliberation-without-attention, unconscious thought, decision making",False,False,NOT_SIMULABLE,SIMULABLE,,unresolved_uncalibrated_reject,True,True,obscure,A niche unconscious-thought/lie-detection claim with tiny samples; neither the original nor its null replication is widely known.,obscure,"Niche unconscious-thought/lie-detection finding lacks broad recognition; too peripheral for either ""famous finding"" or ""famous failure"" narrative to dominate.",False,,calibrated compressed prompt (finish pass),obscure,confirmed,False
1357,10.1080/10503307.2012.731088,"Owen, J., Reese, R. J., Quirk, K., & Rodolfa, E. (2013). Alliance in action: A new measure of clients’ perceptions of therapists’ alliance activity. Psychotherapy Research, 23(1), 67–77. https://doi.org/10.1080/10503307.2012.731088",Interaction Between Alliance and Technique Use in the Prediction of Client Change,Clinical Psychology,other,170.0,0.55,109.0,0.372,0.178,mid,alliance; psychotherapy; session outcomes; multilevel modeling,False,False,NOT_SIMULABLE,NOT_SIMULABLE,,unresolved_uncalibrated_reject,False,False,n/a (not simulable),,n/a (not simulable),,False,calibrated: DV not text-simulable,calibrated compressed prompt (finish pass),n/a,excluded,False
363,10.3758/s13428-021-01694-3,"Peer, E., Rothschild, D., Gordon, A., Evernden, Z., & Damer, E. (2021). Data quality of platforms and panels for online behavioral research. Behavior Research Methods, 54(4), 1643–1662. https://doi.org/10.3758/s13428-021-01694-3",,Cognitive Psychology,cognitive,972.0,0.3985081094679315,108.0,0.3515337860322574,0.046974323435674,low,"Data quality, Online research, Attention, Comprehension, Reliability, Honesty, Amazon mechanical turk, Prolific",False,True,SIMULABLE,NOT_SIMULABLE,INSUFFICIENT,excluded,False,True,obscure,No effect description exists to assess; minor gap between small studies on data-quality checks lacks any real public or scientific currency.,obscure,"No named, widely-known effect is given; this reads as a methods/data-quality correlation too peripheral for a common narrative.",False,calibrated: DV not text-simulable,calibrated compressed prompt (finish pass),obscure,excluded,False
1969,10.1177/0956797617721270,"Rosenbaum, D., Mama, Y., & Algom, D. (2017). Stand by Your Stroop: Standing Up Enhances Selective Attention and Cognitive Control. Psychological Science, 28(12), 1864–1867. https://doi.org/10.1177/0956797617721270","Standing, compared to sitting, enhances selective attention by reducing the Stroop interference effect.",Cognitive Psychology,cognitive,50.0,0.3937003937005905,108.0,0.0547722557505166,0.3389281379500739,high,"selective attention, Stroop effect, posture, standing, cognitive control",False,False,NOT_SIMULABLE,NOT_SIMULABLE,,unresolved_uncalibrated_reject,False,False,n/a (not simulable),,n/a (not simulable),,False,calibrated: DV not text-simulable,calibrated compressed prompt (finish pass),n/a,excluded,False
986,10.1037/0278-7393.34.2.408,"Sahakyan, L., Delaney, P. F., & Waldum, E. R. (2008). Intentional forgetting is easier after two “shots” than one. Journal of Experimental Psychology: Learning, Memory, and Cognition, 34(2), 408–414. https://doi.org/10.1037/0278-7393.34.2.408","Direct forgetting had bigger effect on spaced items, rather than on mass items",Cognitive Psychology,cognitive,96.0,0.2236067977499789,108.0,0.02,0.2036067977499789,mid,"Attention, Humans, Inhibition (Psychology), Intention, Mental Recall, Paired-Associate Learning, Psycholinguistics, Semantics, Verbal Learning",False,False,SIMULABLE,NOT_SIMULABLE,NOT_SIMULABLE,excluded,False,True,obscure,This niche directed-forgetting/spacing interaction never gained broad traction; neither the original nor its replication is widely cited or discussed.,obscure,"This is a niche paired-associate learning finding, too specific and peripheral to have any established default association.",False,calibrated: DV not text-simulable,calibrated compressed prompt (finish pass),obscure,excluded,False
237,10.1007/s10802-020-00712-w,"Abend, R., Bajaj, M. A., Matsumoto, C., Yetter, M., Harrewijn, A., Cardinale, E. M., Kircanski, K., Lebowitz, E. R., Silverman, W. K., Bar-Haim, Y., Lazarov, A., Leibenluft, E., Brotman, M., & Pine, D. S. (2020). Converging Multi-modal Evidence for Implicit Threat-Related Bias in Pediatric Anxiety Disorders. Research on Child and Adolescent Psychopathology, 49(2), 227–240. https://doi.org/10.1007/s10802-020-00712-w","pediatric anxiety disorders are associated with implicit threat bias, manifesting as heightened attention to negative-valence stimuli and behavioral avoidance of threatening stimuli",Psychopathology,other,50.0,0.29,106.0,-0.03,0.26,high,"anxiety, implicit bias, attention bias, pediatric psychopathology, eye-tracking, behavioral avoidance, threat response",False,False,NOT_SIMULABLE,NOT_SIMULABLE,,unresolved_uncalibrated_reject,False,False,n/a (not simulable),,n/a (not simulable),,False,calibrated: DV not text-simulable,calibrated compressed prompt (finish pass),n/a,excluded,False
565,10.1073/pnas.2009030117,"Heck, P. R., Chabris, C. F., Watts, D. J., & Meyer, M. N. (2020). Objecting to experiments even while approving of the policies or treatments they compare. Proceedings of the National Academy of Sciences, 117(32), 18948–18950. https://doi.org/10.1073/pnas.2009030117",Objecting to experiments even while approving of the policies or treatments they compare,Experimental Philosophy,expphil,301.0,0.1913950514033555,104.0,0.0315922600311384,0.1598027913722171,mid,"field experiments, A/B tests, randomized controlled trials, research ethics, pragmatic trials",False,False,NOT_SIMULABLE,NOT_SIMULABLE,,unresolved_uncalibrated_reject,False,False,n/a (not simulable),,n/a (not simulable),,False,calibrated: DV not text-simulable,calibrated compressed prompt (finish pass),n/a,excluded,False
1041,10.1016/j.jesp.2009.06.003,"Lichtenfeld, S., Maier, M. A., Elliot, A. J., & Pekrun, R. (2009). The semantic red effect: Processing the word red undermines intellectual performance. Journal of Experimental Social Psychology, 45(6), 1273–1276. https://doi.org/10.1016/j.jesp.2009.06.003","Reading the word ""red"" before an achievement test reduces test performance as compared to reading the word of a control color",Social Psychology,social,44.0,0.3464101615137754,104.0,-0.114247022914439,0.2321631385993364,mid,"color, performance, semantic red effect, avoidance, red color, cognitive performance, intelligence, general knowledge, reasoning",False,False,SIMULABLE,NOT_SIMULABLE,NOT_SIMULABLE,excluded,False,True,failure_dominates,"The ""red and performance"" priming effect is now widely cited in social psychology as a textbook replication-crisis casualty.",obscure,"This narrow ""red color impairs test performance"" priming effect is too niche to have entered common researcher discourse either way.",True,calibrated: DV not text-simulable,calibrated compressed prompt (finish pass),DISAGREE,excluded,True
151,thekeep.eiu.edu/theses/4783,"Burback, S. (2020). Construct validity of the Behavior Assessment System for Children--Third Edition Teacher Rating Scales (BASC-3 TRS): Comparisons with the Adjustment Scales for Children and Adolescents (ASCA) [Master's thesis, Eastern Illinois University]. The Keep. https://thekeep.eiu.edu/theses/4783","BASC Conduct Problems identifies rule-breaking, oppositional, and potentially aggressive behaviors that violate expected social norms. ASCA Delinquent emphasizes more serious antisocial acts, potentially involving illegal activity or more severe violations of societal rules.",Developmental Psychology,other,101.0,0.2195121951219512,103.0,0.2333729524753241,-0.0138607573533729,low,"Behavior Assessment System for Children-Teacher Rating Scales (BASC-3 TRS), Adjustment Scales for Children and Adolescents (ASCA), rule-breaking, norm violations, antisocial behavior",False,False,NOT_SIMULABLE,NOT_SIMULABLE,,unresolved_uncalibrated_reject,False,False,n/a (not simulable),,n/a (not simulable),,False,calibrated: DV not text-simulable,calibrated compressed prompt (finish pass),n/a,excluded,False
612,10.1257/aer.103.4.1325,"Fehr, E., Herz, H., & Wilkening, T. (2013). The Lure of Authority: Motivation and Incentive Effects of Power. American Economic Review, 103(4), 1325–1359. https://doi.org/10.1257/aer.103.4.1325",Individuals often retain authority even when its delegation is in their material interest—suggesting that authority has nonpecuniary consequences for utility.,Economics,jdm,60.0,0.2815393819739073,102.0,0.2674456241841564,0.0140937577897509,low,"authority, power, motivation",False,False,NOT_SIMULABLE,NOT_SIMULABLE,,unresolved_uncalibrated_reject,False,False,n/a (not simulable),,n/a (not simulable),,False,calibrated: DV not text-simulable,calibrated compressed prompt (finish pass),n/a,excluded,False
1368,10.1177/01461672211025423,"Nguyen, T., Togawa, T., Scholer, A. A., Miele, D. B., & Fujita, K. (2021). A Cross-Cultural Investigation of Metamotivational Beliefs About Regulatory Focus Task-Motivation Fit. Personality and Social Psychology Bulletin, 48(5), 807–820. https://doi.org/10.1177/01461672211025423","There would be a significant Task x Incentive Structure interaction effect, showing that participants believed gain-framed incentives would be more useful for one task than the other, and that loss-framed incentives would be more useful for the other task than the one. Experiment 3 Task x Incentive Structure interaction effect (significance of overall interaction)",Social Psychology,social,452.0,0.2917324851863718,100.0,0.3362170731829674,-0.0444845879965956,low,"promotion focus, prevention focus, motivation, metacognition, metamotivation",False,False,NOT_SIMULABLE,NOT_SIMULABLE,,unresolved_uncalibrated_reject,False,False,n/a (not simulable),,n/a (not simulable),,False,calibrated: DV not text-simulable,calibrated compressed prompt (finish pass),n/a,excluded,False
1131,10.1093/aesthj/ayu027,"Liao, S. -y., Strohminger, N., & Sripada, C. S. (2014). Empirically Investigating Imaginative Resistance. The British Journal of Aesthetics, 54(3), 339–355. https://doi.org/10.1093/aesthj/ayu027","""Imaginative resistance refers to a phenomenon in which people resist engaging in particular prompted imaginative activities."" (p.1)",Experimental Philosophy,expphil,30.0,0.54,99.0,0.55,-0.01,low,"experimental philosophy, imaginative resistance",False,False,SIMULABLE,NOT_SIMULABLE,SIMULABLE,A_dual_confirmed,False,True,obscure,"A niche experimental-philosophy topic with a successful replication, generating no notable public or scientific memory either way.",obscure,Imaginative resistance is a niche philosophical topic without a widely known replication narrative among general researchers.,False,,calibrated compressed prompt (finish pass),obscure,review_admitted,False
605,10.1145/3173574.3174188,"Metaxa-Kakavouli, D., Wang, K., Landay, J. A., & Hancock, J. (2018). Gender-Inclusive Design. Proceedings of the 2018 CHI Conference on Human Factors in Computing Systems, 1–6. https://doi.org/10.1145/3173574.3174188",Sense of belonging and bias in web interfaces (Ambient Belonging),Social Psychology,social,110.0,0.3176497228083692,98.0,0.3483682023844447,-0.0307184795760755,low,"gender-inclusive interfaces, web interface psychology, inclusive design, ambient belonging",False,False,NOT_SIMULABLE,NOT_SIMULABLE,,unresolved_uncalibrated_reject,False,False,n/a (not simulable),,n/a (not simulable),,False,calibrated: DV not text-simulable,calibrated compressed prompt (finish pass),n/a,excluded,False
2128,10.1016/j.obhdp.2013.10.003,"Tsay, C.-J. (2014). The vision heuristic: Judging music ensembles by sight alone. Organizational Behavior and Human Decision Processes, 124(1), 24–33. https://doi.org/10.1016/j.obhdp.2013.10.003",,marketing/org behavior,marketing,41.0,0.3169775600314091,96.0,0.0586356632838161,0.2583418967475929,high,,False,True,SIMULABLE,SIMULABLE,INSUFFICIENT,excluded,False,False,obscure,"With no effect description or keywords to identify the study, there's no evidence either account has any public or scholarly currency.",obscure,"No effect description or field-specific detail is given, so no recognizable finding exists for either narrative to attach to.",False,round2 veto: NOT_SIMULABLE/INSUFFICIENT,calibrated compressed prompt (finish pass),obscure,excluded,False
449,10.1177/0956797614554955,"Sofer, C., Dotsch, R., Wigboldus, D. H. J., & Todorov, A. (2014). What Is Typical Is Good. Psychological Science, 26(1), 39–47. https://doi.org/10.1177/0956797614554955",face typicality and perceived trustworthiness,Social Psychology,social,48.0,0.99498743710662,95.0,0.9848857801796104,0.0101016569270094,low,"Social perception, face perception, face typicality, distinctiveness, trustworthiness, attractiveness, familiarity, open data, open materials",False,False,NOT_SIMULABLE,NOT_SIMULABLE,,unresolved_uncalibrated_reject,False,False,n/a (not simulable),,n/a (not simulable),,False,calibrated: DV not text-simulable,calibrated compressed prompt (finish pass),n/a,excluded,False
1670,10.2501/jar-40-1-2-29-34,"Stevenson, J. S., Bruner, G. C., & Kumar, A. (2000). Webpage Background and Viewer Attitudes. Journal of Advertising Research, 40(1–2), 1–6. https://doi.org/10.2501/jar-40-1-2-29-34",attitude toward the website has a positive effect on brand attitude,Marketing,marketing,30.0,0.42,95.0,0.54,-0.12,low,"web experience, web advertising, marketing, webpage backgrounds",False,False,SIMULABLE,SIMULABLE,SIMULABLE,A_dual_confirmed,True,False,obscure,A narrow marketing effect with a replication that actually strengthened it draws little attention outside specialist advertising research.,obscure,This is a niche marketing sub-finding with no wide cultural footprint; neither the effect nor any replication controversy is broadly known.,False,,calibrated compressed prompt (finish pass),obscure,confirmed,False
979,10.1111/j.1467-9280.2008.02042.x,"Goschke, T., & Dreisbach, G. (2008). Conflict-Triggered Goal Shielding. Psychological Science, 19(1), 25–32. https://doi.org/10.1111/j.1467-9280.2008.02042.x",Conflict-triggered goal shielding: Response conflicts attenuate background monitoring for prospective memory cues.,Cognitive Psychology,cognitive,40.0,0.3741657386773941,95.0,0.412310562561766,-0.0381448238843719,low,"Attention, Conflict (Psychology), Cues, Goals, Humans, Inhibition (Psychology), Intention, Memory, Short-Term, Orientation, Pattern Recognition, Visual, Psychomotor Performance, Reaction Time",False,False,NOT_SIMULABLE,NOT_SIMULABLE,,unresolved_uncalibrated_reject,False,False,n/a (not simulable),,n/a (not simulable),,False,calibrated: DV not text-simulable,calibrated compressed prompt (finish pass),n/a,excluded,False
645,10.1126/science.1221936,"Duncan, K., Sadanand, A., & Davachi, L. (2012). Memory’s Penumbra: Episodic Memory Decisions Induce Lingering Mnemonic Biases. Science, 337(6093), 485–487. https://doi.org/10.1126/science.1221936",episodic memory decisions induce lingering mnemonic biases,Cognitive Psychology,cognitive,15.0,0.0723463911325667,92.0,0.436,-0.3636536088674332,low,"Social Science Replication Project, Science, Nature, Human Behavior",False,False,NOT_SIMULABLE,NOT_SIMULABLE,,unresolved_uncalibrated_reject,False,False,n/a (not simulable),,n/a (not simulable),,False,calibrated: DV not text-simulable,calibrated compressed prompt (finish pass),n/a,excluded,False
1101,10.1007/s11098-009-9439-x,"Sytsma, J., & Machery, E. (2009). Two conceptions of subjective experience. Philosophical Studies, 151(2), 299–327. https://doi.org/10.1007/s11098-009-9439-x",ascribing consciousness to machines,Experimental Philosophy,expphil,111.0,0.3988937592379054,88.0,0.2516338517649507,0.1472599074729547,mid,Study 1,False,False,NOT_SIMULABLE,NOT_SIMULABLE,,unresolved_uncalibrated_reject,False,False,n/a (not simulable),,n/a (not simulable),,False,calibrated: DV not text-simulable,calibrated compressed prompt (finish pass),n/a,excluded,False
1071,10.1038/s41598-017-10669-4,"Reiter, A. M. F., Kanske, P., Eppinger, B., & Li, S.-C. (2017). The Aging of the Social Mind - Differential Effects on Components of Social Understanding. Scientific Reports, 7(1). https://doi.org/10.1038/s41598-017-10669-4",behavioral age group differences in Theory of Mind (ToM) in adulthood,Cognitive Psychology,cognitive,107.0,0.7416198487095663,86.0,0.7496665925596525,-0.0080467438500861,low,"social affect, empathy, compassion, social cognition, theory of mind, adult lifespan",False,False,SIMULABLE,NOT_SIMULABLE,NOT_SIMULABLE,excluded,False,True,obscure,"This narrow age-related ToM effect, with a successful replication, has minimal visibility beyond specialist adult-development social-cognition research.",obscure,Age-related ToM differences are a niche finding with matching replication; too specialized to have a widespread default association either way.,False,calibrated: DV not text-simulable,calibrated compressed prompt (finish pass),obscure,excluded,False
1099,10.1080/09515080903532290,"De Brigard, F. (2010). If you like it, does it matter if it’s real? Philosophical Psychology, 23(1), 43–57. https://doi.org/10.1080/09515080903532290",Trade-off between value of having a good experience vs having contact with reality,Experimental Philosophy,expphil,48.0,0.0186478408001216,86.0,0.3345448406992541,-0.3158969998991325,low,"experience machine, Nozick, pleasure, reality, status quo bias",False,False,NOT_SIMULABLE,NOT_SIMULABLE,,unresolved_uncalibrated_reject,False,False,n/a (not simulable),,n/a (not simulable),,False,calibrated: DV not text-simulable,calibrated compressed prompt (finish pass),n/a,excluded,False
482,10.1126/science.1132491,"Vohs, K. D., Mead, N. L., & Goode, M. R. (2006). The Psychological Consequences of Money. Science, 314(5802), 1154–1156. https://doi.org/10.1126/science.1132491",Money makes people self-sufficient (primed with money donated significantly less),Social Psychology,social,40.0,0.3047757271037837,86.0,0.0620626549854564,0.2427130721183273,mid,"Money, Motivation, Behavior, Self-sufficiency, Dependency, Priming, Money reminders, Causal behavior, Interpersonal relationships, Financial strain",False,False,SIMULABLE,NOT_SIMULABLE,SIMULABLE,A_dual_confirmed,False,True,contested,"Money priming (Vohs et al.) is a flagship replication-crisis case, still taught and cited but heavily disputed after failed replications.",failure_dominates,"This money-priming effect (Vohs) is a flagship example cited in the replication crisis, now widely known as a weak/failed finding.",True,,calibrated compressed prompt (finish pass),DISAGREE,review_admitted,True
1540,10.2466/pms.109.2.577-580,"Anderson, J. A., & Grice, J. W. (2009). Replicating a Simple Study of Asymmetry in Human Cognition. Perceptual and Motor Skills, 109(2), 577–580. https://doi.org/10.2466/pms.109.2.577-580","Individuals should identify the stimuli as “good” for 61.8% of the choices and “bad” for 38.2% of the choices (replication of original study, pooled)",Cognitive Psychology,cognitive,26.0,0.0316227766016837,85.0,0.1,-0.0683772233983162,low,"Lefebvre, self-reflection",False,False,NOT_SIMULABLE,NOT_SIMULABLE,,unresolved_uncalibrated_reject,False,False,n/a (not simulable),,n/a (not simulable),,False,calibrated: DV not text-simulable,calibrated compressed prompt (finish pass),n/a,excluded,False
343,10.1177/1747021817744546,"Okan, Y., Garcia-Retamero, R., Cokely, E. T., & Maldonado, A. (2018). Biasing and debiasing health decisions with bar graphs: Costs and benefits of graph literacy. Quarterly Journal of Experimental Psychology, 71(12), 2506–2519. https://doi.org/10.1177/1747021817744546",The model explained moderate varience,Cognitive Psychology,cognitive,611.0,0.2236067977499789,81.0,0.5099019513592785,-0.2862951536092996,low,Graph comprehension; graph design; medical decision-making; graph literacy; risk communication,False,False,SIMULABLE,NOT_SIMULABLE,INSUFFICIENT,excluded,False,True,obscure,"A narrow, technical effect in graph-literacy research with no evident broad citation or public debate over replication.",obscure,"Niche graph-literacy correlational finding, too specific and low-profile for either a ""classic"" or ""failed replication"" narrative to form.",False,calibrated: DV not text-simulable,calibrated compressed prompt (finish pass),obscure,excluded,False
594,10.1037/a0016795,"Libby, L. K., Shaeffer, E. M., & Eibach, R. P. (2009). Seeing meaning in action: A bidirectional link between visual perspective and action identification level. Journal of Experimental Psychology: General, 138(4), 503–516. https://doi.org/10.1037/a0016795",bidirectional link between visual perspective and action identification level,Cognitive Psychology,cognitive,172.0,0.5974307676458163,81.0,0.5597573561566788,0.0376734114891375,low,"visual imagery, perspective-taking, action representation, social perception",False,False,NOT_SIMULABLE,NOT_SIMULABLE,,unresolved_uncalibrated_reject,False,False,n/a (not simulable),,n/a (not simulable),,False,calibrated: DV not text-simulable,calibrated compressed prompt (finish pass),n/a,excluded,False
1938,10.1017/bec.2013.16,"Medway, M., & Jones, M. K. (2013). Further Evidence That Repeated Checking Leads to Reduced Memory Confidence, Vividness and Detail: New Evidence That Repeated Object Exposure Also Results in Memory Distrust. Behaviour Change, 30(3), 159–179. https://doi.org/10.1017/bec.2013.16","Repeated checking (or even repeated non-checking exposure) of a virtual stove progressively reduces memory confidence, vividness, detail and accuracy relative to an irrelevant control stimulus (light bulbs).",Cognitive Psychology,cognitive,113.0,0.6244997998398398,81.0,0.5099019513592785,0.1145978484805613,mid,"obsessive-compulsive disorder, checking, memory confidence, memory, distrust",False,False,SIMULABLE,NOT_SIMULABLE,SIMULABLE,A_dual_confirmed,False,True,original_dominates,"The van den Hout ""checking erodes memory confidence"" effect is widely taught in OCD research; the weaker replication remains a specialty footnote.",obscure,"This is a niche OCD-checking memory-distrust paradigm, too specialized for either narrative to be a common default association.",True,,calibrated compressed prompt (finish pass),DISAGREE,review_admitted,True
175,10.1017/s1366728914000273,"WISEHEART, M., VISWANATHAN, M., & BIALYSTOK, E. (2014). Flexibility in task switching by monolinguals and bilinguals. Bilingualism: Language and Cognition, 19(1), 141–146. https://doi.org/10.1017/s1366728914000273",This interaction effect investigates how block type (switch vs. non-switch) and language status interact to affect global switch costs (global switch cost condition),Linguistics,cognitive,68.0,0.2645751311064591,78.0,0.2258317958127242,0.0387433352937348,low,"Bilingual advantage, bilingualism, executive control, executive functioning, task switching",False,False,NOT_SIMULABLE,NOT_SIMULABLE,,unresolved_uncalibrated_reject,False,False,n/a (not simulable),,n/a (not simulable),,False,calibrated: DV not text-simulable,calibrated compressed prompt (finish pass),n/a,excluded,False
2153,10.1016/j.cognition.2010.11.011,"Lai, J., & Poletiek, F. H. (2011). The impact of adjacent-dependencies and staged-input on the learnability of center-embedded hierarchical structures. Cognition, 118(2), 265–273. https://doi.org/10.1016/j.cognition.2010.11.011",,psychology,psych_general,27.0,0.597219269894523,78.0,0.1101270163722511,0.4870922535222718,high,,False,True,SIMULABLE,NOT_SIMULABLE,INSUFFICIENT,excluded,False,True,obscure,"No effect description or identifying details are provided, so no informed judgment about its cultural or scientific currency is possible.",obscure,"No effect description or identifying keywords are given, so no default association can be determined.",False,calibrated: DV not text-simulable,calibrated compressed prompt (finish pass),obscure,excluded,False
1935,10.1016/j.brat.2015.01.001,"Luck, C. C., & Lipp, O. V. (2015). A potential pathway to the relapse of fear? Conditioned negative stimulus evaluation (but not physiological responding) resists instructed extinction. Behaviour Research and Therapy, 66, 18–31. https://doi.org/10.1016/j.brat.2015.01.001",conditional stimulus valence was not affected by instructed extinction.,Cognitive Psychology,cognitive,32.0,0.0447213595499957,78.0,0.2236067977499789,-0.1788854381999831,low,Fear conditioning; Instructed extinction; Electrodermal responding; Fear potentiated startle; Evaluative learning; Fear relapse,False,False,SIMULABLE,NOT_SIMULABLE,NOT_SIMULABLE,excluded,False,True,obscure,A narrow null-effect finding on instructed extinction and CS valence has little visibility outside specialist fear-conditioning research.,obscure,This is a niche null-effect finding within a subfield literature; too specific to have any established default association.,False,calibrated: DV not text-simulable,calibrated compressed prompt (finish pass),obscure,excluded,False
1601,10.3758/s13423-014-0663-9,"Borst, G., Ahr, E., Roell, M., & Houdé, O. (2014). The cost of blocking the mirror generalization process in reading: evidence for the role of inhibitory control in discriminating letters with lateral mirror-image counterparts. Psychonomic Bulletin &amp; Review, 22(1), 228–234. https://doi.org/10.3758/s13423-014-0663-9","Participants required more time and were less accurate discriminating between two letters with lateral mirror-image counterparts (e.g., 'b/d') than between two letters without mirror-image counterparts (e.g., 'a/h').",Cognitive Psychology,cognitive,48.0,0.7681145747868608,78.0,0.565685424949238,0.2024291498376228,mid,"Inhibitory control, Reading, Mirror generalization, Neural recycling",False,False,NOT_SIMULABLE,NOT_SIMULABLE,,unresolved_uncalibrated_reject,False,False,n/a (not simulable),,n/a (not simulable),,False,calibrated: DV not text-simulable,calibrated compressed prompt (finish pass),n/a,excluded,False
602,10.1177/0146167207309195,"Maddux, W. W., Galinsky, A. D., Cuddy, A. J. C., & Polifroni, M. (2008). When Being a Model Minority Is Good . . . and Bad: Realistic Threat Explains Negativity Toward Asian Americans. Personality and Social Psychology Bulletin, 34(1), 74–89. https://doi.org/10.1177/0146167207309195",Realistic threat explains negativity toward Asian Americans,Social Psychology,social,40.0,0.382099463490856,77.0,0.2418804595458224,0.1402190039450335,mid,"Asian Americans, model minorities, prejudice, realistic threat, emotions, attitudes",False,False,SIMULABLE,NOT_SIMULABLE,INSUFFICIENT,excluded,False,True,obscure,A narrow specialty finding on realistic threat and Asian American attitudes has little visibility in mainstream discourse or citations.,obscure,"Niche, small-sample intergroup-threat finding lacks broad recognition, so no dominant ""held up"" or ""debunked"" narrative exists.",False,calibrated: DV not text-simulable,calibrated compressed prompt (finish pass),obscure,excluded,False
216,10.1016/j.learninstruc.2014.08.004,"Loibl, K., & Rummel, N. (2014). Knowing what you don’t know makes failure productive. Learning and Instruction, 34, 74–85. https://doi.org/10.1016/j.learninstruc.2014.08.004",effect of timing of instruction on conceptual knowledge,Education,other,240.0,0.282842712474619,75.0,0.0447213595499957,0.2381213529246232,mid,"Problem-solving prior to instruction, Conceptual replication, Bayesian reasoning, Composite instructional design, Comparison, Delaying instruction, Knowledge gap, Learning from errors, Productive failure",False,False,SIMULABLE,NOT_SIMULABLE,INSUFFICIENT,excluded,False,True,obscure,A niche instructional-design finding; neither the original effect nor its weak replication has broad recognition outside specialist education research.,obscure,"Niche instructional-design effect lacks the fame needed for either a ""classic finding"" or ""failed replication"" narrative to form.",False,calibrated: DV not text-simulable,calibrated compressed prompt (finish pass),obscure,excluded,False
608,10.1037/0022-3514.95.1.76,"Monin, B., Sawyer, P. J., & Marquez, M. J. (2008). The rejection of moral rebels: Resenting those who do the right thing. Journal of Personality and Social Psychology, 95(1), 76–93. https://doi.org/10.1037/0022-3514.95.1.76",resenting those who do the right thing,Social Psychology,social,67.0,-0.5010703836880579,75.0,-0.0692096049927845,0.4318607786952734,high,"moral rebels, whistleblowers, implicit moral reproach, resentment, self-affirmation",False,False,NOT_SIMULABLE,NOT_SIMULABLE,,unresolved_uncalibrated_reject,False,False,n/a (not simulable),,n/a (not simulable),,False,calibrated: DV not text-simulable,calibrated compressed prompt (finish pass),n/a,excluded,False
111,10.1016/j.psychres.2017.09.048,"Sfärlea, A., Greimel, E., Platt, B., Dieler, A. C., & Schulte-Körne, G. (2018). Recognition of emotional facial expressions in adolescents with anorexia nervosa and adolescents with major depression. Psychiatry Research, 262, 586–594. https://doi.org/10.1016/j.psychres.2017.09.048","Researchers showed images to the adolescents with anorexia nervosa and adolescents with major depression to make decisions on the nature of the stimulus presented. They had to indicate which emotion (happy, sad, afraid, angry, or neutral) the face expressed.",Cognitive Psychology,cognitive,89.0,0.2588435821108957,74.0,0.3082207001484488,-0.0493771180375531,low,"adolescence, anorexia nervosa, eating disorders, emotion recognition, emotional faces",False,False,SIMULABLE,NOT_SIMULABLE,NOT_SIMULABLE,excluded,False,True,obscure,A niche adolescent-AN emotion-recognition finding with a comparable replication result; no wider scientific or public awareness exists.,obscure,A niche adolescent emotion-recognition finding in anorexia nervosa is too specific and low-profile for either narrative to have taken hold.,False,calibrated: DV not text-simulable,calibrated compressed prompt (finish pass),obscure,excluded,False
1729,10.1038/s41598-022-24919-7,"Akselevich, V., & Gilaie-Dotan, S. (2022). Positive and negative facial valence perception are modulated differently by eccentricity in the parafovea. Scientific Reports, 12(1). https://doi.org/10.1038/s41598-022-24919-7",Growing eccentricity negatively influence the emotional categorization (accuracy),Social Psychology,social,51.0,0.8093207028119322,74.0,0.8596510920134982,-0.0503303892015659,low,"emotional valence, face expression, periphery, replication study, emotion perception, eccentricity",False,False,NOT_SIMULABLE,NOT_SIMULABLE,,unresolved_uncalibrated_reject,False,False,n/a (not simulable),,n/a (not simulable),,False,calibrated: DV not text-simulable,calibrated compressed prompt (finish pass),n/a,excluded,False
978,10.1111/j.1467-9280.2008.02093.x,"Moeller, S. K., Robinson, M. D., & Zabelina, D. L. (2008). Personality Dominance and Preferential Use of the Vertical Dimension of Space. Psychological Science, 19(4), 355–361. https://doi.org/10.1111/j.1467-9280.2008.02093.x",Participants who scored as more dominant in personality were more likely to have relatively faster response times to vertical stimuli than horizontal stimuli in predictable-location task,Social Psychology,social,53.0,-0.31,72.0,0.034,0.276,high,"Adult, Attention, Choice Behavior, Female, Humans, Male, Metaphor, Personality, Social Dominance, Space Perception, Spatial Behavior",False,False,NOT_SIMULABLE,NOT_SIMULABLE,,unresolved_uncalibrated_reject,False,False,n/a (not simulable),,n/a (not simulable),,False,calibrated: DV not text-simulable,calibrated compressed prompt (finish pass),n/a,excluded,False
1010,10.1037/0022-3514.94.1.1,"Harmon-Jones, E., Harmon-Jones, C., Fearn, M., Sigelman, J. D., & Johnson, P. (2008). Left frontal cortical activation and spreading of alternatives: Tests of the action-based model of dissonance. Journal of Personality and Social Psychology, 94(1), 1–15. https://doi.org/10.1037/0022-3514.94.1.1",Action-oriented mindset resulted in attitude changes from pre- to post-decision to both chosen and rejected alternatives,Social Psychology,social,57.0,0.3316624790355399,71.0,0.1,0.2316624790355399,mid,"Analysis of Variance, Attitude, Biofeedback, Psychology, Brain Mapping, Cognitive Dissonance, Decision Making, Female, Humans, Male, Models, Psychological, Prefrontal Cortex [physiology]",False,False,NOT_SIMULABLE,NOT_SIMULABLE,,unresolved_uncalibrated_reject,False,False,n/a (not simulable),,n/a (not simulable),,False,calibrated: DV not text-simulable,calibrated compressed prompt (finish pass),n/a,excluded,False
654,10.1177/0956797609358096,"Wang, X. T., & Dvorak, R. D. (2010). Sweet Future. Psychological Science, 21(2), 183–188. https://doi.org/10.1177/0956797609358096","This study explored metabolic mechanisms of future (delay) discounting, a choice phenomenon where people value present goods over future goods. Using fluctuating blood glucose as an index of body-energy budget, optimal discounting should regulate choice among rewards as a function of temporal caloric requirement.",Social Psychology,social,65.0,0.458257569495584,70.0,0.1414213562373095,0.3168362132582745,high,"intertemporal choice, future (delay) discounting, blood glucose",False,False,NOT_SIMULABLE,NOT_SIMULABLE,,unresolved_uncalibrated_reject,False,False,n/a (not simulable),,n/a (not simulable),,False,calibrated: DV not text-simulable,calibrated compressed prompt (finish pass),n/a,excluded,False
959,10.1111/j.1467-9280.2008.02052.x,"Richeson, J. A., & Trawalter, S. (2008). The Threat of Appearing Prejudiced and Race-Based Attentional Biases. Psychological Science, 19(2), 98–102. https://doi.org/10.1111/j.1467-9280.2008.02052.x","High External Motivation (EM) participants exhibit attentional biases for neutral Black faces, but not happy Black faces",Social Psychology,social,28.0,0.3713906763541036,66.0,0.0,0.3713906763541036,high,"Attentional bias, prejudice, anxiety, dot-probe detection paradigm, threatening cues, race, motivation",False,False,NOT_SIMULABLE,NOT_SIMULABLE,,unresolved_uncalibrated_reject,False,False,n/a (not simulable),,n/a (not simulable),,False,calibrated: DV not text-simulable,calibrated compressed prompt (finish pass),n/a,excluded,False
1278,10.1111/flan.12063,"Wu, S., & Ortega, L. (2013). Measuring global oral proficiency in SLA research: A new elicited imitation test of L2 Chinese. Foreign Language Annals, 46(4), 680–704. Portico. https://doi.org/10.1111/flan.12063",The effectiveness of the Chinese EIT in distinguishing between high and low proficiency groups.,Linguistics,cognitive,80.0,0.4327310675847713,65.0,0.6476484200955405,-0.2149173525107691,low,"CAF measures, elicited imitation, heritage language learners, L2 Chinese, proficiency testing",False,False,SIMULABLE,NOT_SIMULABLE,INSUFFICIENT,excluded,False,True,obscure,This is a narrow psycholinguistic measurement study with no broad citation footprint or public debate outside specialists.,obscure,"Niche psycholinguistic proficiency-testing measure, too specialized in a small subfield to carry any widely-known default narrative.",False,calibrated: DV not text-simulable,calibrated compressed prompt (finish pass),obscure,excluded,False
383,10.1177/0956797615598739,"Proudfoot, D., Kay, A. C., & Koval, C. Z. (2015). A Gender Bias in the Attribution of Creativity. Psychological Science, 26(11), 1751–1761. https://doi.org/10.1177/0956797615598739","In the convergent-thinking condition, participants still associated creativity more with masculine-agentic traits",Social Psychology,social,80.0,0.4253611398224214,64.0,0.437319773825856,-0.0119586340034346,low,"Stereotyped attitudes, social perception, prejudice, sex-role attitudes",False,False,NOT_SIMULABLE,NOT_SIMULABLE,,unresolved_uncalibrated_reject,False,False,n/a (not simulable),,n/a (not simulable),,False,calibrated: DV not text-simulable,calibrated compressed prompt (finish pass),n/a,excluded,False
436,10.1177/0956797614534693,"Shariff, A. F., Greene, J. D., Karremans, J. C., Luguri, J. B., Clark, C. J., Schooler, J. W., Baumeister, R. F., & Vohs, K. D. (2014). Free Will and Punishment: A Mechanistic View of Human Nature Reduces Retribution. Psychological Science, 25(8), 1563–1570. https://doi.org/10.1177/0956797614534693",Participants who read the neuroscience articles recommended significantly shorter prison sentences,Social Psychology,social,88.0,0.2195121951219512,64.0,0.0628699311123018,0.1566422640096493,mid,"Free will, punishment, morality, responsibility, blame, open materials",False,False,SIMULABLE,NOT_SIMULABLE,SIMULABLE,A_dual_confirmed,False,True,obscure,This niche free-will/neuroscience-and-sentencing finding and its replication are mostly known only within specialty psychology circles.,obscure,Too niche and specific a finding for either narrative to have become a common default association among researchers.,False,,calibrated compressed prompt (finish pass),obscure,review_admitted,False
290,10.1177/2167702614545216,"Yiend, J., Mathews, A., Burns, T., Dutton, K., Fernández-Martín, A., Georgiou, G. A., Luckie, M., Rose, A., Russo, R., & Fox, E. (2014). Mechanisms of Selective Attention in Generalized Anxiety Disorder. Clinical Psychological Science, 3(5), 758–771. https://doi.org/10.1177/2167702614545216",Generalized anxiety disorder and selective attention,Psychology,psych_general,14.0,0.5567764362830022,63.0,0.01,0.5467764362830022,high,Experiment 1 GAD,False,False,SIMULABLE,NOT_SIMULABLE,INSUFFICIENT,excluded,False,True,obscure,A tiny-N (N=14) GAD attentional-bias finding and its null replication are both niche results unknown outside specialist literature.,obscure,"A small, specific N=14 GAD attentional-bias sub-finding is too narrow to have entered general knowledge either way.",False,calibrated: DV not text-simulable,calibrated compressed prompt (finish pass),obscure,excluded,False
989,10.1037/0278-7393.34.3.524,"Couture, M., Lafond, D., & Tremblay, S. (2008). Learning correct responses and errors in the Hebb repetition effect: Two faces of the same coin. Journal of Experimental Psychology: Learning, Memory, and Cognition, 34(3), 524–532. https://doi.org/10.1037/0278-7393.34.3.524",Prior occurances of the erroneous remembered item lead to increase in error rates (error are more probable as they occured previously),Cognitive Psychology,cognitive,24.0,0.6025508004131682,63.0,0.4732863826479693,0.1292644177651989,mid,"Adult, Attention, Discrimination Learning, Humans, Memory, Short-Term, Pattern Recognition, Visual, Practice (Psychology), Probability Learning, Retention (Psychology), Serial Learning",False,False,NOT_SIMULABLE,NOT_SIMULABLE,,unresolved_uncalibrated_reject,False,False,n/a (not simulable),,n/a (not simulable),,False,calibrated: DV not text-simulable,calibrated compressed prompt (finish pass),n/a,excluded,False
1786,10.1080/02699931.2017.1394817,"Chapman, H. A. (2017). Enhanced recall of disgusting relative to frightening photographs is not due to organisation. Cognition and Emotion, 32(6), 1220–1230. https://doi.org/10.1080/02699931.2017.1394817",Disgust photographs lead to slower discrimination than frightening photographs,Cognitive Psychology,cognitive,30.0,0.2561582384877227,62.0,0.0529257179571126,0.20323252053061,mid,"Emotion, memory, disgust, fear, relatedness, organisation",False,False,NOT_SIMULABLE,NOT_SIMULABLE,,unresolved_uncalibrated_reject,False,False,n/a (not simulable),,n/a (not simulable),,False,calibrated: DV not text-simulable,calibrated compressed prompt (finish pass),n/a,excluded,False
1550,10.1177/0956797611434748,"Bernard, P., Gervais, S. J., Allen, J., Campomizzi, S., & Klein, O. (2012). Integrating Sexual Objectification With Object Versus Person Recognition. Psychological Science, 23(5), 469–471. https://doi.org/10.1177/0956797611434748","we examined whether sexualized women, but not sexualized men, are recognized in the same way as objects are (interaction)",Social Psychology,social,77.0,0.408656334834051,60.0,0.3872983346207417,0.0213580002133093,low,"Sexual Objectification, Sexualized-Body-Inversion Hypothesis, Person Recognition, Object Recognition",False,False,NOT_SIMULABLE,NOT_SIMULABLE,,unresolved_uncalibrated_reject,False,False,n/a (not simulable),,n/a (not simulable),,False,calibrated: DV not text-simulable,calibrated compressed prompt (finish pass),n/a,excluded,False
569,10.1177/0956797613494853,"Hughes, M. L., Geraci, L., & De Forrest, R. L. (2013). Aging 5 Years in 5 Minutes. Psychological Science, 24(12), 2481–2488. https://doi.org/10.1177/0956797613494853",,Cognitive Psychology,cognitive,29.0,0.3552177606235726,60.0,0.5114545142705551,-0.1562367536469825,low,Study 3,False,True,SIMULABLE,NOT_SIMULABLE,INSUFFICIENT,excluded,False,True,obscure,"No effect description or identifiable citation trail exists; this appears to be an unnamed, narrow specialty finding with no public record.",obscure,"No effect description or identifiable finding is given, so no default association can exist beyond generic, unidentifiable study metadata.",False,calibrated: DV not text-simulable,calibrated compressed prompt (finish pass),obscure,excluded,False
662,10.1111/j.1467-9280.2007.02004.x,"Inzlicht, M., & Gutsell, J. N. (2007). Running on Empty. Psychological Science, 18(11), 933–937. https://doi.org/10.1111/j.1467-9280.2007.02004.x",manipulation check to determine whether subjects in the control condition attempted to regulate their emotions,Social Psychology,social,33.0,0.4819187497721559,58.0,0.0836660026534075,0.3982527471187483,high,"self-control, neural, stroop task, suppression",False,False,NOT_SIMULABLE,NOT_SIMULABLE,,unresolved_uncalibrated_reject,False,False,n/a (not simulable),,n/a (not simulable),,False,calibrated: DV not text-simulable,calibrated compressed prompt (finish pass),n/a,excluded,False
370,10.1177/0956797618818484,"Pilditch, T. D., Fenton, N., & Lagnado, D. (2018). The Zero-Sum Fallacy in Evidence Evaluation. Psychological Science, 30(2), 250–260. https://doi.org/10.1177/0956797618818484",Participants were more accurate or correct in their responses when they received a negative test result,Cognitive Psychology,cognitive,193.0,0.2929586047532678,58.0,0.4212610760620016,-0.1283024713087338,low,"Zero sum, intuitive judgment, cognitive bias, evidential reasoning, probabilistic reasoning, open data, open materials",False,False,NOT_SIMULABLE,NOT_SIMULABLE,,unresolved_uncalibrated_reject,False,False,n/a (not simulable),,n/a (not simulable),,False,calibrated: DV not text-simulable,calibrated compressed prompt (finish pass),n/a,excluded,False
336,10.1037/xge0000263,"Nook, E. C., Schleider, J. L., & Somerville, L. H. (2017). A linguistic signature of psychological distancing in emotion regulation. Journal of Experimental Psychology: General, 146(3), 337–346. https://doi.org/10.1037/xge0000263",Reappraisal is negatively correlated with negative affect words,Cognitive Psychology,cognitive,107.0,-0.32,56.0,-0.04,0.28,high,"Emotion, emotion regulation, psychological distance, language",False,False,SIMULABLE,NOT_SIMULABLE,SIMULABLE,A_dual_confirmed,False,True,obscure,"This narrow linguistic-emotion-regulation correlation and its replication are both known only within a specialty niche, not broader discourse.",obscure,"This is a narrow, specific linguistic correlational finding, too niche for either a ""classic"" or ""failed classic"" reputation to form.",False,,calibrated compressed prompt (finish pass),obscure,review_admitted,False
570,10.1177/0956797616640705,"Huh, Y. E., Vosgerau, J., & Morewedge, C. K. (2016). More Similar but Less Satisfying. Psychological Science, 27(6), 894–903. https://doi.org/10.1177/0956797616640705",preferences for and the efficacy of within-and cross-category substitutes for food,Social Psychology,social,101.0,0.3404435741285225,55.0,0.4062319394696205,-0.065788365341098,low,"substitution, preferences, satiation, contrast effect, categorization, open data, open materials",False,False,SIMULABLE,NOT_SIMULABLE,INSUFFICIENT,excluded,False,True,obscure,A niche satiation/substitution finding with no notable citation footprint or public debate beyond specialty replication databases.,obscure,"Niche, narrowly-specified effect with a replication that strengthened rather than failed, giving no traction for either public narrative.",False,calibrated: DV not text-simulable,calibrated compressed prompt (finish pass),obscure,excluded,False
1282,10.1177/0956797610384746,"Roelofs, K., Hagenaars, M. A., & Stins, J. (2010). Facing Freeze. Psychological Science, 21(11), 1575–1581. https://doi.org/10.1177/0956797610384746",The overall impact of emotion on body sway during exposure to social threat.,Social Psychology,social,50.0,0.4358898943540673,54.0,0.282842712474619,0.1530471818794483,mid,"Emotional facial expressions, human freeze response, angryfaces, posturography, body sway, heart rate",False,False,NOT_SIMULABLE,NOT_SIMULABLE,,unresolved_uncalibrated_reject,False,False,n/a (not simulable),,n/a (not simulable),,False,calibrated: DV not text-simulable,calibrated compressed prompt (finish pass),n/a,excluded,False
1074,10.1111/j.1467-9280.2007.01944.x,"Southgate, V., Senju, A., & Csibra, G. (2007). Action Anticipation Through Attribution of False Belief by 2-Year-Olds. Psychological Science, 18(7), 587–592. https://doi.org/10.1111/j.1467-9280.2007.01944.x","Infants can differentiate the false-belief as they looked longer for the correct window, Implicit Theory of Mind can be measured through anticipatory looking patterns measured through eye-tracking.",Developmental Psychology,other,20.0,0.469041575982343,54.0,0.1240347345892084,0.3450068413931345,high,"Implicit theory of mind, False-Belief Task, Anticipatory Looking Reality Bias, Infants, Eyetracking, False Beliefs, Mental State Attribution, Infant Development, Cognitive Psychology, Theory of Mind, 25-Month-Old Infants, Action Prediction, Child Psychology, Infant Behavior, Developmental Psychology, Mental State Understanding, Cognitive Development, Infancy Research, Early Childhood Cognition, Psychological Experiments, Developmental Milestones, Anticipatory Behavior, Eye-Tracking Methodology",False,False,NOT_SIMULABLE,NOT_SIMULABLE,,unresolved_uncalibrated_reject,False,False,n/a (not simulable),,n/a (not simulable),,False,calibrated: DV not text-simulable,calibrated compressed prompt (finish pass),n/a,excluded,False
456,10.1177/0956797614559285,"Storm, B. C., & Stone, S. M. (2014). Saving-Enhanced Memory. Psychological Science, 26(2), 182–188. https://doi.org/10.1177/0956797614559285",Participants recalled significantly more words on save trials than no-save trials in the eight-word condition,Cognitive Psychology,cognitive,48.0,0.8241245479917327,51.0,0.7444549966892852,0.0796695513024475,mid,"Memory, human-computer interaction, cognition(s), forgetting",False,False,NOT_SIMULABLE,NOT_SIMULABLE,,unresolved_uncalibrated_reject,False,False,n/a (not simulable),,n/a (not simulable),,False,calibrated: DV not text-simulable,calibrated compressed prompt (finish pass),n/a,excluded,False
1943,10.3389/fpsyg.2024.1335892,"Olma, J., Sutter, C., & Sülzenbrück, S. (2024). When failure is not an option: a police firearms training concept for improving decision-making in shoot/don’t shoot scenarios. Frontiers in Psychology, 15. https://doi.org/10.3389/fpsyg.2024.1335892",Senior police officers' tactical gaze control and visual attention improve with an individual videobased police firearms training,Cognitive Psychology,cognitive,43.0,0.1303775707602646,51.0,0.1162073225010396,0.0141702482592249,low,"police, vision, attention, training, decision-makint, shooting",False,False,NOT_SIMULABLE,NOT_SIMULABLE,,unresolved_uncalibrated_reject,False,False,n/a (not simulable),,n/a (not simulable),,False,calibrated: DV not text-simulable,calibrated compressed prompt (finish pass),n/a,excluded,False
413,10.1177/0956797611434540,"Savani, K., & Rattan, A. (2012). A Choice Mind-Set Increases the Acceptance and Maintenance of Wealth Inequality. Psychological Science, 23(7), 796–804. https://doi.org/10.1177/0956797611434540",A choice mind-set increases the acceptance and maintenance of wealth inequality,Social Psychology,social,48.0,0.2847084078081663,51.0,0.004423215414126,0.2802851923940402,high,Participants who perceived more choice were less disturbed by wealth inequality compared to those in the control condition,False,False,SIMULABLE,NOT_SIMULABLE,SIMULABLE,A_dual_confirmed,False,True,obscure,"A minor social-priming study with tiny samples, neither the original nor its null replication gained notable traction beyond specialist replication databases.",obscure,"A niche, small-N choice-mindset/inequality finding too peripheral to have entered common knowledge either way.",False,,calibrated compressed prompt (finish pass),obscure,review_admitted,False
946,10.1111/j.1467-9280.2008.02041.x,"McKinstry, C., Dale, R., & Spivey, M. J. (2008). Action Dynamics Reveal Parallel Competition in Decision Making. Psychological Science, 19(1), 22–24. https://doi.org/10.1111/j.1467-9280.2008.02041.x",Sample entropy was higher for middle-truth-value questions than for low- and high-truth-value questions,Cognitive Psychology,cognitive,141.0,-0.7,51.0,-0.75,-0.05,low,"Choice, conflict Decision making, Female, Humans, Male, psychomotor performance, multiple response alternatives",False,False,NOT_SIMULABLE,NOT_SIMULABLE,,unresolved_uncalibrated_reject,False,False,n/a (not simulable),,n/a (not simulable),,False,calibrated: DV not text-simulable,calibrated compressed prompt (finish pass),n/a,excluded,False
1214,10.3758/s13414-019-01723-6,"Smith, K. C., Davoli, C. C., Knapp, W. H., & Abrams, R. A. (2019). Standing enhances cognitive control and alters visual search. Attention, Perception, &amp; Psychophysics, 81(7), 2320–2329. https://doi.org/10.3758/s13414-019-01723-6",Standing resulted in better performance than sitting in on a task switching measure,Cognitive Psychology,cognitive,30.0,0.4,51.0,0.1224744871391589,0.2775255128608411,high,"Cognitive and attentional control, Embodied perception, Attention and executive control",False,False,NOT_SIMULABLE,NOT_SIMULABLE,,unresolved_uncalibrated_reject,False,False,n/a (not simulable),,n/a (not simulable),,False,calibrated: DV not text-simulable,calibrated compressed prompt (finish pass),n/a,excluded,False
1028,10.1111/j.1467-9280.2008.02054.x,"Rule, N. O., & Ambady, N. (2008). The Face of Success. Psychological Science, 19(2), 109–111. https://doi.org/10.1111/j.1467-9280.2008.02054.x","Composite ratings of both power and leadership correlated with company profits, even after controlling for CEO age, CEO attractiveness, and the affect CEOs were displaying in the pictures",Social Psychology,social,50.0,0.3,50.0,0.27,0.0299999999999999,low,"Adolescent, Adult, Awareness, Cues, Face, Female, Hair, Heterosexuality [psychology], Homosexuality, Male [psychology], Humans, Judgment, Male, Nonverbal Communication, Sexual Behavior, Social Perception, Stereotyping, Young Adult",False,False,SIMULABLE,NOT_SIMULABLE,SIMULABLE,A_dual_confirmed,False,True,obscure,A niche thin-slicing/CEO-face-judgment finding with a near-identical replication; neither version gained broad recognition outside specialist literature.,obscure,Niche thin-slicing-of-CEO-faces finding; too specific and minor to have entered common lore either way.,False,,calibrated compressed prompt (finish pass),obscure,review_admitted,False
630,10.1126/science.1199327,"Karpicke, J. D., & Blunt, J. R. (2011). Retrieval Practice Produces More Learning than Elaborative Studying with Concept Mapping. Science, 331(6018), 772–775. https://doi.org/10.1126/science.1199327",Retrieval practice produces more learning than elaborative studying with concept mapping,Cognitive Psychology,cognitive,40.0,0.6,49.0,0.384,0.2159999999999999,mid,"Social Science Replication Project, Science, Nature, Human Behavior",False,False,SIMULABLE,SIMULABLE,NOT_SIMULABLE,excluded,False,False,original_dominates,"Retrieval practice's learning benefit is a well-established, widely taught effect; this specific replication attempt remains obscure outside meta-science circles.",original_dominates,The testing effect is widely taught as robust; this specific replication's weaker effect size isn't part of common discourse.,False,round2 veto: NOT_SIMULABLE/INSUFFICIENT,calibrated compressed prompt (finish pass),original_dominates,excluded,False
1348,10.1016/j.nlm.2017.09.009,"Kotchoubey, B., & Pavlov, Y. G. (2017). Name conditioning in event-related brain potentials. Neurobiology of Learning and Memory, 145, 129–134. https://doi.org/10.1016/j.nlm.2017.09.009","After extended acquisition, CS+ elicited more positive P3b and LTW amplitudes than CS−",Social Psychology,social,25.0,0.5,48.0,0.1,0.4,high,"ERP, classical conditioning, P3b, LTW, name conditioning",False,False,NOT_SIMULABLE,NOT_SIMULABLE,,unresolved_uncalibrated_reject,False,False,n/a (not simulable),,n/a (not simulable),,False,calibrated: DV not text-simulable,calibrated compressed prompt (finish pass),n/a,excluded,False
617,10.1257/aer.102.5.2018,"Kessler, J. B., & Roth, A. E. (2012). Organ Allocation Policy and the Decision to Donate. American Economic Review, 102(5), 2018–2047. https://doi.org/10.1257/aer.102.5.2018",An organ allocation policy giving priority on waiting lists to those who previously registered as donors has a significant positive impact on registration.,Economics,jdm,288.0,0.4111294589429536,48.0,0.34,0.0711294589429536,mid,"organ donation, decision making, organ allocation",False,False,NOT_SIMULABLE,NOT_SIMULABLE,,unresolved_uncalibrated_reject,False,False,n/a (not simulable),,n/a (not simulable),,False,calibrated: DV not text-simulable,calibrated compressed prompt (finish pass),n/a,excluded,False
941,10.1111/j.1467-9280.2008.02066.x,"Dessalegn, B., & Landau, B. (2008). More Than Meets the Eye. Psychological Science, 19(2), 189–195. https://doi.org/10.1111/j.1467-9280.2008.02066.x","More than meets the eye: the role of language in binding and maintaining feature conjunctions.; table: directional language (e.g., to the left) helps children bind color and shape information to a greater extent than relational language alone ( e.g., next to)",Cognitive Psychology,cognitive,36.0,0.3793532811354438,47.0,0.2333729524753241,0.1459803286601196,mid,"Child, Preschool, Cognition, Cues, Female, Humans, Language, Male, color-location conjunctions, language-vision interactions",False,False,NOT_SIMULABLE,SIMULABLE,,unresolved_uncalibrated_reject,True,True,obscure,This narrow developmental-psycholinguistics finding lacks broad citation or public awareness; neither the original nor its weaker replication has notable currency.,obscure,Niche developmental-psycholinguistics finding with modest sample sizes; too specialized to have entered common researcher knowledge either way.,False,,calibrated compressed prompt (finish pass),obscure,confirmed,False
473,10.1177/0956797616674999,"Brown-Iannuzzi, J. L., Dotsch, R., Cooley, E., & Payne, B. K. (2016). The Relationship Between Mental Representations of Welfare Recipients and Attitudes Toward Welfare. Psychological Science, 28(1), 92–103. https://doi.org/10.1177/0956797616674999",Framing the policy differently does not significantly affect support for basic income policies,Social Psychology,social,234.0,0.5099019513592785,43.0,0.2886829560827336,0.2212189952765449,mid,"Stereotyped attitudes, socioeconomic status, social cognition, open data, open materials",False,False,SIMULABLE,NOT_SIMULABLE,SIMULABLE,A_dual_confirmed,False,True,obscure,This is a narrow framing-effect study on basic income support with no broad citation or public visibility beyond specialty literature.,obscure,A niche framing-effect null result on basic income support is too specific and low-profile for either narrative to have taken hold.,False,,calibrated compressed prompt (finish pass),obscure,review_admitted,False
954,10.1111/j.1467-9280.2008.02053.x,"Hajcak, G., & Foti, D. (2008). Errors Are Aversive. Psychological Science, 19(2), 103–108. https://doi.org/10.1111/j.1467-9280.2008.02053.x",The magnitude of the startle response following an error is correlated to the amplitude of the Error-Related Negativity (ERN),Social Psychology,social,31.0,-0.38,43.0,-0.25,0.13,mid,"Affect, Defense Mechanisms, Female, Humans, Male, Motivation, Time Factors, Verbal Behavior, Vocabulary",False,False,NOT_SIMULABLE,NOT_SIMULABLE,,unresolved_uncalibrated_reject,False,False,n/a (not simulable),,n/a (not simulable),,False,calibrated: DV not text-simulable,calibrated compressed prompt (finish pass),n/a,excluded,False
72,10.3102/0013189x13507104,"Pigott, T. D., Valentine, J. C., Polanin, J. R., Williams, R. T., & Canada, D. D. (2013). Outcome-Reporting Bias in Education Research. Educational Researcher, 42(8), 424–432. https://doi.org/10.3102/0013189x13507104",Overall odds ratio that significant and nonsignificant findings reported in special education dissertations would also be reported in corresponding journal publications,Education,other,79.0,0.2356528767513534,40.0,0.1074464230295111,0.1282064537218423,mid,"quantitative research methodology, meta-analysis, special education, publication bias, scientific publications",False,False,NOT_SIMULABLE,NOT_SIMULABLE,,unresolved_uncalibrated_reject,False,False,n/a (not simulable),,n/a (not simulable),,False,calibrated: DV not text-simulable,calibrated compressed prompt (finish pass),n/a,excluded,False
996,10.1037/0278-7393.34.1.128,"Farrell, S. (2008). Multiple roles for time in short-term memory: Evidence from serial recall of order and timing. Journal of Experimental Psychology: Learning, Memory, and Cognition, 34(1), 128–145. https://doi.org/10.1037/0278-7393.34.1.128",Instructing participants to group items induces a temporal gap between the groups both when trying to recall the timing of the items,Cognitive Psychology,cognitive,40.0,0.2873478855663454,40.0,0.1819131996109811,0.1054346859553642,mid,"Association Learning, Attention, Discrimination Learning, Humans, Memory, Short-Term, Pattern Recognition, Visual, Reading, Serial Learning, Speech Perception, Time Perception",False,False,NOT_SIMULABLE,NOT_SIMULABLE,,unresolved_uncalibrated_reject,False,False,n/a (not simulable),,n/a (not simulable),,False,calibrated: DV not text-simulable,calibrated compressed prompt (finish pass),n/a,excluded,False
462,10.1177/0956797616630964,"Störmer, V. S., & Alvarez, G. A. (2016). Attention Alters Perceived Attractiveness. Psychological Science, 27(4), 563–571. https://doi.org/10.1177/0956797616630964",The attended (cued) face tended to be judged to have higher contrast than the same face that was unattended to some degree,Cognitive Psychology,cognitive,16.0,0.5477225575051661,39.0,0.2,0.347722557505166,high,"Attention, perception, face perception, visual attention",False,False,NOT_SIMULABLE,NOT_SIMULABLE,,unresolved_uncalibrated_reject,False,False,n/a (not simulable),,n/a (not simulable),,False,calibrated: DV not text-simulable,calibrated compressed prompt (finish pass),n/a,excluded,False
583,10.1177/0956797614553009,"Ko, S. J., Sadler, M. S., & Galinsky, A. D. (2014). The Sound of Power. Psychological Science, 26(1), 3–14. https://doi.org/10.1177/0956797614553009",Conveying and detecting hierarchical rank through voice,Social Psychology,social,40.0,0.5249089041317262,39.0,0.5280506471233055,-0.0031417429915793,low,"social cognition, social perception, open data, open materials",False,False,NOT_SIMULABLE,NOT_SIMULABLE,,unresolved_uncalibrated_reject,False,False,n/a (not simulable),,n/a (not simulable),,False,calibrated: DV not text-simulable,calibrated compressed prompt (finish pass),n/a,excluded,False
642,10.1126/science.1250830,"Wilson, T. D., Reinhard, D. A., Westgate, E. C., Gilbert, D. T., Ellerbeck, N., Hahn, C., Brown, C. L., & Shaked, A. (2014). Just think: The challenges of the disengaged mind. Science, 345(6192), 75–77. https://doi.org/10.1126/science.1250830",participants typically do not enjoy spending 6 to 15 minutes in a room by themselves with nothing to do but think,Social Psychology,social,30.0,0.6623151889724818,39.0,0.594,0.0683151889724817,mid,"Social Science Replication Project, Science, Nature, Human Behavior",False,False,NOT_SIMULABLE,NOT_SIMULABLE,,unresolved_uncalibrated_reject,False,False,n/a (not simulable),,n/a (not simulable),,False,calibrated: DV not text-simulable,calibrated compressed prompt (finish pass),n/a,excluded,False
1354,10.1249/mss.0000000000000818,"WÄLCHLI, M., RUFFIEUX, J., BOURQUIN, Y., KELLER, M., & TAUBE, W. (2016). Maximizing Performance. Medicine &amp; Science in Sports &amp; Exercise, 48(4), 714–719. https://doi.org/10.1249/mss.0000000000000818","Effects of Augmented Feedback, Focus of Attention, and Monetary Reward on Vertical Jump Height",Sports Science,other,18.0,0.589915248150105,38.0,0.1224744871391589,0.4674407610109461,high,"COUNTERMOVEMENT, JUMP, MOVEMENT EFFICIENCY, INTRINSIC, EXTRINSIC, MOTIVATION",False,False,SIMULABLE,NOT_SIMULABLE,NOT_SIMULABLE,excluded,False,True,obscure,"This narrow motor-learning finding circulates only within specialty sports-science literature, with negligible broader recognition of either the original or its replication.",obscure,"Niche, low-powered motor-learning study on jump-height feedback; too specialized to have any widespread default association among researchers.",False,calibrated: DV not text-simulable,calibrated compressed prompt (finish pass),obscure,excluded,False
962,10.1111/j.1467-9280.2008.02064.x,"Nairne, J. S., Pandeirada, J. N. S., & Thompson, S. R. (2008). Adaptive Memory. Psychological Science, 19(2), 176–180. https://doi.org/10.1111/j.1467-9280.2008.02064.x",Humans show a superior memory when words were rated for survival relevance,Cognitive Psychology,cognitive,24.0,0.4472135954999579,38.0,0.4242640687119285,0.0229495267880294,low,"Adaptation, Physiological, Adaptation, Psychological, Humans, Memory [physiology], Survival, Vocabulary",False,False,NOT_SIMULABLE,NOT_SIMULABLE,,unresolved_uncalibrated_reject,False,False,n/a (not simulable),,n/a (not simulable),,False,calibrated: DV not text-simulable,calibrated compressed prompt (finish pass),n/a,excluded,False
593,10.1038/s41598-019-57204-1,"Li, Q., Joo, S. J., Yeatman, J. D., & Reinecke, K. (2020). Controlling for Participants’ Viewing Distance in Large-Scale, Psychophysical Online Experiments Using a Virtual Chinrest. Scientific Reports, 10(1). https://doi.org/10.1038/s41598-019-57204-1","Controlling for participants’ viewing distance in large-scale, psychophysical online experiments using a virtual chinrest",Cognitive Psychology,cognitive,793.0,0.5083389927652435,37.0,0.2360067399843787,0.2723322527808647,high,"viewing distance, psychophysical, online experiments, virtual chinrest",False,False,NOT_SIMULABLE,NOT_SIMULABLE,,unresolved_uncalibrated_reject,False,False,n/a (not simulable),,n/a (not simulable),,False,calibrated: DV not text-simulable,calibrated compressed prompt (finish pass),n/a,excluded,False
564,10.1038/s41598-018-30314-y,"Hart, Y., Dillon, M. R., Marantan, A., Cardenas, A. L., Spelke, E., & Mahadevan, L. (2018). The statistical shape of geometric reasoning. Scientific Reports, 8(1). https://doi.org/10.1038/s41598-018-30314-y",statistical shape of geometric reasoning,Cognitive Psychology,cognitive,100.0,0.3027866428618433,37.0,0.4684281012109005,-0.1656414583490572,low,"geometric reasoning, Eclidean, statistics, shape, planar triangles",False,False,SIMULABLE,NOT_SIMULABLE,INSUFFICIENT,excluded,False,True,obscure,"This niche, vaguely-described effect lacks the recognition or citation history needed to sustain either an original or replication-failure narrative.",obscure,"Overly specific, low-profile effect with no widely known replication narrative; unlikely to have entered common researcher discourse.",False,calibrated: DV not text-simulable,calibrated compressed prompt (finish pass),obscure,excluded,False
518,10.1177/0956797618805750,"Cao, J., Kleiman-Weiner, M., & Banaji, M. R. (2018). People Make the Same Bayesian Judgment They Criticize in Others. Psychological Science, 30(1), 20–31. https://doi.org/10.1177/0956797618805750","Participants judged the man as more likely to be the pilot than the woman,",Social Psychology,social,348.0,0.4358898943540673,36.0,0.5099019513592785,-0.0740120570052111,low,"Judgment, accuracy, fairness, social cognition, base rates, open data, open materials",False,False,NOT_SIMULABLE,SIMULABLE,,unresolved_uncalibrated_reject,True,True,obscure,"This narrow, unnamed vignette effect shows no signs of broader recognition, citation, or public debate in either direction.",obscure,"This looks like an unnamed study item from a replication database, not a widely known effect with an established cultural narrative.",False,,calibrated compressed prompt (finish pass),obscure,confirmed,False
609,10.1037/0278-7393.34.1.146,"Morris, A. L., & Still, M. L. (2008). Now you see it, now you don’t: Repetition blindness for nonwords. Journal of Experimental Psychology: Learning, Memory, and Cognition, 34(1), 146–166. https://doi.org/10.1037/0278-7393.34.1.146",repetition blindness for nonwords,Cognitive Psychology,cognitive,24.0,0.4783027718713717,35.0,0.3914438874789467,0.0868588843924249,mid,"repetition blindness, nonwords, lexical, sublexical, word recognition",False,False,NOT_SIMULABLE,NOT_SIMULABLE,,unresolved_uncalibrated_reject,False,False,n/a (not simulable),,n/a (not simulable),,False,calibrated: DV not text-simulable,calibrated compressed prompt (finish pass),n/a,excluded,False
1902,10.1098/rspb.2011.1959,"Kanai, R., Bahrami, B., Roylance, R., & Rees, G. (2011). Online social network size is reflected in human brain structure. Proceedings of the Royal Society B: Biological Sciences, 279(1732), 1327–1334. https://doi.org/10.1098/rspb.2011.1959",,Neuroscience,other,125.0,0.349,35.0,0.11,0.239,mid,social networks; brain structure; individual differences; personality; superior temporal sulcus; middle temporal gyrus,False,True,NOT_SIMULABLE,NOT_SIMULABLE,,unresolved_uncalibrated_reject,False,False,n/a (not simulable),,n/a (not simulable),,False,calibrated: DV not text-simulable,calibrated compressed prompt (finish pass),n/a,excluded,False
469,10.1515/ling.2011.016,"Tribushinina, E. (2011). Once again on norms and comparison classes. Linguistics, 49(3). https://doi.org/10.1515/ling.2011.016","Participants more frequently categorized stimuli into the ""klein"" range compared to the ""groot"" range",Social Psychology,social,20.0,0.3911406403448517,35.0,0.4112868025673891,-0.0201461622225374,low,"Relative adjectives, reference points, norm-based interpretation, scale sensitivity, real-time processing",False,False,NOT_SIMULABLE,NOT_SIMULABLE,,unresolved_uncalibrated_reject,False,False,n/a (not simulable),,n/a (not simulable),,False,calibrated: DV not text-simulable,calibrated compressed prompt (finish pass),n/a,excluded,False
230,10.1016/j.biopsycho.2018.08.007,"Zhang, X., Bachmann, P., Schilling, T. M., Naumann, E., Schächinger, H., & Larra, M. F. (2018). Emotional stress regulation: The role of relative frontal alpha asymmetry in shaping the stress response. Biological Psychology, 138, 231–239. https://doi.org/10.1016/j.biopsycho.2018.08.007","Frontal EEG asymmetry has been proposed as an index of emotional regulation, reflecting both state and trait components, and there is evidence that these factors influence the cortisol response to stress. Here, we asked whether cold pressor stress modulates frontal asymmetry and whether this is predictive of the neuroendocrine stress response.",Neuroscience,other,24.0,-0.204,32.0,0.382,-0.178,low,stress; emotion; cold pressor test; feet; cortisol; EEG; cardiovascular,False,False,NOT_SIMULABLE,NOT_SIMULABLE,,unresolved_uncalibrated_reject,False,False,n/a (not simulable),,n/a (not simulable),,False,calibrated: DV not text-simulable,calibrated compressed prompt (finish pass),n/a,excluded,False
948,10.1111/j.1467-9280.2008.02043.x,"Addis, D. R., Wong, A. T., & Schacter, D. L. (2008). Age-Related Changes in the Episodic Simulation of Future Events. Psychological Science, 19(1), 33–41. https://doi.org/10.1111/j.1467-9280.2008.02043.x",Age-related changes in the episodic simulation of future events,Social Psychology,social,32.0,0.5709640969448079,32.0,0.6526867548832288,-0.0817226579384209,low,"Adult, Aged, Aging [psychology], Female, Humans, Imagination, Life Change Events, Male, Mental Recall, Middle Aged, Neuropsychological Tests, Word Association Tests",False,False,SIMULABLE,NOT_SIMULABLE,NOT_SIMULABLE,excluded,False,True,obscure,A niche cognitive-aging finding with a successful (not weaker) replication; no notable public or contested discourse exists.,obscure,A niche cognitive-aging finding with a small sample; too specialized to have entered common lore either way.,False,calibrated: DV not text-simulable,calibrated compressed prompt (finish pass),obscure,excluded,False
582,10.1177/0956797614536739,"Kiyonaga, A., & Egner, T. (2014). The Working Memory Stroop Effect: When Internal Representations Clash With External Stimuli. Psychological Science, 25(8), 1619–1629. https://doi.org/10.1177/0956797614536739",working memory Stroop effect,Cognitive Psychology,cognitive,35.0,0.8306623862918074,32.0,0.38219092202581,0.4484714642659974,high,"working memory, short-term memory, visual attention, selective attention, open materials",False,False,NOT_SIMULABLE,SIMULABLE,,unresolved_uncalibrated_reject,True,True,obscure,This niche individual-differences correlation lacks broad recognition; neither the original finding nor its replication has notable currency beyond specialists.,obscure,"This specific effect/name isn't a well-known landmark finding; too niche for either ""classic result"" or ""failed replication"" lore to dominate.",False,,calibrated compressed prompt (finish pass),obscure,confirmed,False
581,10.1037/0022-3514.77.4.785,"Kim, H., & Markus, H. R. (1999). Deviance or uniqueness, harmony or conformity? A cultural analysis. Journal of Personality and Social Psychology, 77(4), 785–800. https://doi.org/10.1037/0022-3514.77.4.785","Deviance or uniqueness, harmony or conformity?",Social Psychology,social,76.0,0.2132595826717,31.0,0.014048649981898,0.1992109326898019,mid,"deviance, uniqueness, harmony, conformity, cultural values",False,False,NOT_SIMULABLE,SIMULABLE,,unresolved_uncalibrated_reject,True,True,obscure,This narrow cultural-values effect and its weak replication both lack broad recognition outside specialist literature.,obscure,"Small, oddly-worded, non-famous cross-cultural values effect; unlikely to be widely recognized enough to have any fixed narrative.",False,,calibrated compressed prompt (finish pass),obscure,confirmed,False
481,10.1177/09567976221082637,"Romero Verdugo, P., van Lieshout, L. L. F., de Lange, F. P., & Cools, R. (2022). Choice Boosts Curiosity. Psychological Science, 34(1), 99–110. https://doi.org/10.1177/09567976221082637",Choice boosts curiosity,Cognitive Psychology,cognitive,34.0,0.245892088594169,31.0,0.055852219929574,0.190039868664595,mid,"Curiosity, choice, uncertainty, expected value, information seeking, open data, open materials, preregistered",False,False,SIMULABLE,NOT_SIMULABLE,INSUFFICIENT,excluded,False,True,obscure,"A narrow, small-sample curiosity-choice effect with little citation traction; neither the original nor its weak replication is widely known.",obscure,"A niche, small-sample curiosity-choice finding too specific to have entered common knowledge either as landmark or as failure story.",False,calibrated: DV not text-simulable,calibrated compressed prompt (finish pass),obscure,excluded,False
943,10.1037/0278-7393.34.1.65,"Mirman, D., & Magnuson, J. S. (2008). Attractor dynamics and semantic neighborhood density: Processing is slowed by near neighbors and speeded by distant neighbors. Journal of Experimental Psychology: Learning, Memory, and Cognition, 34(1), 65–79. https://doi.org/10.1037/0278-7393.34.1.65","Words with many near neighbors (e.g., chicken) were associated with an increased level of processing (i.e., categorized more slowly) compared to words with few near neighbors",Cognitive Psychology,cognitive,22.0,0.6708203932499369,30.0,0.4669047011971501,0.2039156920527868,mid,"Association Learning, Attention, Humans, Inhibition (Psychology), Orientation, Reaction Time, Reading, Semantics, neighborhood density, word recognition, attractor networks",False,False,NOT_SIMULABLE,NOT_SIMULABLE,,unresolved_uncalibrated_reject,False,False,n/a (not simulable),,n/a (not simulable),,False,calibrated: DV not text-simulable,calibrated compressed prompt (finish pass),n/a,excluded,False
1044,10.1152/japplphysiol.91324.2008,"Marcora, S. M., Staiano, W., & Manning, V. (2009). Mental fatigue impairs physical performance in humans. Journal of Applied Physiology, 106(3), 857–864. https://doi.org/10.1152/japplphysiol.91324.2008",Mental fatigue impairs physical performance in humans,Sports Science,other,16.0,0.1714243284076036,30.0,0.0638693292837021,0.1075549991239014,mid,Exercise performance; endurance; perceived exertion; motivation,False,False,NOT_SIMULABLE,NOT_SIMULABLE,,unresolved_uncalibrated_reject,False,False,n/a (not simulable),,n/a (not simulable),,False,calibrated: DV not text-simulable,calibrated compressed prompt (finish pass),n/a,excluded,False
738,10.1037/a0019689,"Elliot, A. J., Niesta Kayser, D., Greitemeyer, T., Lichtenfeld, S., Gramzow, R. H., Maier, M. A., & Liu, H. (2010). Red, rank, and romance in women viewing men. Journal of Experimental Psychology: General, 139(3), 399–417. https://doi.org/10.1037/a0019689",effect of red on sexual attraction,Social Psychology,social,33.0,0.3911406403448517,28.0,-0.114247022914439,0.2768936174304126,high,"color, red, attractiveness, status, attraction",False,False,NOT_SIMULABLE,SIMULABLE,,unresolved_uncalibrated_reject,True,True,contested,Red-romance effect is widely popularized (Elliot & Niesta) yet many failed replications keep the debate active in journals.,failure_dominates,"The ""red-romance"" effect is a textbook replication-crisis example, widely cited as failing to replicate in social priming discussions.",True,,calibrated compressed prompt (finish pass),DISAGREE,confirmed,True
201,10.1089/cyber.2015.0311,"Schroeder, P. A., Lohmann, J., Butz, M. V., & Plewnia, C. (2016). Behavioral Bias for Food Reflected in Hand Movements: A Preliminary Study with Healthy Subjects. Cyberpsychology, Behavior, and Social Networking, 19(2), 120–126. https://doi.org/10.1089/cyber.2015.0311",The effect investigates whether objects' edibility influences their positive valence ratings compared to non-edible objects. (replicated condition: low-calorie food),Cognitive Psychology,cognitive,20.0,0.15,27.0,0.4919138057920608,-0.3419138057920609,low,"Approach bias, Behavioural bias for food, Virtual reality, VR, Motion-tracking",False,False,NOT_SIMULABLE,NOT_SIMULABLE,,unresolved_uncalibrated_reject,False,False,n/a (not simulable),,n/a (not simulable),,False,calibrated: DV not text-simulable,calibrated compressed prompt (finish pass),n/a,excluded,False
1530,10.1080/02699931.2015.1059317,"Mickley Steinmetz, K. R., Knight, A. G., & Kensinger, E. A. (2015). Neutral details associated with emotional events are encoded: evidence from a cued recall paradigm. Cognition and Emotion, 30(7), 1352–1360. https://doi.org/10.1080/02699931.2015.1059317",Emotional items were more likely than neutral items to trigger recall of the associated background.,Cognitive Psychology,cognitive,45.0,0.6332456079595026,27.0,0.6648308055437865,-0.0315851975842839,low,"emotion, cued recall, memory, retrieval, scenes, narrowed-encoding",False,False,NOT_SIMULABLE,SIMULABLE,,unresolved_uncalibrated_reject,True,True,obscure,"This narrow encoding-specificity finding, especially since replication succeeded, has no notable footprint outside specialist emotion-memory literature.",obscure,Niche emotion-memory finding with negligible replication gap; too specific and minor to have entered common lore either way.,False,,calibrated compressed prompt (finish pass),obscure,confirmed,False
598,10.1177/0956797617705399,"Lloyd, E. P., Hugenberg, K., McConnell, A. R., Kunstman, J. W., & Deska, J. C. (2017). Black and White Lies: Race-Based Biases in Deception Judgments. Psychological Science, 28(8), 1125–1136. https://doi.org/10.1177/0956797617705399",Race-based biases in deception judgments,Social Psychology,social,58.0,0.4785444994926194,27.0,0.3401176805023549,0.1384268189902645,mid,"intergroup dynamics, social perception, prejudice, open data",False,False,SIMULABLE,NOT_SIMULABLE,INSUFFICIENT,excluded,False,True,obscure,This niche finding lacks broad citation or media traction; both original and replication remain known mainly within specialist intergroup-perception literature.,obscure,Too narrow and specific a finding to have entered common knowledge as either a landmark result or a notorious failed replication.,False,calibrated: DV not text-simulable,calibrated compressed prompt (finish pass),obscure,excluded,False
539,10.1177/0956797620927967,"Aryani, A., Isbilen, E. S., & Christiansen, M. H. (2020). Affective Arousal Links Sound to Meaning. Psychological Science, 31(8), 978–986. https://doi.org/10.1177/0956797620927967",Affective arousal links sound to meaning (word condition),Social Psychology,social,28.0,0.4179056082321443,25.0,0.7214033188451836,-0.3034977106130392,low,"bouba-kiki effect, arousal, emotional mediation hypothesis, language evolution, affective iconicity, open data, open materials, preregistered",False,False,SIMULABLE,NOT_SIMULABLE,SIMULABLE,A_dual_confirmed,False,True,obscure,This niche arousal-mediation variant of bouba-kiki lacks broad recognition; neither the original nor its (stronger) replication has entered general,obscure,A niche sub-mechanism study of bouba-kiki with small samples; too specialized to have formed any widespread default association.,False,,calibrated compressed prompt (finish pass),obscure,review_admitted,False
1527,10.3758/app.71.1.9,"Aguado, L., Garcia-Gutierrez, A., & Serrano-Pedraza, I. (2009). Symmetrical interaction of sex and expression in face classification tasks. Perception &amp; Psychophysics, 71(1), 9–25. https://doi.org/10.3758/app.71.1.9","Invariant facial features—for example, sex—and variant facial features—for example, emotional expressions—interact during face categorization (RTs)",Cognitive Psychology,cognitive,32.0,0.6557438524302001,24.0,0.5253570214625479,0.1303868309676521,mid,"Face categorization, sex, emotional expression, stimulus set size",False,False,NOT_SIMULABLE,NOT_SIMULABLE,,unresolved_uncalibrated_reject,False,False,n/a (not simulable),,n/a (not simulable),,False,calibrated: DV not text-simulable,calibrated compressed prompt (finish pass),n/a,excluded,False
997,10.1037/0278-7393.34.1.80,"Pacton, S., & Perruchet, P. (2008). An attention-based associative account of adjacent and nonadjacent dependency learning. Journal of Experimental Psychology: Learning, Memory, and Cognition, 34(1), 80–96. https://doi.org/10.1037/0278-7393.34.1.80",The type of dependency influence the number of correct respones,Cognitive Psychology,cognitive,24.0,0.714142842854285,24.0,0.6782329983125268,0.0359098445417581,low,"Association Learning, Attention, Field Dependence-Independence, Humans, Orientation, Pattern Recognition, Visual, Problem Solving, Reproducibility of Results",False,False,SIMULABLE,NOT_SIMULABLE,NOT_SIMULABLE,excluded,False,True,obscure,A niche field-dependence/pattern-recognition finding with a tiny sample and minimal effect-size gap has no notable presence in scientific or popular memory.,obscure,Niche field dependence-independence study with minimal effect gap; too peripheral to have any default public association.,False,calibrated: DV not text-simulable,calibrated compressed prompt (finish pass),obscure,excluded,False
361,10.1111/j.1467-9280.2008.02157.x,"Payne, J. D., Stickgold, R., Swanberg, K., & Kensinger, E. A. (2008). Sleep Preferentially Enhances Memory for Emotional Components of Scenes. Psychological Science, 19(8), 781–788. https://doi.org/10.1111/j.1467-9280.2008.02157.x",Sleep selectively preserved memory for the scene’s negative emotional objects,Cognitive Psychology,cognitive,48.0,0.4472135954999579,23.0,0.1581138830084189,0.289099712491539,high,"Arousal, Attention, Circadian Rhythm, Emotions, Humans, Pattern Recognition, Visual, Retention, Sleep, Wakefulness",False,False,NOT_SIMULABLE,NOT_SIMULABLE,,unresolved_uncalibrated_reject,False,False,n/a (not simulable),,n/a (not simulable),,False,calibrated: DV not text-simulable,calibrated compressed prompt (finish pass),n/a,excluded,False
566,10.1037/0022-3514.94.3.396,"Henderson, M. D., de Liver, Y., & Gollwitzer, P. M. (2008). The effects of an implemental mind-set on attitude strength. Journal of Personality and Social Psychology, 94(3), 396–411. https://doi.org/10.1037/0022-3514.94.3.396",effects of an implemental mind-set on attitude strength,Social Psychology,social,123.0,0.2195121951219512,23.0,-0.3040110064525099,-0.0844988113305586,low,"extremity, ambivalence, accessibility, mind-set, attitude strength",False,False,SIMULABLE,NOT_SIMULABLE,INSUFFICIENT,excluded,False,True,obscure,This narrow attitude-strength/mind-set finding lacks broad recognition; neither the original nor its replication has entered mainstream discourse.,obscure,"Niche mind-set/attitude-strength finding lacks broad recognition, so neither the original nor its replication failure is commonly known.",False,calibrated: DV not text-simulable,calibrated compressed prompt (finish pass),obscure,excluded,False
984,10.1037/0278-7393.34.3.439,"Oberauer, K. (2008). How to say no: Single- and dual-process theories of short-term recognition tested on negative probes. Journal of Experimental Psychology: Learning, Memory, and Cognition, 34(3), 439–459. https://doi.org/10.1037/0278-7393.34.3.439",Accuracy was significantly lower in long list as it is harder to reject such probes due to more memory matching episodes on the context dimension,Cognitive Psychology,cognitive,32.0,0.5567764362830022,21.0,0.4024922359499621,0.15428420033304,mid,"Adolescent, Adult, Association Learning, Attention, Color Perception, Cues, Discrimination Learning, Female, Humans, Male, Memory, Short-Term, Orientation, Reaction Time, Serial Learning",False,False,NOT_SIMULABLE,NOT_SIMULABLE,,unresolved_uncalibrated_reject,False,False,n/a (not simulable),,n/a (not simulable),,False,calibrated: DV not text-simulable,calibrated compressed prompt (finish pass),n/a,excluded,False
990,10.1037/0278-7393.34.1.50,"Reynolds, M., & Besner, D. (2008). Contextual effects on reading aloud: Evidence for pathway control. Journal of Experimental Psychology: Learning, Memory, and Cognition, 34(1), 50–64. https://doi.org/10.1037/0278-7393.34.1.50",There was no delay in response when switching between pronouncing regular words and nonwords,Cognitive Psychology,cognitive,16.0,0.161245154965971,20.0,0.1449137674618943,0.0163313875040766,low,"Attention, Humans, Phonetics, Reaction Time, Reading, Semantics, Speech, Writing",False,False,NOT_SIMULABLE,NOT_SIMULABLE,,unresolved_uncalibrated_reject,False,False,n/a (not simulable),,n/a (not simulable),,False,calibrated: DV not text-simulable,calibrated compressed prompt (finish pass),n/a,excluded,False
531,escholarship.orgucitem39d347bk,"Chopra, S., Tessler, M. H., & Goodman, N. D. (2019, July). The first crank of the cultural ratchet: Learning and transmitting concepts through language. In Proceedings of the 41st Annual Conference of the Cognitive Science Society (pp. 226–232). Cognitive Science Society.",Teacher confidence results in stronger alignment between students and teachers,Cognitive Psychology,cognitive,202.0,-0.75,20.0,-0.5293166,0.2206833999999999,mid,"Concept Learning, Cultural Ratchet, Language Transmission, Generics and Quantifiers, Boolean Concepts",False,False,SIMULABLE,NOT_SIMULABLE,SIMULABLE,A_dual_confirmed,False,True,obscure,This niche concept-learning/language-transmission finding has minimal citation footprint; neither the original claim nor its replication circulates beyond specialists.,obscure,"Narrow, specialized finding on teacher confidence/language transmission with no wide recognition, so no default association—success or failure—has taken hold.",False,,calibrated compressed prompt (finish pass),obscure,review_admitted,False
463,10.1073/pnas.1202129109,"Tamir, D. I., & Mitchell, J. P. (2012). Disclosing information about the self is intrinsically rewarding. Proceedings of the National Academy of Sciences, 109(21), 8038–8043. https://doi.org/10.1073/pnas.1202129109",Disclosing information about the self is intrinsically rewarding,Social Psychology,social,37.0,0.4852716953798207,19.0,0.0045882663801245,0.4806834289996961,high,"Self-reference, social cognition, reward, functional MRI",True,False,NOT_SIMULABLE,SIMULABLE,,A0_calibrated_mandated,True,False,original_dominates,Tamir & Mitchell's fMRI self-disclosure-reward study remains widely cited/taught; its weak replication is known mainly to specialists.,original_dominates,"Tamir & Mitchell's ""self-disclosure is intrinsically rewarding"" fMRI finding is widely cited; its weak replication is little known outside specialists.",False,,"calibrated prompt, A0 anchor-calibration test batch",original_dominates,confirmed,False
595,10.1177/0956797618788882,"Lin, C., Adolphs, R., & Alvarez, R. M. (2018). Inferring Whether Officials Are Corruptible From Looking at Their Faces. Psychological Science, 29(11), 1807–1823. https://doi.org/10.1177/0956797618788882",Inferring whether officials are corruptible from looking at their faces,Social Psychology,social,82.0,0.3793532811354438,19.0,0.2835977326951305,0.0957555484403133,mid,"face perception, corruption, social attribution, stereotyping, political psychology, open data, pen materials, preregistered",False,False,SIMULABLE,NOT_SIMULABLE,NOT_SIMULABLE,excluded,False,True,obscure,A niche face-perception/corruption finding with small samples; neither the original nor its replication has gained broad recognition.,obscure,Too niche and specific a face-perception finding to have entered general awareness as either a landmark result or a failed-replication story.,False,calibrated: DV not text-simulable,calibrated compressed prompt (finish pass),obscure,excluded,False
596,10.1177/0956797614547705,"Liverence, B. M., & Scholl, B. J. (2015). Object Persistence Enhances Spatial Navigation. Psychological Science, 26(7), 955–963. https://doi.org/10.1177/0956797614547705",Object persistence enhances spatial navigation,Cognitive Psychology,cognitive,18.0,0.5238597773942958,19.0,0.1094578916025919,0.4144018857917038,high,"object persistence, spatial navigation, spatiotemporal continuity, virtual interfaces",False,False,SIMULABLE,NOT_SIMULABLE,NOT_SIMULABLE,excluded,False,True,obscure,"This narrow, small-N HCI/cognition finding has minimal citation traction; neither the original nor its replication is widely known.",obscure,Small niche effect with narrow keyword scope; no widely known replication narrative exists among researchers.,False,calibrated: DV not text-simulable,calibrated compressed prompt (finish pass),obscure,excluded,False
442,10.1177/0956797611418350,"Sheppes, G., Scheibe, S., Suri, G., & Gross, J. J. (2011). Emotion-Regulation Choice. Psychological Science, 22(11), 1391–1396. https://doi.org/10.1177/0956797611418350","Participants chose to employ reappraisal on 76.3% of the low-intensity trials, but chose to employ distraction on 70.7% of the high-intensity trials",Psychology,psych_general,20.0,0.8426149773176358,17.0,0.9539392014169455,-0.1113242240993098,low,"Choice, emotion, emotion regulation, self-regulation, emotional control, self-control",False,False,SIMULABLE,NOT_SIMULABLE,SIMULABLE,A_dual_confirmed,False,True,obscure,"This is a narrow emotion-regulation strategy-choice finding with no notable public or scientific footprint, replication or otherwise.",obscure,"This is a niche emotion-regulation-choice finding, too specific and low-profile for either a ""classic"" or ""failed"" narrative to form.",False,,calibrated compressed prompt (finish pass),obscure,review_admitted,False
493,10.1177/0956797618779061,"Yang, F., Choi, Y.-J., Misch, A., Yang, X., & Dunham, Y. (2018). In Defense of the Commons: Young Children Negatively Evaluate and Sanction Free Riders. Psychological Science, 29(10), 1598–1611. https://doi.org/10.1177/0956797618779061",Young children negatively evaluate and sanction free riders,Social Psychology,social,32.0,0.5734623443633283,17.0,0.3047757271037837,0.2686866172595445,high,Study 2,False,False,NOT_SIMULABLE,NOT_SIMULABLE,,unresolved_uncalibrated_reject,False,False,n/a (not simulable),,n/a (not simulable),,False,calibrated: DV not text-simulable,calibrated compressed prompt (finish pass),n/a,excluded,False
977,10.1111/j.1467-9280.2008.02085.x,"Heine, S. J., Buchtel, E. E., & Norenzayan, A. (2008). What Do Cross-National Comparisons of Personality Traits Tell Us? Psychological Science, 19(4), 309–313. https://doi.org/10.1111/j.1467-9280.2008.02085.x","Conscientiousness measured by aggregated self-reports on the NEO-PI-R correlated with Postal workers’ speed, Clock accuracy, Walking speed, GDP, Longevity",Social Psychology,social,70.0,-0.43,16.0,-0.11,0.32,high,"Attitude, Cross-Cultural Comparison, Culture, Morals, Personality, Personality Inventory, Reference group effect, perceptions of national character, Fragile State Index",False,False,NOT_SIMULABLE,NOT_SIMULABLE,,unresolved_uncalibrated_reject,False,False,n/a (not simulable),,n/a (not simulable),,False,calibrated: DV not text-simulable,calibrated compressed prompt (finish pass),n/a,excluded,False
600,10.1016/j.cognition.2017.06.025,"Long, B., & Konkle, T. (2017). A familiar-size Stroop effect in the absence of basic-level recognition. Cognition, 168, 234–242. https://doi.org/10.1016/j.cognition.2017.06.025",A familiar-size Stroop effect in the absence of basic-level recognition,Cognitive Psychology,cognitive,16.0,0.4290568145682876,16.0,0.4246713185540198,0.0043854960142678,low,"object recognition, semantic access, real-world size, stroop effect",False,False,NOT_SIMULABLE,SIMULABLE,,unresolved_uncalibrated_reject,True,True,obscure,"This narrow, low-powered perception finding never gained wide traction; with essentially no replication gap, no controversy or fame developed.",obscure,"Niche perceptual-priming finding with tiny N; too specialized to have become a known ""classic"" or ""failed replication"" story.",False,,calibrated compressed prompt (finish pass),obscure,confirmed,False
993,10.1037/0278-7393.34.2.399,"Turk-Browne, N. B., Isola, P. J., Scholl, B. J., & Treat, T. A. (2008). Multidimensional visual statistical learning. Journal of Experimental Psychology: Learning, Memory, and Cognition, 34(2), 399–407. https://doi.org/10.1037/0278-7393.34.2.399",Low covariance between feature dimensions allowed VSL to operate in parallel in each of these dimensions,Cognitive Psychology,cognitive,8.0,0.4553855513906155,15.0,0.43163104199008,0.0237545094005355,low,"Association Learning, Color Perception, Discrimination Learning, Humans, Motion Perception, Orientation, Pattern Recognition, Visual, Perceptual Masking, Probability Learning, Problem Solving, Psychophysics",False,False,NOT_SIMULABLE,NOT_SIMULABLE,,unresolved_uncalibrated_reject,False,False,n/a (not simulable),,n/a (not simulable),,False,calibrated: DV not text-simulable,calibrated compressed prompt (finish pass),n/a,excluded,False
515,10.1177/0956797615617779,"Zhao, M., Bülthoff, H. H., & Bülthoff, I. (2015). Beyond Faces and Expertise. Psychological Science, 27(2), 213–222. https://doi.org/10.1177/0956797615617779",The interaction between congruency and alignment is significant across line task,Cognitive Psychology,cognitive,22.0,0.7211102550927979,14.0,0.8366600265340756,-0.1155497714412776,low,"Holistic processing, composite-face effect, expertise, face perception, Gestalt",False,False,SIMULABLE,NOT_SIMULABLE,SIMULABLE,A_dual_confirmed,False,True,obscure,A narrow composite-face-task statistical detail like this has no broad recognition beyond specialist holistic-processing literature.,obscure,"This is a narrow, technical composite-task statistical detail, too peripheral to carry any widely-known default association or replication narrative.",False,,calibrated compressed prompt (finish pass),obscure,review_admitted,False
468,10.1177/0956797615624492,"Todd, A. R., Thiem, K. C., & Neel, R. (2016). Does Seeing Faces of Young Black Boys Facilitate the Identification of Threatening Stimuli? Psychological Science, 27(3), 384–393. https://doi.org/10.1177/0956797615624492",Participants misidentified safe words as threatening more often after Black primes than after White primes,Social Psychology,social,62.0,0.5916079783099616,14.0,0.0455927625835504,0.5460152157264111,high,"Age, process dissociation, stereotyping, threat, weapon identification task",False,False,NOT_SIMULABLE,NOT_SIMULABLE,,unresolved_uncalibrated_reject,False,False,n/a (not simulable),,n/a (not simulable),,False,calibrated: DV not text-simulable,calibrated compressed prompt (finish pass),n/a,excluded,False
480,10.1111/cogs.12605,"Vasilyeva, N., Blanchard, T., & Lombrozo, T. (2018). Stable Causal Relationships Are Better Causal Relationships. Cognitive Science, 42(4), 1265–1296. Portico. https://doi.org/10.1111/cogs.12605",Participants were significantly less likely to agree with claims about causal and explanatory relationships when a relationship was moderated,Cognitive Psychology,cognitive,182.0,0.6913754406977441,13.0,0.6337707509303514,0.0576046897673927,mid,"Stability, Robustness, Invariance, Sensitivity, Causality, Explanation, Background conditions, Moderating variables",False,False,NOT_SIMULABLE,NOT_SIMULABLE,,unresolved_uncalibrated_reject,False,False,n/a (not simulable),,n/a (not simulable),,False,calibrated: DV not text-simulable,calibrated compressed prompt (finish pass),n/a,excluded,False
332,10.1177/0956797619879441,"Ngo, C. T., Horner, A. J., Newcombe, N. S., & Olson, I. R. (2019). Development of Holistic Episodic Recollection. Psychological Science, 30(12), 1696–1706. https://doi.org/10.1177/0956797619879441",Development of holistic episodic recollection,Cognitive Psychology,cognitive,31.0,0.5508422083307387,12.0,0.0747899482416342,0.4760522600891045,high,"holistic recollection, memory development, pattern completion, episodic memory, open data, open materials",False,False,NOT_SIMULABLE,NOT_SIMULABLE,,unresolved_uncalibrated_reject,False,False,n/a (not simulable),,n/a (not simulable),,False,calibrated: DV not text-simulable,calibrated compressed prompt (finish pass),n/a,excluded,False
348,10.1073/pnas.1523698113,"Okonofua, J. A., Paunesku, D., & Walton, G. M. (2016). Brief intervention to encourage empathic discipline cuts suspension rates in half among adolescents. Proceedings of the National Academy of Sciences, 113(19), 5221–5226. https://doi.org/10.1073/pnas.1523698113",Brief intervention to encourage empathic discipline cuts suspension rates in half among adolescents,Social Psychology,social,300.0,0.7708257354521129,12.0,0.3816434300512181,0.3891823054008947,high,"Teacher–student relationships, empathy, respect, school suspensions, discipline",False,False,SIMULABLE,NOT_SIMULABLE,NOT_SIMULABLE,excluded,False,True,original_dominates,The empathic-discipline intervention is still widely cited/taught in education psychology; the tiny weak replication remains largely unknown.,obscure,Niche empathic-discipline intervention studies are too specialized to have formed a widely shared default association among researchers.,True,calibrated: DV not text-simulable,calibrated compressed prompt (finish pass),DISAGREE,excluded,True
520,10.1177/0956797615569889,"Catarino, A., Küpper, C. S., Werner-Seidler, A., Dalgleish, T., & Anderson, M. C. (2015). Failing to Forget. Psychological Science, 26(5), 604–616. https://doi.org/10.1177/0956797615569889",Condition significantly interacts with the group,Cognitive Psychology,cognitive,18.0,0.8312640976248162,11.0,0.1084763323558977,0.7227877652689184,high,"Memory suppression, forgetting, trauma, PTSD, inhibitory control, thought control",False,False,NOT_SIMULABLE,NOT_SIMULABLE,,unresolved_uncalibrated_reject,False,False,n/a (not simulable),,n/a (not simulable),,False,calibrated: DV not text-simulable,calibrated compressed prompt (finish pass),n/a,excluded,False
430,10.1037/a0029649,"Brady, T. F., Konkle, T., Alvarez, G. A., & Oliva, A. (2013). Real-world objects are not represented as bound units: Independent forgetting of different object details from visual memory. Journal of Experimental Psychology: General, 142(3), 791–808. https://doi.org/10.1037/a0029649",Dependence of exemplar on state is significantly reduced compared to short-delay conditions,Cognitive Psychology,cognitive,28.0,0.3633452764916439,6.0,-0.1386478445344062,0.2246974319572377,mid,"Binding, visual working memory, visual long-term memory, object-based attention",False,False,NOT_SIMULABLE,NOT_SIMULABLE,,unresolved_uncalibrated_reject,False,False,n/a (not simulable),,n/a (not simulable),,False,calibrated: DV not text-simulable,calibrated compressed prompt (finish pass),n/a,excluded,False
1653,10.1080/10584609.1994.9963030,"Roberts, M., & Mccombs, M. (1994). Agenda setting and political advertising: Origins of the news agenda. Political Communication, 11(3), 249–262. https://doi.org/10.1080/10584609.1994.9963030",The agenda of television advertising contributes to setting the television news agenda,Communication Science,other,12.0,0.524,6.0,0.469,0.055,mid,"1990 Texas gubernatorial campaign, agenda setting, content analysis, intermedia agenda setting, issue convergence, newspaper coverage, political advertising, television coverage",False,False,SIMULABLE,NOT_SIMULABLE,NOT_SIMULABLE,excluded,False,True,obscure,A niche 1990 Texas campaign case study; neither the original intermedia agenda-setting finding nor any replication is widely known.,obscure,"This is a niche intermedia-agenda-setting study lacking wide recognition, so neither the finding nor its replication status is a common default association.",False,calibrated: DV not text-simulable,calibrated compressed prompt (finish pass),obscure,excluded,False
966,10.1111/j.1467-9280.2008.02050.x,"Demany, L., Trost, W., Serman, M., & Semal, C. (2008). Auditory Change Detection: Simple Sounds Are Not Memorized Better Than Complex Sounds. Psychological Science, 19(1), 85–91. https://doi.org/10.1111/j.1467-9280.2008.02050.x","Mechanisms of change detection are dissimilar in vision and audition; specifically, auditory memory makes change detection easier in audition than in vision",Cognitive Psychology,cognitive,4.0,0.8602325267042626,5.0,0.8717797887081347,-0.011547262003872,low,"Attention, Humans, Judgment, Mental Recall, Music, Pitch Perception, Psychoacoustics, Reaction Time, Sound Spectrography, change detection, change perception",False,False,NOT_SIMULABLE,NOT_SIMULABLE,,unresolved_uncalibrated_reject,False,False,n/a (not simulable),,n/a (not simulable),,False,calibrated: DV not text-simulable,calibrated compressed prompt (finish pass),n/a,excluded,False
245,10.1007/s40732-020-00453-8,"Falligant, J. M., & Rooker, G. W. (2021). Further Analysis of the Response Deprivation Hypothesis: Application of the Disequilibrium Model to Novel Clinical Contexts. The Psychological Record, 71(2), 307–311. https://doi.org/10.1007/s40732-020-00453-8",Relationship between predicted and actual instrumental activity (original condition: Drew),Cognitive Psychology,cognitive,2.0,0.8944271909999159,1.0,0.9219544457292888,-0.0275272547293728,low,"Anxiety, threat, bias, attention, avoidance, contingent activity, disequilibrium theory, instrumental activity",False,False,SIMULABLE,SIMULABLE,NOT_SIMULABLE,excluded,False,False,obscure,Tiny-N (N=2/N=1) niche finding with no meaningful citation footprint or public awareness in either direction.,obscure,"Tiny N, niche paradigm and vague framing indicate this effect never entered general awareness among researchers.",False,round2 veto: NOT_SIMULABLE/INSUFFICIENT,calibrated compressed prompt (finish pass),obscure,excluded,False
